date_time,check1.5,flag_tot,flag1.3,flag1.5,flag1.6,flag1.7,flag2.1,flag2.3,flag2.6,flag4.1,flag4.2,flag5.1,flag6.1,humid_rel_max,humid_rel_min,rad_solar_max,rad_solar_sd,rad_uv_max,rad_uv_sd,rad_uv_tot,rain_tot,temp_air_max,temp_air_min,temp_ground_avg,temp_ground_min,wind_dir,wind_dir_sd,wind_speed,wind_speed_max
"2018-11-07",NA,0,0,NA,0,0,0,0,0,0,0,0,0,89.6,52.24,753,169.1,28.33,7.591,0.153,0,23.24,15.31,18.24,15.02,173.7,36.81,1.837,7.175
"2018-11-08",NA,0,0,NA,0,0,0,0,0,0,0,0,0,97.1,36.66,1284,421.3,59.9,19.76,1.397,0,26.01,12.5,19.01,12.47,157.8,48.07,1.349,5.675
"2018-11-09",NA,0,0,NA,0,0,0,0,0,0,0,0,0,99.5,47.81,1624,302.7,68.33,14.49,1.038,0,25.8,11.17,19.42,11.49,47.67,47.26,0.928,5.075
"2018-11-10",NA,0,0,NA,0,0,0,0,0,0,0,0,0,95.7,47.83,1411,397.1,63.25,18.59,1.286,0,26.73,14.78,21.2,14.17,21.03,54.58,1.428,6.875
"2018-11-11",NA,0,0,NA,0,0,0,0,0,0,0,0,0,99.5,58.57,1365,306.9,57.87,14.33,1.05,0,26.67,13.24,20.87,13.13,21.22,38.15,1.293,5.9
"2018-11-12",NA,0,0,NA,0,0,0,0,0,0,0,0,0,98.3,50.71,1305,418.6,60.4,19.61,1.361,0,27.74,15.9,22.14,14.82,22.36,36.61,1.584,7.475
"2018-11-13",NA,0,0,NA,0,0,0,0,0,0,0,0,0,95.1,53.37,1372,260.8,57.16,12.4,0.852,0,26.51,16.4,22.22,15.91,5.565,34.8,1.89,7.55
"2018-11-14",NA,0,0,NA,0,0,0,0,0,0,0,0,0,98.8,46.73,1463,295.1,63.66,14.37,0.951,0,28.67,15.55,21.81,14.94,354.2,35.76,1.222,5.45
"2018-11-15",NA,0,0,NA,0,0,0,0,0,0,0,0,0,100,58.2,1470,337.5,63.36,15.15,1.017,0,28.62,16.36,22.72,15.38,356.8,42.92,1.553,6.95
"2018-11-16",NA,0,0,NA,0,0,0,0,0,0,0,0,0,100,59.33,1402,366.7,60.4,17.08,1.127,0,30.47,18.21,24.74,17.48,15.23,31.66,1.869,6.8
"2018-11-17",NA,0,0,NA,0,0,0,0,0,0,0,0,0,99.6,50.38,1281,335.5,51.87,15.09,1.083,0,32.44,20.6,25.64,20.04,89.1,85.9,1.988,8.68
"2018-11-18",NA,0,0,NA,0,0,0,0,0,0,0,0,0,94.2,54.22,1340,307,57.46,14.88,0.972,0,28.12,19.27,23.48,18.99,156.4,42.31,1.553,5.975
"2018-11-19",NA,0,0,NA,0,0,0,0,0,0,0,0,0,99.5,60.27,1300,189.7,56.15,9.72,0.666,1.524,25.65,18.79,21.88,19.05,43.9,66,1.304,7.25
"2018-11-20",NA,0,0,NA,0,0,0,0,0,0,0,0,0,92.9,47.03,1206,385.6,53.7,17.96,1.213,0,33.92,20.39,26.27,20.24,355.6,45.43,2.641,8
"2018-11-21",NA,0,0,NA,0,0,0,0,0,0,0,0,0,95.2,44.15,1233,342.2,53.9,16.62,0.932,0.508,31.04,17.78,23.76,17.72,161,42.52,1.864,7.625
"2018-11-22",NA,0,0,NA,0,0,0,0,0,0,0,0,0,95.6,45.77,1373,429.4,66.19,20.54,1.473,0.254,27.6,18.14,23.19,17.8,156.7,42.35,1.936,6.65
"2018-11-23",NA,0,0,NA,0,0,0,0,0,0,0,0,0,93.4,59.16,1515,269.6,64.98,13.39,0.871,0,26.64,18.37,22.33,18.46,123.4,63.12,1.153,4.7
"2018-11-24",NA,0,0,NA,0,0,0,0,0,0,0,0,0,91.3,56.04,1278,304.5,56.15,14.63,0.989,0,28.8,19.52,24.39,19.48,2.923,29.21,2.194,7.775
"2018-11-25",NA,0,0,NA,0,0,0,0,0,0,0,0,0,96.4,59.37,1164,392.7,53.4,18.7,1.217,0,31.49,21.39,26.33,20.75,11.39,31.47,2.592,7.85
"2018-11-26",NA,0,0,NA,0,0,0,0,0,0,0,0,0,99.2,48.61,1100,402.6,53.8,19.25,1.324,0,33.96,20.58,27.57,19.9,10.03,42.24,2.036,6.875
"2018-11-27",NA,0,0,NA,0,0,0,0,0,0,0,0,0,99.7,52.48,1234,391.3,51.77,18.74,1.214,0.254,34.6,21.55,27.75,21.47,4.304,29.25,1.999,7.1
"2018-11-28",NA,0,0,NA,0,0,0,0,0,0,0,0,0,98.8,62.2,1432,205.8,66.4,11.29,0.661,2.032,26.8,16.74,21.81,16.89,165.5,44.94,2.256,8.6
"2018-11-29",NA,0,0,NA,0,0,0,0,0,0,0,0,0,96.4,55.12,1526,263.7,68.94,13.16,0.86,0.508,24.91,14.03,20.03,13.02,157.1,40.62,1.482,6.125
"2018-11-30",NA,0,0,NA,0,0,0,0,0,0,0,0,0,92.5,49.62,1478,402.7,66.3,18.78,1.349,0,27.07,13.15,22.03,12.28,41,63.16,1.821,7.85
"2018-12-01",NA,0,0,NA,0,0,0,0,0,0,0,0,0,99.9,41.34,1238,383.5,57.15,18.15,1.296,6.858,29.44,15.4,23.58,14.85,0.388,50.95,2.84,9.35
"2018-12-02",NA,0,0,NA,0,0,0,0,0,0,0,0,0,98.5,61.64,1397,343.9,58.17,15.39,1.091,0.508,28.38,20.69,24.71,20.7,26.15,49.03,1.792,7.25
"2018-12-03",NA,0,0,NA,0,0,0,0,0,0,0,0,0,99.6,49.95,1087,415.9,52.79,19.14,1.352,0.254,30.62,20.37,26.18,20.32,22.35,29.11,1.989,7.55
"2018-12-04",NA,0,0,NA,0,0,0,0,0,0,0,0,0,98.3,77.02,1266,170.2,54.73,9.31,0.606,3.048,27.39,19.62,24.13,19.8,72.43,60.23,1.429,8.6
"2018-12-05",NA,0,0,NA,0,0,0,0,0,0,0,0,0,99.1,67.27,1456,306.2,60.91,14.25,0.965,0,31.08,22.77,26.55,22.46,137,42.11,1.124,5.525
"2018-12-06",NA,0,0,NA,0,0,0,0,0,0,0,0,0,95.6,65.04,1351,360.6,60,17.18,1.025,0,31,22.56,26.66,22.47,35.42,83.1,2.055,7.475
"2018-12-07",NA,0,0,NA,0,0,0,0,0,0,0,0,0,97.5,53.82,1211,365.9,56.54,17.7,1.151,0,33.68,24.13,27.85,23.91,7.739,29.93,2.64,7.325
"2018-12-08",NA,0,0,NA,0,0,0,0,0,0,0,0,0,99.3,64.13,1392,383.7,58.68,18.46,1.066,75.18,30.19,20.75,25.38,20.76,80.4,59.66,1.66,8.68
"2018-12-09",NA,0,0,NA,0,0,0,0,0,0,0,0,0,100,67.74,1475,304.1,67.21,15.57,1.055,11.94,28.48,19.04,23.88,19.06,156.6,39.92,1.453,5.9
"2018-12-10",NA,0,0,NA,0,0,0,0,0,0,0,0,0,100,92.5,505,86.8,28.44,5.537,0.389,25.65,20.86,18.21,19.57,18.18,182.4,38.3,2.002,6.5
"2018-12-11",NA,0,0,NA,0,0,0,0,0,0,0,0,0,100,59.55,1591,339.4,70.67,16.29,1.087,2.286,27.05,16.17,21.14,16.34,163.4,42.23,1.252,5.6
"2018-12-12",NA,0,0,NA,0,0,0,0,0,0,0,0,0,99.5,48,1234,434.2,58.68,21,1.547,0,29.34,14.98,23.58,15.05,18.39,55.45,1.36,6.5
"2018-12-13",NA,0,0,NA,0,0,0,0,0,0,0,0,0,99.6,63.44,1397,324.5,59.69,15.85,1.17,0,29.43,18.44,24.92,18.44,145.2,42.19,0.955,4.85
"2018-12-14",NA,0,0,NA,0,0,0,0,0,0,0,0,0,96.2,61.15,1289,334.4,60.61,16.06,1.014,0,30.19,22.55,26.14,22.62,50.37,28.44,1.124,5.825
"2018-12-15",NA,0,0,NA,0,0,0,0,0,0,0,0,0,96.5,62.21,1394,388,61.62,18.37,1.224,0,30.82,22.48,26.42,22.52,16.89,44.94,2.024,7.625
"2018-12-16",NA,0,0,NA,0,0,0,0,0,0,0,0,0,98.3,55.36,1510,383.6,68.23,18.6,1.206,0,31.41,21.05,26.7,20.48,30.87,30.35,1.561,5.9
"2018-12-17",NA,0,0,NA,0,0,0,0,0,0,0,0,0,100,50.53,1126,408.8,54.21,20.01,1.413,0,33.97,20.18,26.86,19.74,3.315,38.59,2.111,7.7
"2018-12-18",NA,0,0,NA,0,0,0,0,0,0,0,0,0,95,47.58,1086,419,53.8,20.34,1.482,0,36.2,23.71,29.09,23.4,359.9,38.73,2.121,6.65
"2018-12-19",NA,0,0,NA,0,0,0,0,0,0,0,0,0,94.9,48.71,1240,407.1,56.85,19.7,1.41,1.27,36.07,22.83,29.33,22.38,72.14,78.56,1.746,5.9
"2018-12-20",NA,0,0,NA,0,0,0,0,0,0,0,0,0,99.6,68.86,1091,168.8,48.33,8.94,0.583,18.29,28,21.39,24.13,21.49,152.9,42.81,1.176,5.525
"2018-12-21",NA,0,0,NA,0,0,0,0,0,0,0,0,0,99.2,64.61,1384,218.1,56.45,11.53,0.782,0.762,27.39,20.93,24.07,21.17,112.9,57.97,1.109,4.775
"2018-12-22",NA,0,0,NA,0,0,0,0,0,0,0,0,0,93.6,60.05,1421,328.9,62.33,16.59,0.977,0,28.93,21.67,25.18,21.79,21.31,33.9,1.728,6.8
"2018-12-23",NA,0,0,NA,0,0,0,0,0,0,0,0,0,91.6,66.55,1000,144.7,50.26,8.42,0.547,0,27.44,21.73,24.63,21.64,38.44,26.01,1.486,5.225
"2018-12-24",NA,0,0,NA,0,0,0,0,0,0,0,0,0,92.7,66.15,1450,299.7,63.36,14.76,0.959,0,29.61,21.86,25.54,21.6,15.92,31.27,1.643,6.575
"2018-12-25",NA,0,0,NA,0,0,0,0,0,0,0,0,0,89.6,55.52,1366,374.2,62.23,18.43,1.217,0,32.08,24.17,27.5,23.97,10.77,31.79,2.268,6.725
"2018-12-26",NA,0,0,NA,0,0,0,0,0,0,0,0,0,97.4,64.73,1401,352.4,59.08,16.92,1.14,0,32.19,24.95,28.63,24.78,31.61,28.63,1.736,5.975
"2018-12-27",NA,0,0,NA,0,0,0,0,0,0,0,0,0,96.9,69.87,1329,339,58.88,16.8,1.138,0,32.53,25.36,28.52,25.05,14.12,34.41,2.521,8.75
"2018-12-28",NA,0,0,NA,0,0,0,0,0,0,0,0,0,98.2,67.3,1550,162.2,69.65,9.36,0.582,1.524,27.17,19.56,23.43,19.7,167.6,43.12,2.023,8.37
"2018-12-29",NA,0,0,NA,0,0,0,0,0,0,0,0,0,100,61.94,1302,254.1,57.26,13.57,0.893,2.794,27.45,19.03,23.16,19.2,83.5,84.7,1.248,4.7
"2018-12-30",NA,0,0,NA,0,0,0,0,0,0,0,0,0,96.7,50.43,1187,349.3,53.8,17.3,1.126,0,31.28,19.54,25.53,19.78,15.72,35.53,1.477,7.925
"2018-12-31",NA,0,0,NA,0,0,0,0,0,0,0,0,0,95.4,54.88,1280,285.5,58.27,14.54,0.979,0,31.25,23.4,27.23,23.3,27.8,31.64,1.559,6.275
"2019-01-01",NA,0,0,NA,0,0,0,0,0,0,0,0,0,93.9,64.14,830,194.9,41.52,11.01,0.776,0,30.83,23.81,26.82,23.55,1.537,30.95,1.506,5.3
"2019-01-02",NA,0,0,NA,0,0,0,0,0,0,0,0,0,97.1,56.17,1410,317.5,61.32,15.58,1.131,0,32.43,22.69,27.47,22.42,146,62.01,1.716,7.175
"2019-01-03",NA,0,0,NA,0,0,0,0,0,0,0,0,0,94.3,65.93,921,189.8,42.54,10.85,0.727,0.254,26.52,20.8,24.18,20.9,141.6,40.2,1.456,6.425
"2019-01-04",NA,0,0,NA,0,0,0,0,0,0,0,0,0,97.2,63.39,1491,303.7,67.82,15.15,1.049,0,29.08,20.31,25.53,20.67,11.86,37.53,1.52,6.2
"2019-01-05",NA,0,0,NA,0,0,0,0,0,0,0,0,0,99.8,62.86,1467,305.2,65.18,15.24,0.854,37.34,32.52,20.6,25.82,20.75,8.09,76.13,1.97,7.775
"2019-01-06",NA,0,0,NA,0,0,0,0,0,0,0,0,0,96.4,56.31,1218,425.7,57.86,21.21,1.495,0,29.58,20.54,25.42,20.15,163.4,43.53,1.533,6.8
"2019-01-07",NA,0,0,NA,0,0,0,0,0,0,0,0,0,98.5,51.5,1520,397.6,69.03,19.46,1.411,0,29.34,18.9,25.05,19.64,144.5,53.21,1.134,6.65
"2019-01-08",NA,0,0,NA,0,0,0,0,0,0,0,0,0,98.3,60.96,1102,222.7,50.16,11.59,0.768,0,28.82,18.39,24.66,19.2,18.81,28.74,0.916,5.6
"2019-01-09",NA,0,0,NA,0,0,0,0,0,0,0,0,0,97.7,58.95,1464,392,66.59,19.59,1.323,0,30.55,20.78,26.76,21.07,88.5,39.12,1.122,5.9
"2019-01-10",NA,0,0,NA,0,0,0,0,0,0,0,0,0,98.8,57.12,1410,233.6,62.03,11.93,0.901,0,33.38,21.23,27.86,21.49,350.1,47.81,1.479,6.2
"2019-01-11",NA,0,0,NA,0,0,0,0,0,0,0,0,0,97.5,64.6,1416,317.1,61.01,15.49,0.972,0,31.01,23.5,28.07,23.55,88.2,79.75,1.609,5.375
"2019-01-12",NA,0,0,NA,0,0,0,0,0,0,0,0,0,97.4,42.28,1143,413,52.99,19.82,1.425,0,38.35,24,29.56,24.1,173.8,98.2,2.3,7.4
"2019-01-13",NA,0,0,NA,0,0,0,0,0,0,0,0,0,96.5,51.96,1066,408.8,53.6,19.98,1.444,0,33.84,21.6,29.3,21.66,8.38,80.3,1.696,6.875
"2019-01-14",NA,0,0,NA,0,0,0,0,0,0,0,0,0,100,67.98,1282,237,57.77,12.26,0.745,3.556,31.22,23.13,26.79,23.1,153.4,47.37,1.095,4.55
"2019-01-15",NA,0,0,NA,0,0,0,0,0,0,0,0,0,100,65.65,1179,355.5,60.71,18.44,1.246,0,32.3,22.7,29.17,23.07,81.7,33.32,1.191,5.75
"2019-01-16",NA,0,0,NA,0,0,0,0,0,0,0,0,0,100,84.2,1328,168.4,63.56,9.77,0.617,25.15,26.91,22.83,24.72,22.95,178.2,38.78,1.443,6.35
"2019-01-17",NA,0,0,NA,0,0,0,0,0,0,0,0,0,100,66.2,1467,387,65.89,19.14,1.253,7.874,31.25,22.67,27.46,22.88,135.5,56.63,1.182,5.75
"2019-01-18",NA,0,0,NA,0,0,0,0,0,0,0,0,0,100,60.45,1420,413.6,65.78,20.17,1.436,1.778,32.38,23.36,28.42,23.79,31.6,35.8,1.365,6.425
"2019-01-19",NA,0,0,NA,0,0,0,0,0,0,0,0,0,100,72.7,1464,242.4,63.36,11.58,0.717,1.524,28.92,20.36,24.28,20.28,166,41.93,1.824,7.625
"2019-01-20",NA,0,0,NA,0,0,0,0,0,0,0,0,0,82.8,45.22,1474,413.3,65.79,18.99,1.285,0.254,27.62,20.34,24,20.13,150.2,43.02,2.491,9.05
"2019-01-21",NA,0,0,NA,0,0,0,0,0,0,0,0,0,96,41.64,1322,425.1,58.89,19.61,1.41,0,28.56,16.64,22.79,16.17,134.9,63.06,1.334,5.525
"2019-01-22",NA,0,0,NA,0,0,0,0,0,0,0,0,0,95.8,44.35,1283,429.6,59.69,20.04,1.442,0,32.37,16,25.05,15.74,0.985,59.81,1.484,7.175
"2019-01-23",NA,0,0,NA,0,0,0,0,0,0,0,0,0,97.3,45.45,1381,431.8,60.2,20.22,1.404,0,31.04,20.68,26.44,19.57,87.1,33.98,1.244,5.75
"2019-01-24",NA,0,0,NA,0,0,0,0,0,0,0,0,0,99.8,45.95,1509,381.2,67.71,18.57,1.207,0,31.53,21.43,26.02,20.92,170,42.09,1.504,5.75
"2019-01-25",NA,0,0,NA,0,0,0,0,0,0,0,0,0,98.9,65.86,1485,277.1,66.1,14.18,0.966,6.858,28.81,20.7,24.4,20.55,155.3,57.98,1.3,4.925
"2019-01-26",NA,0,0,NA,0,0,0,0,0,0,0,0,0,99.4,85.8,1305,148.6,56.25,8.47,0.527,5.842,25.5,20.2,22.19,20.22,170.1,41.05,0.822,4.625
"2019-01-27",NA,0,0,NA,0,0,0,0,0,0,0,0,0,99.5,62.5,737.6,157.4,37.26,8.97,0.617,2.032,25.52,19.27,22.28,19.34,146.3,55.28,0.803,3.5
"2019-01-28",NA,0,0,NA,0,0,0,0,0,0,0,0,0,98.1,66.39,616.1,131.1,30.87,7.543,0.536,1.27,25.36,19.54,22.51,19.42,57.96,57.41,0.538,4.625
"2019-01-29",NA,0,0,NA,0,0,0,0,0,0,0,0,0,98.4,56.92,1449,407.4,68.23,19.46,1.367,0,30.42,17.33,24.7,17.13,18.46,37.13,1.593,6.65
"2019-01-30",NA,0,0,NA,0,0,0,0,0,0,0,0,0,95.9,52.64,1515,327.7,64.37,15.85,0.964,0,30.42,21.47,25.43,21.6,10.15,36.22,1.176,6.2
"2019-01-31",NA,0,0,NA,0,0,0,0,0,0,0,0,0,95.5,51.06,1335,401.8,60.6,19.34,1.317,0,32.15,21.4,26.84,20.89,28.36,33.01,1.367,7.025
"2019-02-01",NA,0,0,NA,0,0,0,0,0,0,0,0,0,99.4,63.66,1424,392.9,65.89,19.25,1.205,3.048,31.1,22.86,26.58,22.73,107.6,51.74,0.916,5.075
"2019-02-02",NA,0,0,NA,0,0,0,0,0,0,0,0,0,100,63.43,1233,308.6,58.08,16.04,1.115,33.53,29.41,22.18,25.81,22.33,122.1,46.54,0.908,4.325
"2019-02-03",NA,0,0,NA,0,0,0,0,0,0,0,0,0,99.6,65.61,1461,323.1,68.03,16.13,0.979,1.016,30.08,20.96,25.4,21.02,15.6,38.4,1.159,6.725
"2019-02-04",NA,0,0,NA,0,0,0,0,0,0,0,0,0,98.9,61.01,1265,245.3,60.91,13.08,0.855,6.858,32.13,22.31,25.9,21.95,19.35,91,1.218,6.875
"2019-02-05",NA,0,0,NA,0,0,0,0,0,0,0,0,0,96.8,62.23,1204,338.7,56.55,17.18,1.238,0,29.61,21.48,25.45,21.14,161.6,42.14,1.22,5.375
"2019-02-06",NA,0,0,NA,0,0,0,0,0,0,0,0,0,98.7,54.44,1454,373,65.18,18.16,1.265,0,30.19,20.46,25.99,20.31,136.4,61.84,1.156,5.3
"2019-02-07",NA,0,0,NA,0,0,0,0,0,0,0,0,0,99.1,50.32,1362,400.4,61.92,19.6,1.346,5.334,29.93,19.14,25.48,19.08,152.7,52.55,1.224,5.075
"2019-02-08",NA,0,0,NA,0,0,0,0,0,0,0,0,0,100,67.67,1384,385.8,58.89,18.77,1.285,5.334,29.28,21.09,25.62,21.54,350.8,55.6,1.827,6.95
"2019-02-09",NA,0,0,NA,0,0,0,0,0,0,0,0,0,96.9,63.29,1400,319.3,63.76,15.56,1.046,0,31.8,23.56,26.8,23.33,359.9,34.95,1.365,6.125
"2019-02-10",NA,0,0,NA,0,0,0,0,0,0,0,0,0,97.9,54.7,1353,397.5,61.12,19.31,1.335,0,31.93,22.44,26.88,22.37,4.52,33.23,1.644,6.575
"2019-02-11",NA,0,0,NA,0,0,0,0,0,0,0,0,0,95.6,51.74,1219,369.5,54.21,18.23,1.13,0,33.18,22.25,27.27,22.44,21.49,44.9,1.148,5.675
"2019-02-12",NA,0,0,NA,0,0,0,0,0,0,0,0,0,98.6,57.06,716.6,172.1,36.75,9.64,0.633,0.508,32.32,23.68,26.68,23.62,6.56,36.27,0.896,4.4
"2019-02-13",NA,0,0,NA,0,0,0,0,0,0,0,0,0,100,74.88,604.2,119.8,35.33,7.318,0.469,0.508,29.36,23.83,25.9,23.61,165.2,31.35,0.533,3.95
"2019-02-14",NA,0,0,NA,0,0,0,0,0,0,0,0,0,99.9,63.78,1361,261.6,63.15,13.86,0.819,0.508,30.39,23.18,26,22.91,160,38.47,0.83,4.85
"2019-02-15",NA,0,0,NA,0,0,0,0,0,0,0,0,0,99.5,66,1410,251.8,61.53,12.79,0.859,4.572,29.62,21.04,25.41,21.54,60.15,73.44,1.044,5.45
"2019-02-16",NA,0,0,NA,0,0,0,0,0,0,0,0,0,99.7,70.81,1571,251.9,72.29,13.83,0.821,9.4,30.51,22.71,26.34,22.8,63.69,59.63,0.828,4.1
"2019-02-17",NA,0,0,NA,0,0,0,0,0,0,0,0,0,98.9,57.31,1462,407.9,72.28,20.34,1.354,0.254,29.42,21.28,25.53,21.04,176.9,48.9,2.364,9.05
"2019-02-18",NA,0,0,NA,0,0,0,0,0,0,0,0,0,98.7,57.99,1353,387.8,63.45,18.98,1.252,2.286,30.24,20.37,24.74,19.83,192.1,43.9,1.928,7.025
"2019-02-19",NA,0,0,NA,0,0,0,0,0,0,0,0,0,99.1,56.91,1322,409.5,60.92,19.8,1.335,0.254,29.61,18.19,24.35,18.23,161.1,56.34,1.212,5.525
"2019-02-20",NA,0,0,NA,0,0,0,0,0,0,0,0,0,99.3,51.06,1141,400.6,56.44,19.59,1.365,0,31.3,18.28,25.6,18.16,11.24,35.59,1.56,6.65
"2019-02-21",NA,0,0,NA,0,0,0,0,0,0,0,0,0,99.4,73.58,1370,197.4,57.87,10.46,0.616,0,29.78,21.32,25.45,20.85,180.5,42.41,1.053,4.85
"2019-02-22",NA,0,0,NA,0,0,0,0,0,0,0,0,0,97.5,62.6,1246,288.1,54.01,14.52,0.984,0,30.97,22.16,25.99,21.98,160.9,47.1,1.086,5.975
"2019-02-23",NA,0,0,NA,0,0,0,0,0,0,0,0,0,99.6,62.71,1480,333.1,62.54,16.23,1.043,27.94,31.57,19.84,26.24,19.8,18.88,48.46,1.792,7.4
"2019-02-24",NA,0,0,NA,0,0,0,0,0,0,0,0,0,100,57.05,1127,397.7,54.41,19.66,1.356,1.27,31.05,19.36,25.47,19.57,73.61,57.89,1.111,5.375
"2019-02-25",NA,0,0,NA,0,0,0,0,0,0,0,0,0,100,63.23,1445,378.1,63.35,18.4,1.146,0,30.99,22.46,26.41,22.42,59.24,56.3,0.964,5.525
"2019-02-26",NA,0,0,NA,0,0,0,0,0,0,0,0,0,99.3,48.39,1133,387.1,54.21,18.84,1.274,0,34.75,22,28.15,21.62,353.3,43.2,1.7,7.1
"2019-02-27",NA,0,0,NA,0,0,0,0,0,0,0,0,0,90.3,63.19,1219,278.2,56.85,14.09,0.865,0,30.24,24.14,26.68,24.14,155.3,45.79,1.412,4.55
"2019-02-28",NA,0,0,NA,0,0,0,0,0,0,0,0,0,98.9,63.9,1217,246.6,54.32,12.26,0.746,0,31.38,22.52,26.4,22.68,94.8,66.86,0.825,4.775
"2019-03-01",NA,0,0,NA,0,0,0,0,0,0,0,0,0,99.5,66.22,1230,239.7,53.71,12.34,0.722,0.508,30.19,24.29,26.53,24.2,120.9,36.13,0.923,4.175
"2019-03-02",NA,0,0,NA,0,0,0,0,0,0,0,0,0,99.5,57.44,1208,355.7,52.99,17.11,1.107,1.27,34.22,23.93,28.37,24.14,15.4,32.82,1.518,6.2
"2019-03-03",NA,0,0,NA,0,0,0,0,0,0,0,0,0,99.7,75.2,1371,242.1,60.92,12.59,0.662,11.18,30.62,23.59,26.04,23.49,162.8,63.89,1.143,4.4
"2019-03-04",NA,0,0,NA,0,0,0,0,0,0,0,0,0,100,68.08,1217,295,54.83,14.3,0.959,3.81,31.6,23.33,27.38,23.41,10.12,35.75,1.246,5.825
"2019-03-05",NA,0,0,NA,0,0,0,0,0,0,0,0,0,99.6,73.98,895,153.3,44.67,8.3,0.449,1.27,27.97,23.81,24.96,23.62,188.9,38.09,1.118,6.275
"2019-03-06",NA,0,0,NA,0,0,0,0,0,0,0,0,0,99.6,61.77,1191,360.8,55.02,17.58,1.156,0,31.24,22.32,26.77,22.11,110.5,68.04,1.201,5.375
"2019-03-07",NA,0,0,NA,0,0,0,0,0,0,0,0,0,100,50.27,1154,380,55.22,18.68,1.24,0,31.11,21.59,26.53,21.31,41.16,23.55,1.015,6.725
"2019-03-08",NA,0,0,NA,0,0,0,0,0,0,0,0,0,100,56.74,1277,390.4,58.27,18.82,1.271,0,31.68,20.43,26.18,20.04,139.9,58.47,1.007,5.6
"2019-03-09",NA,0,0,NA,0,0,0,0,0,0,0,0,0,100,52.17,1111,366,52.08,17.82,1.207,0,32,20.49,26.51,20.34,146.6,77.22,1.179,5.45
"2019-03-10",NA,0,0,NA,0,0,0,0,0,0,0,0,0,100,57.14,1163,264.9,49.74,12.1,0.771,2.54,32.72,22.86,26.56,22.83,126.6,58.08,0.641,4.475
"2019-03-11",NA,0,0,NA,0,0,0,0,0,0,0,0,0,100,75.69,1178,147.8,45.69,7.773,0.551,7.62,28.53,22.81,25.31,22.82,176.6,64.11,0.61,4.475
"2019-03-12",NA,0,0,NA,0,0,0,0,0,0,0,0,0,99.9,61.82,1298,367.6,58.07,17.55,1.072,1.016,30.49,21.57,26.1,21.45,84.6,40.12,0.879,5.45
"2019-03-13",NA,0,0,NA,0,0,0,0,0,0,0,0,0,100,56.1,1243,345.1,56.15,16.95,1.111,0,30.7,20.36,26.18,20.39,51.38,28.84,1.021,6.425
"2019-03-14",NA,0,0,NA,0,0,0,0,0,0,0,0,0,99.9,57.24,1401,326.6,60.72,15.55,0.96,0,31.28,20.4,25.22,20,98.4,40.42,0.805,5.6
"2019-03-15",NA,0,0,NA,0,0,0,0,0,0,0,0,0,99.2,60.95,1321,244,61.33,12.14,0.826,0.762,30.1,21.14,25.58,21.17,149.8,59.1,0.979,4.7
"2019-03-16",NA,0,0,NA,0,0,0,0,0,0,0,0,0,100,51.72,1200,374.7,53.6,17.94,1.189,0,30.69,20.44,26.25,19.9,71.47,50.08,1,5.225
"2019-03-17",NA,0,0,NA,0,0,0,0,0,0,0,0,0,100,57.5,1234,312.8,51.58,14.85,0.973,0,30.88,19.63,25.95,19.76,18.05,36.71,1.329,6.275
"2019-03-18",NA,0,0,NA,0,0,0,0,0,0,0,0,0,99.8,50.47,971,349,47.71,16.9,1.088,10.41,34.41,21.13,28.17,20.82,19.47,52.44,0.92,5.3
"2019-03-19",NA,0,0,NA,0,0,0,0,0,0,0,0,0,99.8,57.56,1263,307.1,58.08,15.15,0.909,2.54,31.56,20.72,25.71,20.83,94.5,62.69,0.758,4.625
"2019-03-20",NA,0,0,NA,0,0,0,0,0,0,0,0,0,100,50.1,934,355.1,46.8,17.49,1.171,0,34.95,21.34,27.93,21.26,1.765,45.9,1.13,5.15
"2019-03-21",NA,0,0,NA,0,0,0,0,0,0,0,0,0,99.5,62.14,1103,284.6,48.52,13.67,0.765,40.89,32.2,21.29,26.26,21.02,165.4,50.93,0.811,4.55
"2019-03-22",NA,0,0,NA,0,0,0,0,0,0,0,0,0,100,66.45,1350,333.2,60.11,16.37,0.981,13.97,30.06,20.95,25.1,21.13,148.5,49.25,0.891,4.925
"2019-03-23",NA,0,0,NA,0,0,0,0,0,0,0,0,0,100,70.68,1319,237.7,58.48,11.63,0.661,24.38,29,20.48,24.21,20.41,86.3,44.94,0.831,6.35
"2019-03-24",NA,0,0,NA,0,0,0,0,0,0,0,0,0,100,53.95,1169,323.3,53.81,15.63,1.023,0,30.67,19.48,25.15,19.19,33.54,27.62,0.791,5.975
"2019-03-25",NA,0,0,NA,0,0,0,0,0,0,0,0,0,98.2,58.38,1216,323.6,51.57,14.92,0.978,0,31.96,20.86,26.18,20.7,19.01,58.73,0.912,5
"2019-03-26",NA,0,0,NA,0,0,0,0,0,0,0,0,0,99.9,59.4,1277,254.3,56.25,12.68,0.734,5.334,29.42,20.25,24.03,20.43,176.8,47.02,1.639,6.65
"2019-03-27",NA,0,0,NA,0,0,0,0,0,0,0,0,0,99.8,53.69,1192,218.6,50.97,11.05,0.697,0,28.87,19.22,22.56,19.33,171.9,62.2,0.823,4.25
"2019-03-28",NA,0,0,NA,0,0,0,0,0,0,0,0,0,98.6,57.32,1117,297.4,48.13,14.27,0.915,0,30.6,19.79,24.71,19.37,351.7,29.7,1.298,6.05
"2019-03-29",NA,0,0,NA,0,0,0,0,0,0,0,0,0,99.1,61.24,749.5,140.7,33.71,7.745,0.505,0,27.29,21.13,24.3,21.05,183,38.05,0.895,4.85
"2019-03-30",NA,0,0,NA,0,0,0,0,0,0,0,0,0,98.6,60.85,1177,307.8,52.19,14.69,0.938,0,30.21,19.9,24.69,19.93,118.4,72.55,1.011,4.85
"2019-03-31",NA,0,0,NA,0,0,0,0,0,0,0,0,0,98.9,61.6,1168,319,51.58,15.17,0.917,0,30.34,20,25.33,19.51,32.93,26,0.971,5.9
"2019-04-01",NA,0,0,NA,0,0,0,0,0,0,0,0,0,100,47.56,889,335.9,43.05,15.87,0.98,4.064,34.02,18.37,25.07,17.95,331.3,84.9,1.701,6.725
"2019-04-02",NA,0,0,NA,0,0,0,0,0,0,0,0,0,100,91.1,313.1,69.07,19.7,4.446,0.274,15.49,22.17,18.68,20.16,18.84,194.5,41.53,1.383,5.825
"2019-04-03",NA,0,0,NA,0,0,0,0,0,0,0,0,0,100,73.27,1226,183.2,53.41,9.86,0.529,5.334,26.38,18.99,22.23,19.2,202.2,76.11,0.679,3.725
"2019-04-04",NA,0,0,NA,0,0,0,0,0,0,0,0,0,99.4,59.39,1070,314.3,46.91,14.9,0.959,0,30.68,21.22,25.5,21.14,358.8,30.33,2.019,6.95
"2019-04-05",NA,0,0,NA,0,0,0,0,0,0,0,0,0,99.1,83.2,799.2,117.9,32.9,6.564,0.391,2.032,24.23,18.78,22.1,18.75,193,56.58,1.308,5.225
"2019-04-06",NA,0,0,NA,0,0,0,0,0,0,0,0,0,98.3,64.52,1213,257.3,54.22,12.88,0.77,0,26.93,17.53,21.41,17.52,197,38.22,1.148,6.275
"2019-04-07",NA,0,0,NA,0,0,0,0,0,0,0,0,0,97.7,58.46,1186,298.7,50.56,14.19,0.91,0,28.73,17.3,22.95,17.17,137.3,55.09,0.646,4.775
"2019-04-08",NA,0,0,NA,0,0,0,0,0,0,0,0,0,100,67.89,1070,176.9,45.08,8.64,0.496,0,29.59,18.68,23.55,18.59,9.13,32.83,0.844,5.075
"2019-04-09",NA,0,0,NA,0,0,0,0,0,0,0,0,0,100,68.53,1157,242.5,45.28,10.93,0.677,0,29.05,20.79,24.47,20.14,179.8,48.67,0.712,4.4
"2019-04-10",NA,0,0,NA,0,0,0,0,0,0,0,0,0,99.8,60.31,1094,317.6,48.94,14.69,0.921,0,28.98,19.31,23.49,19.41,179.9,46.48,1.022,4.55
"2019-04-11",NA,0,0,NA,0,0,0,0,0,0,0,0,0,99,61.98,1067,268.4,46.3,13.12,0.799,0.762,28.32,18.83,22.75,18.79,154.4,48.78,0.7,4.475
"2019-04-12",NA,0,0,NA,0,0,0,0,0,0,0,0,0,99.2,74.4,616.2,132.7,30.66,7.447,0.458,0,26.52,19.15,22.17,18.97,200.1,27.98,0.517,2.675
"2019-04-13",NA,0,0,NA,0,0,0,0,0,0,0,0,0,99.2,59.22,1127,292.7,48.13,13.65,0.864,0,29.5,17.43,23.89,17.22,36,62.47,0.762,5.075
"2019-04-14",NA,0,0,NA,0,0,0,0,0,0,0,0,0,100,52.98,823,307.6,40.21,14.6,0.938,0,31.5,18.18,24.65,17.93,359.4,29.63,1.346,6.95
"2019-04-15",NA,0,0,NA,0,0,0,0,0,0,0,0,0,100,58.59,990,280.6,42.43,12.95,0.801,6.858,32.05,19.81,25.1,20.04,177.1,46.31,0.977,5.45
"2019-04-16",NA,0,0,NA,0,0,0,0,0,0,0,0,0,99.7,68.94,1172,249.3,49.34,12.05,0.738,1.016,27.95,18.31,22.64,18.43,177.2,45.23,0.86,3.8
"2019-04-17",NA,0,0,NA,0,0,0,0,0,0,0,0,0,100,67.32,1154,232.6,49.14,11.38,0.674,0.254,26.33,19.88,22.56,19.69,108.9,52.41,1.003,5.075
"2019-04-18",NA,0,0,NA,0,0,0,0,0,0,0,0,0,99,71.66,1073,216.2,42.85,10.26,0.613,2.794,28.32,19.96,23.51,19.36,21.29,29.25,1.315,5.75
"2019-04-19",NA,0,0,NA,0,0,0,0,0,0,0,0,0,99.1,69.53,1006,195.7,39.9,9.17,0.59,0,28.75,20.74,24.29,20.5,1.822,32.99,1.263,5.825
"2019-04-20",NA,0,0,NA,0,0,0,0,0,0,0,0,0,99.6,58.88,835,287.9,38.18,13.53,0.852,0,29.27,20.8,24.66,20.6,353.2,40.78,1.63,7.175
"2019-04-21",NA,0,0,NA,0,0,0,0,0,0,0,0,0,97.2,58.5,963,278.1,43.66,13.35,0.812,0,29.93,19.53,23.78,19.62,179.1,44.73,1.511,4.925
"2019-04-22",NA,0,0,NA,0,0,0,0,0,0,0,0,0,100,85.4,621.4,130,31.89,7.407,0.437,7.62,24.27,18.65,21.5,18.76,201.9,34.39,0.682,4.325
"2019-04-23",NA,0,0,NA,0,0,0,0,0,0,0,0,0,100,77.06,1042,153.5,44.98,8.39,0.476,4.572,26.92,18.96,22.12,19.07,187.4,39.72,0.439,3.425
"2019-04-24",NA,0,0,NA,0,0,0,0,0,0,0,0,0,100,82.9,1172,178,48.33,9.3,0.509,22.61,27.28,20.2,23.41,20.16,188.8,59.96,0.417,4.1
"2019-04-25",NA,0,0,NA,0,0,0,0,0,0,0,0,0,100,66.28,1005,239.9,42.54,11.35,0.707,33.02,30.01,18.51,24.49,18.8,9.33,51.02,1.162,5.075
"2019-04-26",NA,0,0,NA,0,0,0,0,0,0,0,0,0,100,69.56,1007,260.9,41.22,11.97,0.724,0,28.2,18.89,22.42,18.97,185.5,45.04,0.719,3.725
"2019-04-27",NA,0,0,NA,0,0,0,0,0,0,0,0,0,99.4,56.22,778.1,286.1,37.16,13.57,0.853,0,29.36,17.9,22.93,17.91,191.3,44.36,0.874,3.95
"2019-04-28",NA,0,0,NA,0,0,0,0,0,0,0,0,0,99.1,64.26,980,217.6,39.8,10.12,0.599,0,28.3,18.27,22.56,18.12,173.8,45.6,0.704,3.95
"2019-04-29",NA,0,0,NA,0,0,0,0,0,0,0,0,0,100,56.04,935,276.5,38.07,12.45,0.783,0,28.86,17,22.56,16.62,2.245,34.42,0.736,6.2
"2019-04-30",NA,0,0,NA,0,0,0,0,0,0,0,0,0,100,54.87,778.3,283.6,36.15,12.76,0.802,0,28.99,17.41,22.74,16.45,344.5,32.71,1.436,6.125
"2019-05-01",NA,0,0,NA,0,0,0,0,0,0,0,0,0,100,58.6,907,257.5,35.43,11.16,0.694,0,28.34,18.11,22.11,17.6,330.8,67.37,0.824,4.85
"2019-05-02",NA,0,0,NA,0,0,0,0,0,0,0,0,0,100,57.58,887,263.7,35.54,11.38,0.698,0,29.38,17.41,23.15,16.88,1.551,37.7,0.852,4.625
"2019-05-03",NA,0,0,NA,0,0,0,0,0,0,0,0,0,100,42.63,731.2,270.8,33.51,12.06,0.748,0,31.01,18.53,23.2,17.92,3.795,28.78,1.096,4.85
"2019-05-04",NA,0,0,NA,0,0,0,0,0,0,0,0,0,100,66.54,892,238.9,35.54,10.65,0.654,0,28.73,19.84,23.13,17.74,173.6,41.53,1.084,4.7
"2019-05-05",NA,0,0,NA,0,0,0,0,0,0,0,0,0,100,57.4,869,254.8,35.74,11.23,0.687,0,30.28,18.01,23.6,17.82,305.4,81.8,0.769,3.95
"2019-05-06",NA,0,0,NA,0,0,0,0,0,0,0,0,0,100,56.13,861,252.5,33,11.28,0.684,0,30.17,20.61,24.71,19.67,322.5,90.5,1.245,4.325
"2019-05-07",NA,0,0,NA,0,0,0,0,0,0,0,0,0,100,65.52,871,215.7,34.72,9.65,0.571,0,28.86,19.88,24.3,19.37,15.42,36.77,0.848,4.775
"2019-05-08",NA,0,0,NA,0,0,0,0,0,0,0,0,0,100,58.24,986,223.1,37.77,10.11,0.58,0,29.04,18.99,23.1,18.91,353.5,35.45,1.502,7.7
"2019-05-09",NA,0,0,NA,0,0,0,0,0,0,0,0,0,100,62.46,866,211.8,35.94,9.84,0.607,0,26.27,17.01,21.15,16.97,214.2,70.78,1.258,6.8
"2019-05-10",NA,0,0,NA,0,0,0,0,0,0,0,0,0,95.5,52.93,841,255.4,36.65,11.79,0.717,0,26.35,15.17,19.98,15.12,180.4,40.34,0.886,4.25
"2019-05-11",NA,0,0,NA,0,0,0,0,0,0,0,0,0,99.9,49.96,864,252.1,34.42,11.12,0.681,0,28.12,14.02,20.52,13.19,195.9,63.89,0.674,4.55
"2019-05-12",NA,0,0,NA,0,0,0,0,0,0,0,0,0,100,54.22,937,241.8,36.75,10.74,0.658,0,26.97,13.43,18.87,12.29,76.19,46.12,0.518,4.325
"2019-05-13",NA,0,0,NA,0,0,0,0,0,0,0,0,0,100,45.91,722.1,266.2,30.76,11.1,0.678,0,28.42,11.77,19.74,11.03,348.3,41.97,0.728,4.325
"2019-05-14",NA,0,0,NA,0,0,0,0,0,0,0,0,0,99.3,52.92,925,237.8,33,9.64,0.585,0,28.29,16.06,21.03,14.7,330.9,64.49,0.456,3.65
"2019-05-15",NA,0,0,NA,0,0,0,0,0,0,0,0,0,99.8,46.24,702.4,257.4,33.51,11.81,0.716,0,28.58,15.08,20.51,14.13,335.4,39.45,1.027,5.75
"2019-05-16",NA,0,0,NA,0,0,0,0,0,0,0,0,0,100,53.16,729.2,253.4,33.51,11.73,0.715,0,28.51,14.32,20.43,13.33,344.2,46.49,0.895,4.85
"2019-05-17",NA,0,0,NA,0,0,0,0,0,0,0,0,0,100,53.95,810,237.2,31.88,9.92,0.598,0,28.58,14.13,20.49,13.6,359.2,36,0.533,4.475
"2019-05-18",NA,0,0,NA,0,0,0,0,0,0,0,0,0,100,56.77,858,231,30.05,8.83,0.52,0,28.78,14.27,20.36,13.41,357.9,27.61,0.644,4.475
"2019-05-19",NA,0,0,NA,0,0,0,0,0,0,0,0,0,100,52.94,842,240.2,32.9,9.85,0.584,0,28.96,14.32,20.84,13.52,352.5,29.94,0.778,4.85
"2019-05-20",NA,0,0,NA,0,0,0,0,0,0,0,0,0,100,59.93,681.1,248.9,30.05,10.46,0.627,0,28.52,14.98,21.08,13.93,349.2,33.53,1.15,5.9
"2019-05-21",NA,0,0,NA,0,0,0,0,0,0,0,0,0,100,63.16,781.7,175.6,27.21,7.288,0.421,0,26.64,16.1,20.48,15.63,187.6,48.99,1.139,6.65
"2019-05-22",NA,0,0,NA,0,0,0,0,0,0,0,0,0,100,55.88,798.8,207.4,30.26,8.62,0.529,0,26.47,15.34,19.54,14.63,164.9,54.35,1.028,4.475
"2019-05-23",NA,0,0,NA,0,0,0,0,0,0,0,0,0,100,63.54,763.1,208.5,27.82,8.2,0.5,0,28.22,14.6,21.56,14.07,10.45,41.78,0.674,4.325
"2019-05-24",NA,0,0,NA,0,0,0,0,0,0,0,0,0,100,60.58,777.3,219.4,28.83,8.78,0.509,0.254,27.64,16.24,21.19,14.93,78.13,52.79,0.67,4.325
"2019-05-25",NA,0,0,NA,0,0,0,0,0,0,0,0,0,98.9,44,775.5,232.8,31.68,10.13,0.609,0,27.22,14.05,19.71,13.25,16.11,33.99,0.685,5.225
"2019-05-26",NA,0,0,NA,0,0,0,0,0,0,0,0,0,100,46.62,776.8,242.1,31.88,10.38,0.614,0,27.74,12.85,19.27,12.78,359.6,49.56,0.65,4.7
"2019-05-27",NA,0,0,NA,0,0,0,0,0,0,0,0,0,98.9,40.99,794.5,246.4,33.1,10.39,0.618,0,28.04,13.02,19.3,12.29,333.3,46.86,0.708,4.55
"2019-05-28",NA,0,0,NA,0,0,0,0,0,0,0,0,0,99.3,57.32,817,180.4,33.71,8.02,0.423,0,26.46,14.65,19.28,13.99,216.7,59.3,0.663,3.8
"2019-05-29",NA,0,0,NA,0,0,0,0,0,0,0,0,0,97.1,49.54,636.4,231.3,28.63,10.02,0.602,0,25.78,15.22,19.33,14.89,191.3,41.27,1.464,6.125
"2019-05-30",NA,0,0,NA,0,0,0,0,0,0,0,0,0,93.4,54.27,862,224.4,33.51,9.79,0.581,0,25.97,13.77,18.11,13.16,194.4,39.28,1.193,5.225
"2019-05-31",NA,0,0,NA,0,0,0,0,0,0,0,0,0,95.4,43.02,738.8,244.3,32.29,10.81,0.649,0,26.85,13.96,18.37,11.94,192.1,60.72,0.962,4.175
"2019-06-01",NA,0,0,NA,0,0,0,0,0,0,0,0,0,100,54.91,929,195.5,35.94,9.1,0.545,1.016,25.92,13.76,18.74,13.58,187.1,50.74,0.975,4.7
"2019-06-02",NA,0,0,NA,0,0,0,0,0,0,0,0,0,100,56.02,779.6,234.1,33.71,10.87,0.653,0.254,26.68,14.53,19.26,13.52,158.6,55.71,0.708,4.325
"2019-06-03",NA,0,0,NA,0,0,0,0,0,0,0,0,0,100,51.14,778.8,229.9,31.88,10.27,0.611,0,27.1,15.82,19.37,13.93,182.2,43.46,0.907,4.325
"2019-06-04",NA,0,0,NA,0,0,0,0,0,0,0,0,0,100,42.99,637.9,234.4,29.55,10.53,0.63,0,28.15,12.34,19.67,11.26,345.8,42.54,0.917,4.925
"2019-06-05",NA,0,0,NA,0,0,0,0,0,0,0,0,0,100,37.11,643.2,231.2,28.63,9.7,0.573,0,30.66,15.34,20.62,14.45,336.8,52.11,1.468,6.35
"2019-06-06",NA,0,0,NA,0,0,0,0,0,0,0,0,0,98.3,57.6,797.5,212.9,32.49,9.31,0.552,0,27.96,17.13,20.93,16.6,187.5,40.29,1.231,4.475
"2019-06-07",NA,0,0,NA,0,0,0,0,0,0,0,0,0,99.7,67.45,737.4,126.8,29.25,6.506,0.379,4.826,22.9,15.26,18.34,14.43,182.4,47.62,0.847,5.075
"2019-06-08",NA,0,0,NA,0,0,0,0,0,0,0,0,0,100,55.75,631.6,230.8,28.53,10.21,0.612,1.778,26.26,13.04,19.27,12.29,173.5,41.99,0.893,5.45
"2019-06-09",NA,0,0,NA,0,0,0,0,0,0,0,0,0,99.9,48.11,777.1,201.7,33.92,9.65,0.544,1.016,24.23,14.16,18.13,12.82,189.7,62.23,0.783,3.875
"2019-06-10",NA,0,0,NA,0,0,0,0,0,0,0,0,0,98.9,40.77,633.1,231.7,28.43,10.13,0.605,0,28.59,12.57,18.61,11.83,331.9,25,1.055,6.2
"2019-06-11",NA,0,0,NA,0,0,0,0,0,0,0,0,0,100,62.13,687.2,225.6,29.04,9.96,0.594,0,26.5,15.2,19.53,13.43,117.4,65.75,0.768,4.175
"2019-06-12",NA,0,0,NA,0,0,0,0,0,0,0,0,0,100,39.99,611.3,219.5,26.2,9.06,0.538,0,29.56,17.11,21.17,16.26,341.5,37.83,1.285,5.75
"2019-06-13",NA,0,0,NA,0,0,0,0,0,0,0,0,0,97.6,65.33,900,168.1,36.16,7.856,0.466,0,21.46,14.02,18.14,13.8,188,44.37,2.012,8.22
"2019-06-14",NA,0,0,NA,0,0,0,0,0,0,0,0,0,97.7,54.46,806,205.6,32.49,9.21,0.537,0,23.12,10.58,15.56,9.97,191.4,43.23,0.903,4.1
"2019-06-15",NA,0,0,NA,0,0,0,0,0,0,0,0,0,97.1,47.78,637.4,232.7,29.55,10.47,0.625,0,24.88,11.82,17.08,11.47,309,57.99,0.866,4.625
"2019-06-16",NA,0,0,NA,0,0,0,0,0,0,0,0,0,100,41.73,634.8,231.8,28.53,10.21,0.608,0,25.98,11.03,16.44,8.54,348.6,35.93,0.857,4.925
"2019-06-17",NA,0,0,NA,0,0,0,0,0,0,0,0,0,100,44.58,650.8,230.6,29.75,10.27,0.606,0,27.18,10.28,17.44,9.25,350.6,32.49,1.06,7.175
"2019-06-18",NA,0,0,NA,0,0,0,0,0,0,0,0,0,99.5,45.42,618.4,222.8,27.82,9.79,0.577,0,26.81,13.02,18.17,11.31,236.7,66.99,0.659,3.65
"2019-06-19",NA,0,0,NA,0,0,0,0,0,0,0,0,0,99.1,55.96,872,202.3,34.52,9.01,0.502,0,24.54,15.09,17.59,13.39,190,40.44,1.159,5.375
"2019-06-20",NA,0,0,NA,0,0,0,0,0,0,0,0,0,100,47.13,710.2,228.4,30.87,10.53,0.629,0,26.27,12.92,18.16,12.67,169,56.77,1.078,4.4
"2019-06-21",NA,0,0,NA,0,0,0,0,0,0,0,0,0,100,56.81,799.1,216.4,33.3,10,0.588,0.762,27.28,14.97,20.15,14.21,339.2,49.91,0.893,5.525
"2019-06-22",NA,0,0,NA,0,0,0,0,0,0,0,0,0,100,55.07,722.4,226.8,31.27,10.37,0.603,0,27.73,16.65,21.36,15.95,349.5,34.32,1.684,5.9
"2019-06-23",NA,0,0,NA,0,0,0,0,0,0,0,0,0,100,52.25,601.4,213.6,26.6,9.21,0.543,0,26.82,15.93,20.6,15.61,205.1,72.09,1.009,4.475
"2019-06-24",NA,0,0,NA,0,0,0,0,0,0,0,0,0,98.2,40.6,611.8,218.7,27.82,9.7,0.569,0,26.17,13.19,17.8,11.85,193.6,45.3,0.755,4.475
"2019-06-25",NA,0,0,NA,0,0,0,0,0,0,0,0,0,100,61.89,751.2,146.8,28.23,6.878,0.369,0,24.81,12.36,17.34,11.14,177.9,49.48,0.919,5.15
"2019-06-26",NA,0,0,NA,0,0,0,0,0,0,0,0,0,96.7,52.64,686.2,215.5,28.43,9.52,0.558,0,25.72,13.87,18.48,11.78,136.7,67.73,0.924,5.075
"2019-06-27",NA,0,0,NA,0,0,0,0,0,0,0,0,0,99.8,42.18,680.1,220,28.83,9.82,0.585,0,26.51,12.24,18.74,11.44,347.5,48.77,0.97,5.45
"2019-06-28",NA,0,0,NA,0,0,0,0,0,0,0,0,0,100,37.91,613.1,221.7,27.21,9.53,0.563,0,29.01,14.19,19.8,11.75,346.3,35.73,1.563,6.725
"2019-06-29",NA,0,0,NA,0,0,0,0,0,0,0,0,0,100,47.11,611.1,222.2,26.8,9.62,0.574,0,27.05,13.02,18.68,11.07,21.76,75.34,0.707,4.55
"2019-06-30",NA,0,0,NA,0,0,0,0,0,0,0,0,0,100,27.09,620.9,223.7,27.21,9.64,0.565,0,31.25,9.46,19.43,8.91,355.8,24.13,1.11,6.725
"2019-07-01",NA,0,0,NA,0,0,0,0,0,0,0,0,0,100,24.49,618.4,222.9,27.62,9.58,0.556,0,31.1,16.67,22.55,11.29,342.9,46.84,1.958,7.7
"2019-07-02",NA,0,0,NA,0,0,0,0,0,0,0,0,0,90.2,28.64,652.8,234.6,29.65,10.33,0.608,0,26.16,12.08,16.27,8.12,183.2,42.23,0.814,5.525
"2019-07-03",NA,0,0,NA,0,0,0,0,0,0,0,0,0,98.9,23.83,629,230.3,26.6,9.47,0.57,0,27.63,9.22,16.48,7.712,213.7,62.89,0.596,4.625
"2019-07-04",NA,0,0,NA,0,0,0,0,0,0,0,0,0,100,28.08,621.7,226.4,25.79,9.12,0.537,0,27.86,7.299,17.33,6.116,347.3,24.48,1.011,4.775
"2019-07-05",NA,0,0,NA,0,0,0,0,0,0,0,0,0,88.8,33.45,638.9,216.6,25.69,8.43,0.508,0,25.92,10.2,18.21,7.016,209.8,69.87,1.876,8.68
"2019-07-06",NA,0,0,NA,0,0,0,0,0,0,0,0,0,93.5,43.16,627.3,227.8,28.53,10.12,0.604,0,26.3,13.21,18.8,12.83,296.7,74.72,1.303,5.525
"2019-07-07",NA,0,0,NA,0,0,0,0,0,0,0,0,0,86.3,13.55,638.8,232.1,28.83,9.87,0.589,0,32.6,10.61,20.06,6.42,191.4,68.46,1.389,6.575
"2019-07-08",NA,0,0,NA,0,0,0,0,0,0,0,0,0,96.6,50.62,740.6,190.4,30.66,8.48,0.481,0,25.96,15.18,18.91,13.1,215.4,72.24,0.929,4.175
"2019-07-09",NA,0,0,NA,0,0,0,0,0,0,0,0,0,99.9,40.51,623.2,226.3,28.23,9.99,0.598,0,28.44,14.1,18.74,11.75,249.3,61.75,0.636,4.25
"2019-07-10",NA,0,0,NA,0,0,0,0,0,0,0,0,0,100,35.26,621.2,226.9,26.8,9.61,0.572,0,30.29,9.44,18.32,9,342,22.47,0.729,5.525
"2019-07-11",NA,0,0,NA,0,0,0,0,0,0,0,0,0,100,59.33,634.1,227.2,28.12,9.88,0.586,0.254,28.2,13.54,20.1,10.74,157,73.46,1.107,4.7
"2019-07-12",NA,0,0,NA,0,0,0,0,0,0,0,0,0,100,27.58,622.2,230.7,26.2,9.53,0.578,0,29.95,14.17,20.08,12.47,230.6,79.65,1.559,7.775
"2019-07-13",NA,0,0,NA,0,0,0,0,0,0,0,0,0,99,54.41,807,236.1,31.27,9.67,0.569,0,26.37,15.09,19.14,12.88,167.5,68.12,1.055,4.475
"2019-07-14",NA,0,0,NA,0,0,0,0,0,0,0,0,0,100,54.94,748.2,204.7,28.43,8.66,0.518,0,26.58,12.37,18.91,11.35,358.4,37.88,0.995,5.675
"2019-07-15",NA,0,0,NA,0,0,0,0,0,0,0,0,0,100,50.23,625.7,223.9,27.21,9.41,0.561,0,27.38,13.79,19.64,13.16,353.1,35.24,1.356,6.65
"2019-07-16",NA,0,0,NA,0,0,0,0,0,0,0,0,0,100,54.82,643.1,226.7,28.23,9.73,0.578,0,27.22,13.61,19.58,12.06,358,36.3,1.18,6.65
"2019-07-17",NA,0,0,NA,0,0,0,0,0,0,0,0,0,100,27.14,634.6,228.2,25.99,8.93,0.527,0,30.51,15.57,20.79,14.48,342.6,28.28,1.412,6.35
"2019-07-18",NA,0,0,NA,0,0,0,0,0,0,0,0,0,82.6,15.37,662.9,242.2,28.53,10,0.598,0,31.64,13.91,20.14,10.8,335.9,34.72,0.837,4.025
"2019-07-19",NA,0,0,NA,0,0,0,0,0,0,0,0,0,96.8,9.64,658.4,238.1,27.41,9.46,0.547,0,34.84,12.92,20.53,9.99,289.5,52.66,0.987,6.5
"2019-07-20",NA,0,0,NA,0,0,0,0,0,0,0,0,0,94.4,43.22,840,210.1,34.22,9.28,0.542,0,23.23,16.24,19.19,16.23,177.3,44.85,2.504,7.175
"2019-07-21",NA,0,0,NA,0,0,0,0,0,0,0,0,0,94.8,38.54,740.6,251,31.18,10.91,0.66,0,21.49,9.02,15.15,6.959,182.7,40.93,1.682,6.575
"2019-07-22",NA,0,0,NA,0,0,0,0,0,0,0,0,0,98.5,33.9,680,249.3,29.04,10.35,0.622,0,24.54,6.662,16.69,4.665,349.8,31.17,2.26,9.35
"2019-07-23",NA,0,0,NA,0,0,0,0,0,0,0,0,0,61.74,22.94,696.1,252.4,29.14,10.09,0.603,0,28.39,13.75,20.38,12.32,346.4,30.66,2.104,6.275
"2019-07-24",NA,0,0,NA,0,0,0,0,0,0,0,0,0,75.57,11.57,629.3,226.8,23.86,8.42,0.509,0,31.7,13.8,20.09,11.04,314.9,95.2,1.865,6.8
"2019-07-25",NA,0,0,NA,0,0,0,0,0,0,0,0,0,98.8,37.93,649.5,234.7,26.7,9.29,0.555,0,26.42,9.64,18.51,9.03,347.7,40.83,1.409,6.8
"2019-07-26",NA,0,0,NA,0,0,0,0,0,0,0,0,0,100,63.28,833,217.5,29.85,8.68,0.519,0,25.99,15.04,19.89,13.1,167.8,41.63,0.865,4.7
"2019-07-27",NA,0,0,NA,0,0,0,0,0,0,0,0,0,99.1,49.79,863,242.2,32.19,10.33,0.614,0,25.54,13.65,18.76,11.69,40.57,26.6,0.894,5.6
"2019-07-28",NA,0,0,NA,0,0,0,0,0,0,0,0,0,100,44.11,663.7,243.6,28.63,10.19,0.616,0,27.03,11.22,17.85,9.38,350.4,34.12,1.227,6.275
"2019-07-29",NA,0,0,NA,0,0,0,0,0,0,0,0,0,100,51.33,801,246.9,30.87,10.07,0.623,0,26.68,11.04,18.29,9.5,355,32.83,1.185,5.525
"2019-07-30",NA,0,0,NA,0,0,0,0,0,0,0,0,0,100,44.13,668.2,244,27.52,9.73,0.595,0,28.55,11.47,19.24,9.91,353.6,27.9,1.582,7.7
"2019-07-31",NA,0,0,NA,0,0,0,0,0,0,0,0,0,99.1,55.34,641.4,233.4,25.08,8.9,0.541,0,27.17,13.54,20.02,10.15,174.2,50.4,1.492,6.875
"2019-08-01",NA,0,0,NA,0,0,0,0,0,0,0,0,0,99,63.96,785.6,207.8,27.62,8.23,0.484,0,26.1,16.43,19.91,14.27,170.4,46.12,1.286,5.525
"2019-08-02",NA,0,0,NA,0,0,0,0,0,0,0,0,0,100,51.64,782.9,236.4,31.98,10.14,0.615,0,27.17,14.12,20.89,12.97,7.214,30.19,1.628,7.1
"2019-08-03",NA,0,0,NA,0,0,0,0,0,0,0,0,0,99.6,30.52,679.4,247.2,29.34,10.35,0.629,0,32.63,18.54,23.89,18.11,344.5,74.78,1.789,5.75
"2019-08-04",NA,0,0,NA,0,0,0,0,0,0,0,0,0,99.3,49.18,803,240.6,28.43,9.6,0.575,0,29.68,18.68,22.66,18.49,327.5,84.7,1.305,4.775
"2019-08-05",NA,0,0,NA,0,0,0,0,0,0,0,0,0,100,50.08,684,220.1,25.48,8.47,0.482,0,30.69,18.27,22.38,16.56,138.9,81.2,0.924,4.25
"2019-08-06",NA,0,0,NA,0,0,0,0,0,0,0,0,0,100,72.59,734,136.9,21.93,5.43,0.317,0,25.72,18.23,22.03,17.85,145.4,52.17,1.465,5.3
"2019-08-07",NA,0,0,NA,0,0,0,0,0,0,0,0,0,98.7,53.73,642.9,231.9,25.99,9.23,0.561,0,29.29,16.55,23.07,15.2,4.794,33.15,1.428,5.6
"2019-08-08",NA,0,0,NA,0,0,0,0,0,0,0,0,0,74.33,44.55,770.5,212.5,26.91,8.22,0.475,0,25.84,19.98,23.08,19.83,151,79.11,2.156,6.95
"2019-08-09",NA,0,0,NA,0,0,0,0,0,0,0,0,0,100,70.12,215.2,48.61,10.46,2.613,0.155,1.27,20.78,16.28,17.75,16.58,192.2,34.09,1.137,4.775
"2019-08-10",NA,0,0,NA,0,0,0,0,0,0,0,0,0,100,62.34,926,148.2,32.8,6.484,0.362,0,24,15.22,18.75,14.77,9.69,45.78,1.159,5.825
"2019-08-11",NA,0,0,NA,0,0,0,0,0,0,0,0,0,97.8,36.28,659.1,238.5,26.4,9.08,0.555,0,31.01,15.29,21.91,14.92,343.3,26.5,1.813,8.45
"2019-08-12",NA,0,0,NA,0,0,0,0,0,0,0,0,0,99.8,62.69,814,236.9,29.95,9.55,0.573,0,26.48,16.86,20.9,15.32,163.5,37.84,1.537,5.825
"2019-08-13",NA,0,0,NA,0,0,0,0,0,0,0,0,0,98.8,73.14,618.4,90.7,22.14,4.59,0.284,1.524,22.98,16.54,19.12,16.58,137.1,76.61,1,4.775
"2019-08-14",NA,0,0,NA,0,0,0,0,0,0,0,0,0,99.8,52.43,842,236.3,31.68,10.08,0.632,0,28.71,16.06,21.81,14.11,53.08,84.5,1.172,4.775
"2019-08-15",NA,0,0,NA,0,0,0,0,0,0,0,0,0,93.8,48.55,929,276.7,39.5,12.55,0.771,0,25.66,13.23,19.48,12.23,157.3,77.69,1.232,5.075
"2019-08-16",NA,0,0,NA,0,0,0,0,0,0,0,0,0,98.8,34.18,757.3,279.6,34.42,12.28,0.761,0,31.2,12.63,20.22,10.97,339.3,34.2,1.297,6.05
"2019-08-17",NA,0,0,NA,0,0,0,0,0,0,0,0,0,99.6,62.86,1000,188.6,38.58,8.57,0.509,1.016,25.28,16.22,20.34,15.51,159.4,41.57,1.736,6.2
"2019-08-18",NA,0,0,NA,0,0,0,0,0,0,0,0,0,99.7,60.29,1024,185.9,40.71,8.88,0.523,0.254,25.06,16.04,19.68,15.8,352.4,67.61,1.309,6.2
"2019-08-19",NA,0,0,NA,0,0,0,0,0,0,0,0,0,99.8,33.71,742.6,273.7,33.1,11.91,0.737,0,31.84,15.44,21.28,14.67,336.7,93.8,2.054,7.4
"2019-08-20",NA,0,0,NA,0,0,0,0,0,0,0,0,0,97.3,32.25,794.8,293.1,37.67,13.5,0.847,0,25.86,14.29,20.37,14.47,172.5,42.44,2.065,6.65
"2019-08-21",NA,0,0,NA,0,0,0,0,0,0,0,0,0,97.9,50.35,1044,257,43.76,12.03,0.724,0,24.79,11.49,17.48,10.71,175.6,46.92,1.096,6.575
"2019-08-22",NA,0,0,NA,0,0,0,0,0,0,0,0,0,96.5,47.55,1054,270.9,43.56,12.4,0.784,0,26.02,13.3,18.82,12.03,341.2,56.24,1.275,5.975
"2019-08-23",NA,0,0,NA,0,0,0,0,0,0,0,0,0,99.3,34.4,810,302.9,38.18,13.81,0.874,0,29.45,12.76,19.84,12.17,343.9,43.82,1.274,5.975
"2019-08-24",NA,0,0,NA,0,0,0,0,0,0,0,0,0,100,34.08,835,310.8,39.39,14.28,0.906,0,29.23,9.57,19.37,8.64,355.9,33.07,1.38,5.45
"2019-08-25",NA,0,0,NA,0,0,0,0,0,0,0,0,0,98.9,23.79,807,289.4,35.64,11.9,0.708,0,33.99,15.53,22.7,14.79,354.9,32.56,2.134,7.925
"2019-08-26",NA,0,0,NA,0,0,0,0,0,0,0,0,0,99.9,59.17,718.3,244,22.84,7.287,0.497,0,27.41,16.12,21.04,14.99,114,70.38,0.944,4.55
"2019-08-27",NA,0,0,NA,0,0,0,0,0,0,0,0,0,100,61.02,878,234.3,31.07,8.81,0.556,0,27.51,16.86,21.48,16.88,164.6,44.9,1.156,4.775
"2019-08-28",NA,0,0,NA,0,0,0,0,0,0,0,0,0,99.9,62.16,833,183.2,31.88,7.894,0.49,0,26.97,18.2,21.83,18.02,163,43.91,1.302,5
"2019-08-29",NA,0,0,NA,0,0,0,0,0,0,0,0,0,97.3,61.68,834,173.4,29.85,7.907,0.49,0,26.2,17.77,21.67,17.78,209.5,98.5,1.533,5.225
"2019-08-30",NA,0,0,NA,0,0,0,0,0,0,0,0,0,100,46.12,762.4,280.6,32.69,11.66,0.728,0,28.62,16.53,21.19,15.99,8.48,76.82,1.002,5.825
"2019-08-31",NA,0,0,NA,0,0,0,0,0,0,0,0,0,100,44.4,905,215.2,30.76,8.65,0.524,0,31.5,17.55,22.93,16.62,115.1,75.42,1.747,8
"2019-09-01",NA,0,0,NA,0,0,0,0,0,0,0,0,0,95.4,45.32,1042,310,43.05,14.25,0.907,0,26.26,13.91,19.92,13.33,155.7,61.36,1.444,6.125
"2019-09-02",NA,0,0,NA,0,0,0,0,0,0,0,0,0,100,36.63,847,316.9,39.5,14.36,0.924,0,29.73,11.51,20,9.6,12.49,49.73,1.426,6.425
"2019-09-03",NA,0,0,NA,0,0,0,0,0,0,0,0,0,100,36.71,988,299.1,40.31,13.26,0.842,0,30.37,15.32,22.03,13.7,349.8,63.34,1.701,6.875
"2019-09-04",NA,0,0,NA,0,0,0,0,0,0,0,0,0,100,24.19,852,318.8,38.58,14.14,0.896,0,33.86,15.1,23.03,14.08,46.65,93.8,1.515,5.75
"2019-09-05",NA,0,0,NA,0,0,0,0,0,0,0,0,0,99.1,53.19,960,251.7,37.36,10.92,0.655,12.7,27.5,17.45,21.99,17.53,168.3,40.79,1.855,6.35
"2019-09-06",NA,0,0,NA,0,0,0,0,0,0,0,0,0,100,61.06,548.8,88.6,27.63,5.13,0.289,25.4,19.53,15.44,17.15,15.66,160.8,40.75,1.195,5.825
"2019-09-07",NA,0,0,NA,0,0,0,0,0,0,0,0,0,93.2,41.68,1264,266.1,53.63,12.59,0.801,0,22.89,11.3,17.55,10.54,92,33.88,1.186,7.775
"2019-09-08",NA,0,0,NA,0,0,0,0,0,0,0,0,0,100,44.94,1164,330.5,50.77,15.3,0.966,0,24.05,8.65,16.96,8.74,29.15,45.58,1.159,7.475
"2019-09-09",NA,0,0,NA,0,0,0,0,0,0,0,0,0,98.5,32.73,906,343.1,43.76,16.17,1.056,0,24.93,11.35,17.91,11.19,38.66,58.55,1.064,5.9
"2019-09-10",NA,0,0,NA,0,0,0,0,0,0,0,0,0,98.8,52.35,1056,328,44.98,15.72,1.02,0,27.36,12.76,20.54,12.66,151.8,67.63,1.364,5.6
"2019-09-11",NA,0,0,NA,0,0,0,0,0,0,0,0,0,100,53.01,970,336.1,45.49,16.19,1.059,0,27.76,14.76,21.65,13.75,30.56,45.71,1.102,6.425
"2019-09-12",NA,0,0,NA,0,0,0,0,0,0,0,0,0,100,50.22,874,327.9,40.71,14.79,0.959,0,30.54,16.92,23.97,15.67,9.66,34.1,1.584,6.35
"2019-09-13",NA,0,0,NA,0,0,0,0,0,0,0,0,0,100,55.67,883,323.1,40.31,14.66,0.913,0,28.35,17.55,22.86,17.02,149.4,50.2,1.866,7.325
"2019-09-14",NA,0,0,NA,0,0,0,0,0,0,0,0,0,100,57.06,618.4,147.4,31.28,7.918,0.489,3.302,23.54,17.17,20.47,17.56,153.5,46.86,1.061,4.475
"2019-09-15",NA,0,0,NA,0,0,0,0,0,0,0,0,0,99.9,64.03,1101,184.4,44.07,9.33,0.559,0.762,25.8,17.86,21.3,18.21,27.04,46.84,1.191,5.45
"2019-09-16",NA,0,0,NA,0,0,0,0,0,0,0,0,0,97.9,69.78,993,221.7,42.95,10.28,0.602,0,27.53,21.27,23.5,21.19,17.2,26.82,2.08,6.575
"2019-09-17",NA,0,0,NA,0,0,0,0,0,0,0,0,0,95.8,54.84,1089,305.3,43.96,13.73,0.851,0,29.49,20.98,23.97,20.83,6.079,32.31,2.182,6.875
"2019-09-18",NA,0,0,NA,0,0,0,0,0,0,0,0,0,99.3,50.06,875,328.2,40.21,14.67,0.951,0,31.07,19.02,24.56,18.83,37.12,67.28,1.602,5.375
"2019-09-19",NA,0,0,NA,0,0,0,0,0,0,0,0,0,97.3,65.39,1110,224.9,42.54,10.02,0.667,0,27.59,20.33,23.76,19.94,93.4,55.8,1.326,5.375
"2019-09-20",NA,0,0,NA,0,0,0,0,0,0,0,0,0,95.5,58.87,1054,286.3,37.67,11.81,0.723,0,28.44,20.71,23.77,20.58,9,29.4,2.434,8.08
"2019-09-21",NA,0,0,NA,0,0,0,0,0,0,0,0,0,99.4,49.63,828,310.6,34.52,12.61,0.817,0,31.32,19.53,23.89,19.11,5.528,32.6,2.458,6.65
"2019-09-22",NA,0,0,NA,0,0,0,0,0,0,0,0,0,100,38.03,884,333.2,40,14.62,0.951,0,33.45,17.99,24.54,17.5,39.02,63.78,1.596,6.35
"2019-09-23",NA,0,0,NA,0,0,0,0,0,0,0,0,0,89.8,50.54,364.7,102.1,19.6,5.588,0.392,0,22.5,17.28,19.88,17.32,173.2,45.59,2.402,7.325
"2019-09-24",NA,0,0,NA,0,0,0,0,0,0,0,0,0,88.3,53.69,1119,127.1,46.11,6.854,0.42,0,23.28,14.38,19.03,13.39,182.6,41.73,1.401,5.525
"2019-09-25",NA,0,0,NA,0,0,0,0,0,0,0,0,0,93,48.5,1301,304.5,58.41,14.46,0.816,1.778,21.57,13.3,17.06,13.85,176.8,46.14,2.586,9.2
"2019-09-26",NA,0,0,NA,0,0,0,0,0,0,0,0,0,93.6,40.71,1399,322.9,60.43,15.28,0.953,1.524,23.65,10.85,16.69,10.06,170,45.61,1.185,6.35
"2019-09-27",NA,0,0,NA,0,0,0,0,0,0,0,0,0,96.3,44.96,1185,375.1,51.07,17.75,1.184,0,24.35,10.32,17.71,9.86,116.9,68.48,1.215,6.125
"2019-09-28",NA,0,0,NA,0,0,0,0,0,0,0,0,0,99.2,45.88,977,366,47.52,16.85,1.13,0,27.21,9.78,20.07,9.64,28.97,47.5,1.108,6.65
"2019-09-29",NA,0,0,NA,0,0,0,0,0,0,0,0,0,100,47.96,1098,333.7,46.1,14.51,0.931,0,28.93,14.77,22.25,14.53,11.78,30.77,1.852,7.4
"2019-09-30",NA,0,0,NA,0,0,0,0,0,0,0,0,0,100,49.38,1134,337.1,45.89,15.23,0.967,0,27.33,17.43,21.91,17.41,166.9,56.75,2.278,7.625
"2019-10-01",NA,0,0,NA,0,0,0,0,0,0,0,0,0,98.1,60.72,741.9,143,39.92,7.929,0.418,6.096,21.7,14.35,16.88,14.56,190,42.34,1.394,6.2
"2019-10-02",NA,0,0,NA,0,0,0,0,0,0,0,0,0,99,53.05,1339,340.9,58.08,16.02,1.03,1.524,24.02,14.31,18.57,13.45,151.2,67.93,1.349,5.825
"2019-10-03",NA,0,0,NA,0,0,0,0,0,0,0,0,0,99.1,51.16,991,368.3,45.69,16.81,1.131,0,26.68,11.31,20.34,11.51,2.096,36.66,1.903,7.775
"2019-10-04",NA,0,0,NA,0,0,0,0,0,0,0,0,0,100,54.91,955,363.1,44.17,16.31,1.077,0,30.06,16.72,23.51,16.61,4.768,38.15,1.665,5.825
"2019-10-05",NA,0,0,NA,0,0,0,0,0,0,0,0,0,100,63.93,1234,299.3,51.07,14.01,0.88,0,28.51,19.19,23.46,17.3,94.1,36.31,1.12,5.525
"2019-10-06",NA,0,0,NA,0,0,0,0,0,0,0,0,0,100,56.25,950,360.3,43.96,16.28,1.1,0,28.89,16.94,23.81,16.97,23.65,27.5,1.866,6.875
"2019-10-07",NA,0,0,NA,0,0,0,0,0,0,0,0,0,97.2,58.86,1256,341.2,51.68,15.71,0.956,0,29.28,20.99,24.91,21.16,19.85,25.68,1.711,6.65
"2019-10-08",NA,0,0,NA,0,0,0,0,0,0,0,0,0,99.3,64.74,542.8,124.6,25.08,6.034,0.374,10.41,24.54,19.81,22.01,19.9,167.2,47.12,1.194,5.3
"2019-10-09",NA,0,0,NA,0,0,0,0,0,0,0,0,0,99.2,72.09,1133,301.1,46.91,13.67,0.851,0.254,28.02,18.92,23.91,19.07,62.67,52.28,1.174,6.425
"2019-10-10",NA,0,0,NA,0,0,0,0,0,0,0,0,0,100,83.6,723.3,101.8,37.59,5.925,0.356,65.28,22.4,15.62,18.22,15.75,182.1,45.74,2.288,7.55
"2019-10-11",NA,0,0,NA,0,0,0,0,0,0,0,0,0,97.8,54.72,1377,312.9,61.73,15.47,1.035,0,25.01,13.9,19.33,13.92,147,61.38,1.163,4.775
"2019-10-12",NA,0,0,NA,0,0,0,0,0,0,0,0,0,98.1,50.34,1043,392.2,50.56,18.74,1.282,0,28.33,14.68,22.04,13.88,5.871,32.13,1.704,7.175
"2019-10-13",NA,0,0,NA,0,0,0,0,0,0,0,0,0,100,56.43,1130,292.8,47.11,13.23,0.819,0,27.67,17.09,22.45,16.99,164.8,67.86,1.233,5.6
"2019-10-14",NA,0,0,NA,0,0,0,0,0,0,0,0,0,92.5,58.52,1286,310.4,54.01,14.78,0.935,0,28.84,20.14,23.77,20.21,109.8,85.3,1.927,7.25
"2019-10-15",NA,0,0,NA,0,0,0,0,0,0,0,0,0,97.9,69.44,561.1,101.8,25.09,5.737,0.377,0.254,24.61,19.19,21.84,19.28,23.77,87.5,0.922,4.85
"2019-10-16",NA,0,0,NA,0,0,0,0,0,0,0,0,0,100,60.39,1400,356.9,61.33,17.45,1.102,1.016,28.2,16.64,22.73,15.91,75.65,67.72,1.329,6.35
"2019-10-17",NA,0,0,NA,0,0,0,0,0,0,0,0,0,100,52.14,1099,402.9,53.2,19.37,1.337,0,27.57,15.31,22.52,14.71,20.36,28.76,1.449,6.275
"2019-10-18",NA,0,0,NA,0,0,0,0,0,0,0,0,0,98.5,53.16,1046,403,51.68,19.47,1.299,0,28.88,16.77,23.94,16.61,12.87,36.62,1.763,6.575
"2019-10-19",NA,0,0,NA,0,0,0,0,0,0,0,0,0,99,60.6,1031,394.2,50.77,18.96,1.237,0,30.99,20.67,26.35,19.69,24.26,33.94,1.706,7.025
"2019-10-20",NA,0,0,NA,0,0,0,0,0,0,0,0,0,100,33.53,997,379.3,47.41,17.42,1.192,0,37.27,18.46,27.05,18.33,15.12,41.68,1.594,7.475
"2019-10-21",NA,0,0,NA,0,0,0,0,0,0,0,0,0,93.1,62.23,1367,288.2,56.45,13.73,0.844,0,28.73,20.5,24.52,20.68,150,49.15,1.662,5.525
"2019-10-22",NA,0,0,NA,0,0,0,0,0,0,0,0,0,99,74.18,745.2,108.7,39.82,6.519,0.384,7.366,20.93,16.99,18.86,17.54,147.6,51.82,1.002,5.075
"2019-10-23",NA,0,0,NA,0,0,0,0,0,0,0,0,0,100,65.63,1302,315.2,54.42,14.59,0.959,0.508,29.15,17.41,23.81,17.83,354.1,60.32,2.135,7.775
"2019-10-24",NA,0,0,NA,0,0,0,0,0,0,0,0,0,92.4,48.61,1002,377.7,47.52,17.52,1.19,0,27.53,19.11,23.52,19.38,146.1,51.8,1.517,6.275
"2019-10-25",NA,0,0,NA,0,0,0,0,0,0,0,0,0,99,42.66,1194,343.9,49.75,15.32,1.001,0.254,36.72,16.36,26.38,17.11,7.51,53.58,1.501,8.68
"2019-10-26",NA,0,0,NA,0,0,0,0,0,0,0,0,0,98.4,73.68,732.8,101.4,26.61,5.298,0.323,2.032,25.04,20.33,23.27,20.45,167.4,63.14,0.985,5.45
"2019-10-27",NA,0,0,NA,0,0,0,0,0,0,0,0,0,100,27.87,985,378,45.48,16.92,1.163,0,39.73,20.38,29.17,19.53,3.395,43.69,1.572,6.5
"2019-10-28",NA,0,0,NA,0,0,0,0,0,0,0,0,0,94.6,47.75,1316,296.5,51.99,13.41,0.759,1.524,32.27,21.56,25.15,20.78,151,53.79,1.818,7.175
"2019-10-29",NA,0,0,NA,0,0,0,0,0,0,0,0,0,96.1,51.85,1521,317.6,67.93,15.74,0.942,0,26.59,19.14,22.88,19.24,111.6,54.01,1.804,6.425
"2019-10-30",NA,0,0,NA,0,0,0,0,0,0,0,0,0,95.3,61.08,1339,325,59.4,15.5,0.948,0.508,26.96,18.56,23.08,18.34,39.57,37.09,1.214,6.275
"2019-10-31",NA,0,0,NA,0,0,0,0,0,0,0,0,0,95.3,51.16,1391,338.7,58.79,16.05,1.084,0,27.08,18.53,23.87,17.12,72.71,23.23,1.708,6.125
"2019-11-01",NA,0,0,NA,0,0,0,0,0,0,0,0,0,97.8,74.05,397.6,60.51,24.17,3.934,0.229,8.13,22.35,19.09,21.2,19.59,27,43.44,1.089,4.55
"2019-11-02",NA,0,0,NA,0,0,0,0,0,0,0,0,0,91.8,58.26,1132,269.9,50.66,13.15,0.921,0.254,28.62,20.63,24.13,20.2,8.55,29.86,2.412,8.45
"2019-11-03",NA,0,0,NA,0,0,0,0,0,0,0,0,0,95.3,50.31,1068,396.5,50.46,18.53,1.3,0,31.28,20.64,26.3,19.78,71.48,78.15,1.271,6.5
"2019-11-04",NA,0,0,NA,0,0,0,0,0,0,0,0,0,93,57.24,1234,254.6,52.5,12.61,0.859,0,27.38,20.8,24.27,20.86,136.2,47.86,1.491,6.8
"2019-11-05",NA,0,0,NA,0,0,0,0,0,0,0,0,0,94.6,56.77,1375,330.2,59.19,15.75,1.049,0,28.19,19.65,24.98,19.71,28.48,26.21,1.796,6.8
"2019-11-06",NA,0,0,NA,0,0,0,0,0,0,0,0,0,97.5,48.24,1291,384.9,52.19,17.71,1.209,0,33.3,21.81,27.19,21.79,12.86,34.73,2.609,7.7
"2019-11-07",NA,0,0,NA,0,0,0,0,0,0,0,0,0,96.7,28.26,1036,397.2,48.42,18.04,1.255,0,38.37,20.45,28.8,19.87,44.51,72.54,2.205,7.25
"2019-11-08",NA,0,0,NA,0,0,0,0,0,0,0,0,0,98.7,59.38,609.2,128.1,30.57,7.17,0.463,0,24.5,17.83,22,18.2,172.7,47.42,1.641,6.125
"2019-11-09",NA,0,0,NA,0,0,0,0,0,0,0,0,0,99.1,51,1484,261.9,65.8,12.69,0.743,0,27.83,17.2,21.92,17.46,143.9,58.77,1.074,4.475
"2019-11-10",NA,0,0,NA,0,0,0,0,0,0,0,0,0,100,56.72,1398,237.5,63.26,12.34,0.8,29.72,27.16,16.85,23.52,17.14,35.38,38.67,1.477,7.625
"2019-11-11",NA,0,0,NA,0,0,0,0,0,0,0,0,0,100,81.9,941,111.3,47.63,6.677,0.383,2.794,26.35,20.78,23.06,20.92,37.35,29.33,1.359,6.65
"2019-11-12",NA,0,0,NA,0,0,0,0,0,0,0,0,0,98.5,70.4,1505,213.7,63.67,11.04,0.659,0,28.12,22.45,24.39,22.27,22.74,25.55,2,6.2
"2019-11-13",NA,0,0,NA,0,0,0,0,0,0,0,0,0,99.2,83.3,804,105.3,45.39,6.098,0.445,0.508,26.07,22.45,24.15,22.55,18.46,29.06,2.541,7.1
"2019-11-14",NA,0,0,NA,0,0,0,0,0,0,0,0,0,100,86.5,757.1,120.6,41.44,7.23,0.358,20.32,24.57,16.92,21.64,17,142.2,81.2,1.648,6.275
"2019-11-15",NA,0,0,NA,0,0,0,0,0,0,0,0,0,98.2,59.59,1282,286.8,63.36,14.59,1.055,0.254,27.24,16.31,21.77,16.29,202.5,40.91,1.739,7.025
"2019-11-16",NA,0,0,NA,0,0,0,0,0,0,0,0,0,92.4,49.86,1314,425.2,62.95,21.17,1.523,0,29.19,18.6,23.92,18.9,178.3,48.26,1.94,5.975
"2019-11-17",NA,0,0,NA,0,0,0,0,0,0,0,0,0,97.1,47.87,1099,418.1,54.52,20.49,1.41,0,28.51,17.25,24.82,17.85,94.2,76.21,1.593,7.325
"2019-11-18",NA,0,0,NA,0,0,0,0,0,0,0,0,0,99.3,77.77,855,113.2,43.68,6.786,0.374,5.334,22.35,19.14,21.14,19.6,174.7,38.06,0.518,3.65
"2019-11-19",NA,0,0,NA,0,0,0,0,0,0,0,0,0,98.7,67.58,1376,372.7,68.53,18.73,1.205,3.302,31.83,20.3,25.7,20.78,36.8,73.86,1.491,6.05
"2019-11-20",NA,0,0,NA,0,0,0,0,0,0,0,0,0,100,67.54,1010,170.8,42.66,9.42,0.64,0.762,25.56,19.27,22.23,19.56,160.9,45.6,0.991,5.45
"2019-11-21",NA,0,0,NA,0,0,0,0,0,0,0,0,0,100,66.44,1613,273.3,74.93,13.98,0.912,0.762,29.25,19.92,24.78,20.41,28.74,42.74,0.858,4.775
"2019-11-22",NA,0,0,NA,0,0,0,0,0,0,0,0,0,100,67.61,1298,276.5,58.08,13.59,0.935,0,30.02,21.81,26.84,21.68,71.54,45.23,1.014,4.625
"2019-11-23",NA,0,0,NA,0,0,0,0,0,0,0,0,0,97.9,69.66,1421,338.9,64.37,16.65,1.015,2.032,31.27,23.8,27.52,23.66,11.46,39.08,2.112,8.83
"2019-11-24",NA,0,0,NA,0,0,0,0,0,0,0,0,0,97.2,67.79,1522,336.6,66.4,16.98,1.033,0,30.88,23.23,26.65,23.46,144,60.22,1.325,6.2
"2019-11-25",NA,0,0,NA,0,0,0,0,0,0,0,0,0,99.1,64.51,1460,330.5,64.78,16.35,1.077,1.016,29.47,21.52,25.89,21.83,144.8,52.47,1.101,5.375
"2019-11-26",NA,0,0,NA,0,0,0,0,0,0,0,0,0,99.5,67.37,1341,279.8,59.09,14.12,0.957,0,29.09,20.19,25.6,20.69,126.2,55.05,0.973,5.225
"2019-11-27",NA,0,0,NA,0,0,0,0,0,0,0,0,0,99.9,61.83,1410,396.1,61.33,18.93,1.302,0,32.49,20.64,27.93,20.63,10.09,30.77,1.413,6.575
"2019-11-28",NA,0,0,NA,0,0,0,0,0,0,0,0,0,100,61.6,1407,347.4,58.28,16.23,1.161,0,31.44,23.05,28.41,23.38,99.3,50.9,0.882,4.85
"2019-11-29",NA,0,0,NA,0,0,0,0,0,0,0,0,0,100,36.13,1088,420.3,53,19.93,1.426,0,37.26,21.77,29.4,21.75,16.03,28.95,2.007,7.1
"2019-11-30",NA,0,0,NA,0,0,0,0,0,0,0,0,0,99.2,29.66,1094,421.3,52.79,19.88,1.452,0,39.24,21.57,29.52,21.21,14.9,45.97,1.859,5.975
"2019-12-01",NA,0,0,NA,0,0,0,0,0,0,0,0,0,98,54.44,1398,378.4,62.75,18.43,1.246,0,30.55,20.1,26.8,20.93,151.9,46.58,1.452,5.75
"2019-12-02",NA,0,0,NA,0,0,0,0,0,0,0,0,0,99.9,53.76,1095,421.9,54.63,20.63,1.508,0,32.55,19.35,28.16,19.23,15.54,30.5,1.714,7.025
"2019-12-03",NA,0,0,NA,0,0,0,0,0,0,0,0,0,99.4,35.26,1221,399.7,55.44,19.22,1.342,0,40.81,19.55,28.4,20.1,60.24,96.3,2.585,9.8
"2019-12-04",NA,0,0,NA,0,0,0,0,0,0,0,0,0,100,91.4,301.5,69.62,20.72,4.769,0.304,35.31,19.64,16.42,18.04,17.01,193.2,44.17,1.502,5.825
"2019-12-05",NA,0,0,NA,0,0,0,0,0,0,0,0,0,100,65.27,551.1,133,28.85,8.22,0.585,0.254,22.76,16.31,20.02,16.72,200.9,33.16,0.603,3.35
"2019-12-06",NA,0,0,NA,0,0,0,0,0,0,0,0,0,96.7,57.63,1288,200.2,58.49,10.7,0.668,0.254,26.28,17.07,22.11,17.87,358.7,25.99,0.793,4.625
"2019-12-07",NA,0,0,NA,0,0,0,0,0,0,0,0,0,100,45.79,1446,388.5,65.18,19.28,1.271,0.254,34.12,20.32,26.34,20.06,59.93,73.27,1.019,5
"2019-12-08",NA,0,0,NA,0,0,0,0,0,0,0,0,0,98.7,62.49,1270,207.9,59.3,11.48,0.801,7.366,27.61,20.27,23.94,20.58,164.6,44.87,1.144,4.55
"2019-12-09",NA,0,0,NA,0,0,0,0,0,0,0,0,0,100,81.8,389.1,84.7,24.17,5.703,0.408,14.73,22.33,18.99,20.65,19.41,172,40.12,0.798,4.25
"2019-12-10",NA,0,0,NA,0,0,0,0,0,0,0,0,0,100,83.8,330.1,75.84,22.45,5.237,0.349,20.07,19.33,16.71,18.72,17.24,199.8,38.56,1.252,4.325
"2019-12-11",NA,0,0,NA,0,0,0,0,0,0,0,0,0,100,63.48,1622,287.4,75.45,15.1,0.972,2.794,29.22,18.82,23.84,19.25,339.4,69.78,0.665,4.025
"2019-12-12",NA,0,0,NA,0,0,0,0,0,0,0,0,0,100,67.56,1530,363.5,70.98,18.02,1.176,6.096,27.97,20.66,24.08,20.76,166.3,48.98,1.558,5.825
"2019-12-13",NA,0,0,NA,0,0,0,0,0,0,0,0,0,99.1,50.63,1494,421.7,70.47,20.81,1.481,0,28.49,19.76,25.18,20.06,148.8,53.12,0.959,5.6
"2019-12-14",NA,0,0,NA,0,0,0,0,0,0,0,0,0,99.2,61.57,1512,324,70.47,16.07,1.165,0,28.81,19.81,25.85,20.45,22.11,33.8,1.618,7.325
"2019-12-15",NA,0,0,NA,0,0,0,0,0,0,0,0,0,96.8,53.24,1100,429.4,55.13,21.09,1.364,0.254,34.79,19.05,26.89,19.28,24.52,80.5,2.438,8
"2019-12-16",NA,0,0,NA,0,0,0,0,0,0,0,0,0,88.7,53.55,1502,416.6,68.03,20.28,1.375,0,27.1,18.98,24.2,19.5,156.8,47.6,1.315,7.325
"2019-12-17",NA,0,0,NA,0,0,0,0,0,0,0,0,0,97,60.92,1388,308.6,65.91,15.15,1.065,0.508,27.86,18.47,24.36,19.37,17,46.12,1.577,7.4
"2019-12-18",NA,0,0,NA,0,0,0,0,0,0,0,0,0,97.8,49.29,1113,430.1,54.93,20.84,1.516,0,33.08,18.8,27.03,19.16,4.602,33.58,2.215,7.625
"2019-12-19",NA,0,0,NA,0,0,0,0,0,0,0,0,0,95.5,55.96,1222,397.9,57.27,19.51,1.312,0,32.26,22.82,28.25,23.31,53.1,67.06,1.098,5.075
"2019-12-20",NA,0,0,NA,0,0,0,0,0,0,0,0,0,97.8,66.39,1362,385.3,58.99,18.28,1.297,0,32.12,21.67,29.23,22.22,59.99,38.73,1.207,5.9
"2019-12-21",NA,0,0,NA,0,0,0,0,0,0,0,0,0,100,55.97,1086,410.5,48.94,18.45,1.325,0,33.23,22.59,29.28,22.12,16.37,34.69,1.725,7.1
"2019-12-22",NA,0,0,NA,0,0,0,0,0,0,0,0,0,98.8,55.63,1594,407.1,60.32,18.75,1.346,0,30.73,22.61,26.92,22.96,175,50.28,2.228,7.4
"2019-12-23",NA,0,0,NA,0,0,0,0,0,0,0,0,0,96.4,61.24,1642,367.8,65.5,17.32,1.162,0,31.04,21.14,27.74,21.38,70.36,79.46,1.581,5.675
"2019-12-24",NA,0,0,NA,0,0,0,0,0,0,0,0,0,99,49.15,1089,419.3,53.71,20.17,1.462,0,35.67,22.78,29.64,23.18,12.9,32.45,2.161,6.875
"2019-12-25",NA,0,0,NA,0,0,0,0,0,0,0,0,0,98.8,65.95,1232,388.5,54.43,18.53,1.256,0,33.01,23.81,30.25,24.46,58.72,46,1.183,5.675
"2019-12-26",NA,0,0,NA,0,0,0,0,0,0,0,0,0,100,27.65,1086,416.8,52.99,19.22,1.336,0,42.89,22.56,31.99,22.98,17.77,38.1,1.414,6.35
"2019-12-27",NA,0,0,NA,0,0,0,0,0,0,0,0,0,100,43.23,1427,331.2,68.14,16.78,1.031,1.27,30.48,21.08,25.76,21.08,165.4,43.32,1.792,8.53
"2019-12-28",NA,0,0,NA,0,0,0,0,0,0,0,0,0,90.7,48.42,1358,369.1,60.83,18.22,1.209,0,29.9,20.06,24.69,20.17,163.7,46.32,1.138,4.85
"2019-12-29",NA,0,0,NA,0,0,0,0,0,0,0,0,0,96.1,55.36,1518,370.8,67.83,18.24,1.28,0,30.57,19.58,27.36,19.85,37.7,30.99,1.681,7.175
"2019-12-30",NA,0,0,NA,0,0,0,0,0,0,0,0,0,95.6,52.9,1375,368.7,61.43,18.3,1.266,0,32.33,22.02,28.57,22.9,33.77,26.6,1.371,7.1
"2019-12-31",NA,0,0,NA,0,0,0,0,0,0,0,0,0,97.8,61.06,1347,316.6,62.35,16.13,1.042,0.254,32.46,22.15,27.35,22.88,157.5,42.94,1.087,5.75
"2020-01-01",NA,0,0,NA,0,0,0,0,0,0,0,0,0,95.7,50,1356,411.9,64.89,20.43,1.401,0,33.57,22.45,28.67,22.66,116.4,61.05,1.523,5.975
"2020-01-02",NA,0,0,NA,0,0,0,0,0,0,0,0,0,97,55.53,1427,364.4,63.06,17.73,1.236,0,33.63,24.58,30.16,25.36,33.62,36.94,1.489,6.125
"2020-01-03",NA,0,0,NA,0,0,0,0,0,0,0,0,0,95.6,55.35,1388,385.1,62.35,18.87,1.347,0,34.57,24.77,30.75,25.59,28.58,35.05,1.861,7.025
"2020-01-04",NA,0,0,NA,0,0,0,0,0,0,0,0,0,95.3,56.16,1099,419.7,54.94,20.76,1.47,0,34.63,24.7,30.66,25.04,23.53,31.28,2.336,7.475
"2020-01-05",NA,0,0,NA,0,0,0,0,0,0,0,0,0,94.8,55.69,1216,359.2,59.1,17.91,1.222,0,33.5,24.52,29.5,24.67,12.41,35.78,2.024,6.875
"2020-01-06",NA,0,0,NA,0,0,0,0,0,0,0,0,0,98.2,37.9,1243,408.3,56.05,19.54,1.377,0,34.85,23.51,30.55,24.15,33.04,33.16,1.6,8.3
"2020-01-07",NA,0,0,NA,0,0,0,0,0,0,0,0,0,98.8,43.91,1101,426.7,54.94,20.81,1.52,0,33.83,21.06,29.63,21.52,44.13,29.25,1.322,6.575
"2020-01-08",NA,0,0,NA,0,0,0,0,0,0,0,0,0,99.4,40.96,1260,427.8,61.94,20.82,1.508,0,34.72,20.76,30.21,20.95,23.06,38.26,1.705,7.4
"2020-01-09",NA,0,0,NA,0,0,0,0,0,0,0,0,0,97.9,47.18,1284,300,59,15.37,1.052,6.096,36.57,24.77,30.93,24.93,15.29,63.13,1.56,6.35
"2020-01-10",NA,0,0,NA,0,0,0,0,0,0,0,0,0,99.8,81.3,511.8,119.5,30.47,7.507,0.498,20.57,26.71,22.7,24.64,22.94,182.9,46.85,1.357,4.625
"2020-01-11",NA,0,0,NA,0,0,0,0,0,0,0,0,0,100,58.49,1498,407.9,68.44,20.21,1.413,0.254,31.3,21.85,27.02,22.08,156.3,54.7,1.128,5.375
"2020-01-12",NA,0,0,NA,0,0,0,0,0,0,0,0,0,99.2,52.4,1273,425.6,61.94,20.96,1.49,0,33.27,20.68,29.14,21.63,43.07,41.7,1.288,6.2
"2020-01-13",NA,0,0,NA,0,0,0,0,0,0,0,0,0,98.7,56.06,1342,415.5,64.08,20.62,1.316,0,32.43,23.17,28.81,23.75,122.7,49.32,0.982,6.575
"2020-01-14",NA,0,0,NA,0,0,0,0,0,0,0,0,0,99.1,50.16,1336,406.6,61.64,20.04,1.366,1.778,32.25,22.59,27.88,22.78,138.1,50.28,0.942,6.2
"2020-01-15",NA,0,0,NA,0,0,0,0,0,0,0,0,0,96.9,49.58,1293,419.2,59.61,20.44,1.442,0.254,32.64,21.37,28.17,21.81,165.3,49.31,1.083,6.8
"2020-01-16",NA,0,0,NA,0,0,0,0,0,0,0,0,0,99.8,63.59,1469,382.1,68.34,18.53,1.233,8.13,32.19,22.62,27.5,23.07,159,56.76,1.026,6.125
"2020-01-17",NA,0,0,NA,0,0,0,0,0,0,0,0,0,98.9,56.62,1295,424.7,62.35,20.96,1.504,0,33.59,23.07,30.03,23.41,44.73,72.48,1.5,5.9
"2020-01-18",NA,0,0,NA,0,0,0,0,0,0,0,0,0,99.8,54.85,1386,318.4,63.16,15.51,0.85,59.69,35,24.04,28.04,24.1,57.93,60.09,0.671,6.575
"2020-01-19",NA,0,0,NA,0,0,0,0,0,0,0,0,0,99.4,64.33,1539,249.6,72.81,13.65,0.941,1.778,29.03,20.1,25.02,20.5,181,49.24,2.101,7.175
"2020-01-20",NA,0,0,NA,0,0,0,0,0,0,0,0,0,99.7,53.84,1468,243.1,71.91,12.58,0.802,9.14,27.22,18.46,22.4,19.39,185,45.99,1.079,5.15
"2020-01-21",NA,0,0,NA,0,0,0,0,0,0,0,0,0,97.7,51.05,1348,347.3,63.98,17.63,1.269,1.016,28.22,18.34,24.18,19.34,101.6,47.77,0.872,5.3
"2020-01-22",NA,0,0,NA,0,0,0,0,0,0,0,0,0,91.5,56.12,1478,310.6,68.04,15.72,1.071,0,28.77,20.77,26.15,21.46,51.74,33.41,0.829,5.3
"2020-01-23",NA,0,0,NA,0,0,0,0,0,0,0,0,0,98.3,58.73,1433,326.8,65.91,16.01,1.07,0,31.27,20.91,26.67,21.95,141.3,49.51,0.81,6.125
"2020-01-24",NA,0,0,NA,0,0,0,0,0,0,0,0,0,98.3,58.1,1592,349.2,73.72,17.43,1.175,0,29.92,20.62,26.53,21.05,49.48,70.94,1.245,6.125
"2020-01-25",NA,0,0,NA,0,0,0,0,0,0,0,0,0,92.5,59.82,1266,282.9,60.12,14.6,0.88,0,30.49,22.57,26.91,23.31,16.42,27.79,1.603,7.325
"2020-01-26",NA,0,0,NA,0,0,0,0,0,0,0,0,0,96.2,41.66,1084,415.6,54.23,20.3,1.437,0,36.88,22.63,29.69,23.17,7.999,42.5,2.173,6.65
"2020-01-27",NA,0,0,NA,0,0,0,0,0,0,0,0,0,97.9,58.66,1456,323.8,69.16,16.6,1.042,1.778,28,20.34,24.36,21.04,175.4,50.08,2.063,7.025
"2020-01-28",NA,0,0,NA,0,0,0,0,0,0,0,0,0,93.8,57.43,1554,342.8,68.55,16.73,1.188,0,29.07,19.8,25.99,19.73,99.9,78.05,1.104,5.75
"2020-01-29",NA,0,0,NA,0,0,0,0,0,0,0,0,0,97.8,56.79,1334,402.7,58.29,19.47,1.34,0,32.03,18.86,27.45,19.32,23.33,28.17,1.262,5.675
"2020-01-30",NA,0,0,NA,0,0,0,0,0,0,0,0,0,98.6,54.41,1349,399.6,61.34,19.62,1.344,0,31.68,20.65,28.41,20.98,73.82,32.68,1.015,5.525
"2020-01-31",NA,0,0,NA,0,0,0,0,0,0,0,0,0,98.2,54.42,1079,412.3,54.23,20.18,1.449,0,32.89,20.53,28.5,21.5,23.49,27.71,1.836,7.7
"2020-02-01",NA,0,0,NA,0,0,0,0,0,0,0,0,0,98,53.06,1421,375.3,60.73,18.07,1.267,0,32.63,21.5,28.85,22.01,30.31,35.4,1.465,6.8
"2020-02-02",NA,0,0,NA,0,0,0,0,0,0,0,0,0,100,43.8,1223,422.8,55.95,20.53,1.456,0,32.61,20.27,28.67,20.48,52.38,31.43,1.35,5.9
"2020-02-03",NA,0,0,NA,0,0,0,0,0,0,0,0,0,99.3,48.7,1255,419.4,62.15,20.4,1.436,0,32.72,20.59,29.23,21.13,70.57,53.55,1.321,7.625
"2020-02-04",NA,0,0,NA,0,0,0,0,0,0,0,0,0,100,55.04,1357,402.2,60.22,18.32,1.257,0,33.09,21.15,29.31,21.69,37.8,29.96,1.44,7.25
"2020-02-05",NA,0,0,NA,0,0,0,0,0,0,0,0,0,99.3,54.89,1263,413.4,53.62,18.65,1.275,0,34.88,22.17,30.13,23.05,21.55,27.32,1.971,8.3
"2020-02-06",NA,0,0,NA,0,0,0,0,0,0,0,0,0,99.6,50.59,1115,288.1,47.02,13.25,0.796,1.524,35.67,22.75,29.36,23.39,39.07,61.5,0.951,5.45
"2020-02-07",NA,0,0,NA,0,0,0,0,0,0,0,0,0,99.9,71.21,1455,194.8,64.39,10.66,0.717,6.096,30.26,22.56,26.18,22.67,165.8,47.39,0.563,4.325
"2020-02-08",NA,0,0,NA,0,0,0,0,0,0,0,0,0,100,64.67,1552,332.6,71.69,17.26,1.076,1.778,32.43,22.48,27.89,23.03,14.88,33.43,1.428,6.8
"2020-02-09",NA,0,0,NA,0,0,0,0,0,0,0,0,0,100,80.7,605.7,87.6,33.31,5.492,0.352,3.302,28.3,24.05,26.21,24.42,129.5,64.66,0.521,4.025
"2020-02-10",NA,1,0,NA,0,0,0,0,1,0,0,0,0,100,96,219.2,51.98,15.54,3.808,0.27,57.91,24.2,22.08,23.58,22.43,164.4,42.45,0.9,4.775
"2020-02-11",NA,0,0,NA,0,0,0,0,0,0,0,0,0,100,64.05,634,150.5,35.64,9.16,0.607,1.016,27.37,22.22,24.04,22.14,167.1,44.77,1.228,5.375
"2020-02-12",NA,0,0,NA,0,0,0,0,0,0,0,0,0,94.3,70.63,822,173.7,40.82,9.95,0.677,6.604,27.15,21.08,23.92,21.17,192.8,34.61,0.777,4.25
"2020-02-13",NA,0,0,NA,0,0,0,0,0,0,0,0,0,98.2,52.79,1309,404.9,62.25,20.01,1.389,0,32.01,20.28,27.06,20.29,358.9,80.3,1.172,5.3
"2020-02-14",NA,0,0,NA,0,0,0,0,0,0,0,0,0,100,48.58,1147,407.1,56.87,20.19,1.415,0,34.66,21.77,28.52,21.92,10.78,33.24,1.124,6.5
"2020-02-15",NA,0,0,NA,0,0,0,0,0,0,0,0,0,100,48.32,1232,410.6,59.1,20.05,1.398,0,35.3,22.19,29.11,22.33,44.01,46.95,1.103,5.675
"2020-02-16",NA,0,0,NA,0,0,0,0,0,0,0,0,0,100,52.87,1323,404.6,61.84,19.73,1.346,0,32.81,22.11,28.36,22.28,72.38,39.45,0.85,5.15
"2020-02-17",NA,0,0,NA,0,0,0,0,0,0,0,0,0,99.5,49.71,1254,417.5,60.42,20.28,1.392,0,34.22,21.97,29.52,22.25,11.18,56.32,1.09,6.05
"2020-02-18",NA,0,0,NA,0,0,0,0,0,0,0,0,0,98.7,53.39,1440,394.1,63.26,19.48,1.316,4.064,33.61,23.73,28.97,24.39,165.4,51.1,1.103,5.45
"2020-02-19",NA,0,0,NA,0,0,0,0,0,0,0,0,0,99.2,53.35,1285,391.7,58.49,19.59,1.313,0.254,32.84,22.79,28.24,23.03,155.9,51.34,0.805,4.325
"2020-02-20",NA,0,0,NA,0,0,0,0,0,0,0,0,0,99.8,51.67,1237,381.8,56.77,18.63,1.196,0.254,33.96,22.67,29.49,23.67,20.28,35.31,0.918,5.9
"2020-02-21",NA,0,0,NA,0,0,0,0,0,0,0,0,0,99.7,63.53,1466,364.7,67.63,18.45,1.116,6.35,31.18,23.39,28.02,24,80.8,42.23,0.601,4.175
"2020-02-22",NA,0,0,NA,0,0,0,0,0,0,0,0,0,100,58.63,1256,388.1,61.94,19.4,1.251,0.254,33.32,22.22,28.88,23.03,15.34,33.11,1.02,5.975
"2020-02-23",NA,0,0,NA,0,0,0,0,0,0,0,0,0,99.4,59.72,501.2,109.7,29.26,6.855,0.382,9.65,26.08,19.92,23.14,20.1,180.6,49.99,2.011,8.68
"2020-02-24",NA,0,0,NA,0,0,0,0,0,0,0,0,0,98.9,50.7,1450,331.9,66.52,16.78,1.072,2.286,28.32,18.02,22.51,18.52,184.1,45.24,1.051,5.3
"2020-02-25",NA,0,0,NA,0,0,0,0,0,0,0,0,0,96.1,52.65,1499,313.9,68.25,15.74,1.012,0,29.08,18.1,23.49,18.64,166.5,60.79,0.784,4.85
"2020-02-26",NA,0,0,NA,0,0,0,0,0,0,0,0,0,98.1,47.75,1247,399.1,59.61,19.43,1.336,0,31.48,17.66,25.27,17.83,7.05,34.02,1.225,6.5
"2020-02-27",NA,0,0,NA,0,0,0,0,0,0,0,0,0,99.9,54.32,1360,390.8,61.84,18.94,1.275,0,31.97,19.52,27.36,20.15,19.67,37.47,1.342,6.275
"2020-02-28",NA,0,0,NA,0,0,0,0,0,0,0,0,0,98.2,68.46,704.9,129.7,29.56,7.744,0.507,4.572,25.84,19.65,23.55,19.97,175.2,47.12,1.623,6.5
"2020-02-29",NA,0,0,NA,0,0,0,0,0,0,0,0,0,98.9,61.38,1327,187.2,65.31,10.53,0.611,1.778,26.19,18.01,20.88,18.5,196,41.17,1.059,4.85
"2020-03-01",NA,0,0,NA,0,0,0,0,0,0,0,0,0,99.3,50.61,1526,327.7,71.59,16,1.097,0,28.01,17.08,23.05,17.21,143.3,69.9,0.916,4.7
"2020-03-02",NA,0,0,NA,0,0,0,0,0,0,0,0,0,96.1,49.29,1374,325.1,60.42,16.6,1.09,0,29.41,16.85,24.36,17.32,20.24,24.05,0.944,5.6
"2020-03-03",NA,0,0,NA,0,0,0,0,0,0,0,0,0,95.9,48.21,1289,347.7,56.97,16.7,1.13,0,30.82,19.06,25.85,19.07,30.93,33.24,0.902,5.45
"2020-03-04",NA,0,0,NA,0,0,0,0,0,0,0,0,0,98.4,48.44,1312,383.8,59.91,18.59,1.209,0,31.09,19.12,25.97,19.61,44.07,33.28,0.96,6.275
"2020-03-05",NA,0,0,NA,0,0,0,0,0,0,0,0,0,96.8,47.91,1172,402.3,54.84,19.12,1.3,0,31.13,17.81,25.97,18.2,36.29,36.59,1.051,6.2
"2020-03-06",NA,0,0,NA,0,0,0,0,0,0,0,0,0,97.3,46.13,1353,355,61.34,17.56,1.156,0.508,31.16,18.37,25.48,18.48,141.2,53.43,0.896,4.925
"2020-03-07",NA,0,0,NA,0,0,0,0,0,0,0,0,0,97.5,51.51,1267,365.5,57.68,17.66,1.143,0,30.64,19.19,26.22,19.35,87.3,34.77,0.921,5.525
"2020-03-08",NA,0,0,NA,0,0,0,0,0,0,0,0,0,97.9,53.62,1214,376,57.27,18.45,1.215,0,31.57,19.05,26.9,19.14,38.25,61.29,1.019,6.05
"2020-03-09",NA,0,0,NA,0,0,0,0,0,0,0,0,0,99.8,57.42,1364,270.8,62.86,14,0.923,0,31.44,18.79,26.43,19.09,43.33,42.82,0.837,5.45
"2020-03-10",NA,0,0,NA,0,0,0,0,0,0,0,0,0,99.6,54.51,1229,346.9,57.58,17.1,1.123,0,31.77,20.42,27.47,20.93,39.05,28.87,1.038,6.2
"2020-03-11",NA,0,0,NA,0,0,0,0,0,0,0,0,0,99.9,51.4,1213,344.3,51.08,16.34,1.01,0,33.55,19.75,27.67,20.44,34.23,55.16,1,6.05
"2020-03-12",NA,0,0,NA,0,0,0,0,0,0,0,0,0,96.5,47.76,1000,358.4,49.45,17.69,1.151,0,33.17,21.02,27.66,21.18,145,53.41,0.909,6.2
"2020-03-13",NA,0,0,NA,0,0,0,0,0,0,0,0,0,100,49.11,1186,337.1,50.17,16.3,1.061,0,34.07,21.23,28.76,21.36,20.17,33.76,1.217,6.425
"2020-03-14",NA,0,0,NA,0,0,0,0,0,0,0,0,0,99.5,56.71,1181,287.9,48.84,13.9,0.924,0,33.52,22.89,28.87,23.17,21.86,31.04,1.126,6.8
"2020-03-15",NA,0,0,NA,0,0,0,0,0,0,0,0,0,100,61.87,1275,316.6,56.56,15.44,0.983,1.27,32.44,22.89,28.06,23.3,77.1,32.64,0.709,5.3
"2020-03-16",NA,0,0,NA,0,0,0,0,0,0,0,0,0,99.9,67.93,1296,197.4,60.22,10.98,0.654,16.51,29.01,20.02,24.45,20.27,186.7,44.54,1.302,5.15
"2020-03-17",NA,0,0,NA,0,0,0,0,0,0,0,0,0,97.5,47.34,1302,317.2,59.92,15.89,0.973,0.762,28.2,18.29,22.81,18.87,162.8,53.8,0.91,5.075
"2020-03-18",NA,0,0,NA,0,0,0,0,0,0,0,0,0,94.9,52.31,1252,336.9,54.94,16.45,1.06,0,29.46,17.99,24.83,18.49,13.73,32.48,1.164,6.275
"2020-03-19",NA,0,0,NA,0,0,0,0,0,0,0,0,0,98.4,49.81,967,355.4,47.83,17.49,1.158,0,31.48,18.73,26.37,19.44,6.565,32.78,0.995,5.225
"2020-03-20",NA,0,0,NA,0,0,0,0,0,0,0,0,0,100,57.11,1176,337.1,50.67,16.16,1.015,0,31.39,19.1,26.49,19.92,16.48,27.11,1.251,6.275
"2020-03-21",NA,0,0,NA,0,0,0,0,0,0,0,0,0,99,56.61,1205,336.9,53.41,16.33,0.986,0,31.61,20.8,27.25,21.84,19.52,35.41,0.941,5.675
"2020-03-22",NA,0,0,NA,0,0,0,0,0,0,0,0,0,99.8,48.48,1101,339.6,51.79,16.55,1.069,0,32.02,19.45,27.06,20.1,19.13,30.89,0.984,6.2
"2020-03-23",NA,0,0,NA,0,0,0,0,0,0,0,0,0,99.2,58.15,1003,336.7,47.02,16.4,0.976,0,31.3,20.17,26.97,20.82,21.49,27.08,0.967,5.75
"2020-03-24",NA,0,0,NA,0,0,0,0,0,0,0,0,0,99.2,38.63,1012,346.3,47.73,16.54,1.078,0,35.45,21.43,28.3,21.59,17.13,63.67,0.789,5.375
"2020-03-25",NA,0,0,NA,0,0,0,0,0,0,0,0,0,100,53.66,1070,347.3,49.96,16.94,1.084,0.762,31.95,21.31,27.42,21.32,59.72,61.96,0.988,6.275
"2020-03-26",NA,0,0,NA,0,0,0,0,0,0,0,0,0,100,53.45,1235,262.1,52.7,12.94,0.795,5.334,34.21,19.15,25.63,19.65,186.3,79.85,1.607,6.8
"2020-03-27",NA,0,0,NA,0,0,0,0,0,0,0,0,0,100,66.25,1321,284.5,59.61,14.6,0.835,3.81,27.1,18.04,21.96,18.3,185.9,45.15,1.399,5.675
"2020-03-28",NA,0,0,NA,0,0,0,0,0,0,0,0,0,100,57.31,1206,339.2,54.03,16.36,0.97,0,28.25,18.55,23.78,19,50.71,54.54,0.969,5.6
"2020-03-29",NA,0,0,NA,0,0,0,0,0,0,0,0,0,98.8,53.88,1173,326.6,52.2,15.73,0.968,0,30.7,17.57,24.89,18.16,11.59,28.58,0.879,5.6
"2020-03-30",NA,0,0,NA,0,0,0,0,0,0,0,0,0,99.8,57.31,1119,300.1,50.67,14.57,0.919,0,29.99,18.63,25.22,18.81,35.26,25.28,0.912,5.9
"2020-03-31",NA,0,0,NA,0,0,0,0,0,0,0,0,0,100,46.89,1043,328,44.17,15.49,0.968,0,31.49,17.01,25.29,17.78,7.507,31.62,1.385,6.425
"2020-04-01",NA,0,0,NA,0,0,0,0,0,0,0,0,0,97.3,52.81,1138,191.4,50.98,10.46,0.57,0,29.06,20.01,23.91,20.17,188.9,59.52,1.575,6.8
"2020-04-02",NA,0,0,NA,0,0,0,0,0,0,0,0,0,95.9,47.2,1277,278.8,57.79,13.55,0.839,0.762,27.08,17.49,22.42,17.75,166.1,47.74,1.687,6.95
"2020-04-03",NA,0,0,NA,0,0,0,0,0,0,0,0,0,98.4,74.3,673.9,135,31.49,7.798,0.49,3.302,24.45,17.21,21,17.53,188.6,35.45,0.598,4.1
"2020-04-04",NA,0,0,NA,0,0,0,0,0,0,0,0,0,100,78.58,752.8,140.8,37.89,8.3,0.441,48.01,25.13,19.52,21.92,19.85,345.4,41.87,0.677,3.875
"2020-04-05",NA,0,0,NA,0,0,0,0,0,0,0,0,0,100,67.59,1090,302.3,48.34,14.44,0.924,0.254,28.88,18.63,23.91,18.7,14.97,27.7,1.019,5.975
"2020-04-06",NA,0,0,NA,0,0,0,0,0,0,0,0,0,100,41.38,869,326.9,42.65,15.73,1.017,0,34.93,20.08,26.71,19.3,11.47,29.48,0.791,4.175
"2020-04-07",NA,0,0,NA,0,0,0,0,0,0,0,0,0,100,68.05,1195,278.9,51.59,13.52,0.811,4.826,29.36,18.64,24.17,18.95,172.5,51.18,1.446,6.65
"2020-04-08",NA,0,0,NA,0,0,0,0,0,0,0,0,0,98.5,84.3,775.4,102.4,39.82,6.146,0.341,0.254,21.63,17.23,19.16,17.79,197.1,37.89,1.044,4.25
"2020-04-09",NA,0,0,NA,0,0,0,0,0,0,0,0,0,100,91.5,321.8,70.59,19.61,4.439,0.266,1.27,21.81,17.94,20.09,18.36,196,25.59,0.369,2.6
"2020-04-10",NA,0,0,NA,0,0,0,0,0,0,0,0,0,100,67.13,849,197.6,40.22,10.39,0.665,0,26.71,18.16,22.84,18.03,17.52,25.55,1.056,5.75
"2020-04-11",NA,0,0,NA,0,0,0,0,0,0,0,0,0,99.3,59.44,972,294.5,43.67,14.16,0.904,0,28.84,18.47,23.53,18.76,3.563,30.4,1.201,6.65
"2020-04-12",NA,0,0,NA,0,0,0,0,0,0,0,0,0,100,44.03,833,310.2,41.13,14.94,0.952,0,35.13,18.74,26.14,18.74,6.916,39.98,1.011,4.55
"2020-04-13",NA,0,0,NA,0,0,0,0,0,0,0,0,0,100,79.96,1043,148.9,45.3,7.989,0.452,0,28.3,21.55,24.96,21.33,160.1,37.11,0.875,5.3
"2020-04-14",NA,0,0,NA,0,0,0,0,0,0,0,0,0,100,67.61,955,249.3,40.92,11.87,0.707,21.84,30.22,18.59,24.54,19.02,88.4,70.33,0.981,6.05
"2020-04-15",NA,0,0,NA,0,0,0,0,0,0,0,0,0,100,65,1189,241.2,50.07,11.94,0.638,5.334,27.08,17.99,22.18,18.58,296.6,54.57,0.316,2.975
"2020-04-16",NA,0,0,NA,0,0,0,0,0,0,0,0,0,100,71.18,1017,197.3,42.76,9.81,0.574,10.92,27.7,19.52,23.12,19.7,152,49.89,0.815,4.775
"2020-04-17",NA,0,0,NA,0,0,0,0,0,0,0,0,0,99.9,61.74,1000,295.9,41.74,13.47,0.829,0.254,28.4,17.77,22.73,18.26,163.2,42.62,0.635,4.475
"2020-04-18",NA,0,0,NA,0,0,0,0,0,0,0,0,0,100,62.73,1056,270.6,40.82,12.25,0.779,0,29.43,17.47,23.27,17.97,123.7,52.78,0.719,4.4
"2020-04-19",NA,0,0,NA,0,0,0,0,0,0,0,0,0,99,49.16,892,306.9,40.31,14.4,0.901,0,28.46,17.09,22.44,16.42,118.6,37.3,0.598,5.45
"2020-04-20",NA,0,0,NA,0,0,0,0,0,0,0,0,0,100,65.2,1057,272.3,46,12.96,0.788,0,28.85,16.28,22.2,16.37,138.7,61.25,0.764,4.55
"2020-04-21",NA,0,0,NA,0,0,0,0,0,0,0,0,0,100,58.43,986,288.6,42.55,13.81,0.842,0,29.93,18.36,23.48,18.1,168.1,42.38,0.619,4.4
"2020-04-22",NA,0,0,NA,0,0,0,0,0,0,0,0,0,100,54.1,1045,291.7,42.04,13.89,0.867,0,29.68,19.55,23.65,19.26,171,48.44,0.723,3.95
"2020-04-23",NA,0,0,NA,0,0,0,0,0,0,0,0,0,100,62.09,922,286.4,41.74,13.53,0.838,8.38,29.4,18.92,23.64,19.43,156.3,47.47,0.649,4.1
"2020-04-24",NA,0,0,NA,0,0,0,0,0,0,0,0,0,100,59.01,946,290.2,41.33,13.47,0.837,0,29.35,18.07,23.78,18.57,9.35,36.93,0.71,4.85
"2020-04-25",NA,0,0,NA,0,0,0,0,0,0,0,0,0,100,56.27,897,262.2,38.18,12.2,0.757,1.016,29.25,17.8,23.22,17.69,184.9,66.52,0.784,4.775
"2020-04-26",NA,0,0,NA,0,0,0,0,0,0,0,0,0,99.8,72.03,985,174.3,43.47,8.79,0.498,8.89,25.32,18.56,20.95,18.99,164.5,37.68,0.426,3.875
"2020-04-27",NA,0,0,NA,0,0,0,0,0,0,0,0,0,100,57.28,944,259.5,41.23,12.08,0.736,2.032,27.94,17.32,22.73,18.11,355.3,33.09,0.881,6.2
"2020-04-28",NA,0,0,NA,0,0,0,0,0,0,0,0,0,100,81.1,837,111.7,35.05,6.068,0.296,7.366,23.33,17.31,19.84,17.91,188.7,33.7,0.585,3.275
"2020-04-29",NA,0,0,NA,0,0,0,0,0,0,0,0,0,100,49.37,768.1,280.2,36.76,13.16,0.808,1.778,28.2,15.3,20.92,15.85,189.9,50.99,0.464,3.95
"2020-04-30",NA,0,0,NA,0,0,0,0,0,0,0,0,0,100,56.3,828,276.9,39.61,13.36,0.819,0,27.84,14.74,20.93,15.32,197.5,38.18,0.647,4.925
"2020-05-01",NA,0,0,NA,0,0,0,0,0,0,0,0,0,98.9,51.45,851,272.6,39.3,12.97,0.808,0,28.92,17.36,21.59,16.42,190.1,46.86,0.672,3.65
"2020-05-02",NA,0,0,NA,0,0,0,0,0,0,0,0,0,100,37.32,759,281.4,36.05,13.14,0.813,0,29.06,15.11,21.23,15.33,307,60.06,0.56,3.8
"2020-05-03",NA,0,0,NA,0,0,0,0,0,0,0,0,0,100,57.77,737.7,272.3,34.83,12.6,0.77,0,29.54,14.87,21.73,14.97,2.611,41.93,0.6,4.175
"2020-05-04",NA,0,0,NA,0,0,0,0,0,0,0,0,0,100,52.57,915,262.2,36.05,11.34,0.701,0,28.19,18.22,22.26,18.41,183.8,41.01,0.959,4.1
"2020-05-05",NA,0,0,NA,0,0,0,0,0,0,0,0,0,99.7,54.29,720.5,262.7,31.07,11.12,0.687,0,28.76,15.66,22.6,15.94,289.6,73.57,0.812,4.7
"2020-05-06","normal",0,NA,0,NA,NA,NA,NA,NA,NA,NA,NA,NA,NA,NA,NA,NA,NA,NA,NA,NA,NA,NA,NA,NA,NA,NA,NA,NA
"2020-05-07","normal",0,NA,0,NA,NA,NA,NA,NA,NA,NA,NA,NA,NA,NA,NA,NA,NA,NA,NA,NA,NA,NA,NA,NA,NA,NA,NA,NA
"2020-05-08","normal",0,NA,0,NA,NA,NA,NA,NA,NA,NA,NA,NA,NA,NA,NA,NA,NA,NA,NA,NA,NA,NA,NA,NA,NA,NA,NA,NA
"2020-05-09","normal",0,NA,0,NA,NA,NA,NA,NA,NA,NA,NA,NA,NA,NA,NA,NA,NA,NA,NA,NA,NA,NA,NA,NA,NA,NA,NA,NA
"2020-05-10","normal",0,NA,0,NA,NA,NA,NA,NA,NA,NA,NA,NA,NA,NA,NA,NA,NA,NA,NA,NA,NA,NA,NA,NA,NA,NA,NA,NA
"2020-05-11","normal",0,NA,0,NA,NA,NA,NA,NA,NA,NA,NA,NA,NA,NA,NA,NA,NA,NA,NA,NA,NA,NA,NA,NA,NA,NA,NA,NA
"2020-05-12","normal",0,NA,0,NA,NA,NA,NA,NA,NA,NA,NA,NA,NA,NA,NA,NA,NA,NA,NA,NA,NA,NA,NA,NA,NA,NA,NA,NA
"2020-05-13","normal",0,NA,0,NA,NA,NA,NA,NA,NA,NA,NA,NA,NA,NA,NA,NA,NA,NA,NA,NA,NA,NA,NA,NA,NA,NA,NA,NA
"2020-05-14","normal",0,NA,0,NA,NA,NA,NA,NA,NA,NA,NA,NA,NA,NA,NA,NA,NA,NA,NA,NA,NA,NA,NA,NA,NA,NA,NA,NA
"2020-05-15","normal",0,NA,0,NA,NA,NA,NA,NA,NA,NA,NA,NA,NA,NA,NA,NA,NA,NA,NA,NA,NA,NA,NA,NA,NA,NA,NA,NA
"2020-05-16","normal",0,NA,0,NA,NA,NA,NA,NA,NA,NA,NA,NA,NA,NA,NA,NA,NA,NA,NA,NA,NA,NA,NA,NA,NA,NA,NA,NA
"2020-05-17","normal",0,NA,0,NA,NA,NA,NA,NA,NA,NA,NA,NA,NA,NA,NA,NA,NA,NA,NA,NA,NA,NA,NA,NA,NA,NA,NA,NA
"2020-05-18","normal",0,NA,0,NA,NA,NA,NA,NA,NA,NA,NA,NA,NA,NA,NA,NA,NA,NA,NA,NA,NA,NA,NA,NA,NA,NA,NA,NA
"2020-05-19","normal",0,NA,0,NA,NA,NA,NA,NA,NA,NA,NA,NA,NA,NA,NA,NA,NA,NA,NA,NA,NA,NA,NA,NA,NA,NA,NA,NA
"2020-05-20","normal",0,NA,0,NA,NA,NA,NA,NA,NA,NA,NA,NA,NA,NA,NA,NA,NA,NA,NA,NA,NA,NA,NA,NA,NA,NA,NA,NA
"2020-05-21","normal",0,NA,0,NA,NA,NA,NA,NA,NA,NA,NA,NA,NA,NA,NA,NA,NA,NA,NA,NA,NA,NA,NA,NA,NA,NA,NA,NA
"2020-05-22","normal",0,NA,0,NA,NA,NA,NA,NA,NA,NA,NA,NA,NA,NA,NA,NA,NA,NA,NA,NA,NA,NA,NA,NA,NA,NA,NA,NA
"2020-05-23","normal",0,NA,0,NA,NA,NA,NA,NA,NA,NA,NA,NA,NA,NA,NA,NA,NA,NA,NA,NA,NA,NA,NA,NA,NA,NA,NA,NA
"2020-05-24","normal",0,NA,0,NA,NA,NA,NA,NA,NA,NA,NA,NA,NA,NA,NA,NA,NA,NA,NA,NA,NA,NA,NA,NA,NA,NA,NA,NA
"2020-05-25","normal",0,NA,0,NA,NA,NA,NA,NA,NA,NA,NA,NA,NA,NA,NA,NA,NA,NA,NA,NA,NA,NA,NA,NA,NA,NA,NA,NA
"2020-05-26","normal",0,NA,0,NA,NA,NA,NA,NA,NA,NA,NA,NA,NA,NA,NA,NA,NA,NA,NA,NA,NA,NA,NA,NA,NA,NA,NA,NA
"2020-05-27","normal",0,NA,0,NA,NA,NA,NA,NA,NA,NA,NA,NA,NA,NA,NA,NA,NA,NA,NA,NA,NA,NA,NA,NA,NA,NA,NA,NA
"2020-05-28","normal",0,NA,0,NA,NA,NA,NA,NA,NA,NA,NA,NA,NA,NA,NA,NA,NA,NA,NA,NA,NA,NA,NA,NA,NA,NA,NA,NA
"2020-05-29","normal",0,NA,0,NA,NA,NA,NA,NA,NA,NA,NA,NA,NA,NA,NA,NA,NA,NA,NA,NA,NA,NA,NA,NA,NA,NA,NA,NA
"2020-05-30","normal",0,NA,0,NA,NA,NA,NA,NA,NA,NA,NA,NA,NA,NA,NA,NA,NA,NA,NA,NA,NA,NA,NA,NA,NA,NA,NA,NA
"2020-05-31","normal",0,NA,0,NA,NA,NA,NA,NA,NA,NA,NA,NA,NA,NA,NA,NA,NA,NA,NA,NA,NA,NA,NA,NA,NA,NA,NA,NA
"2020-06-01","normal",0,NA,0,NA,NA,NA,NA,NA,NA,NA,NA,NA,NA,NA,NA,NA,NA,NA,NA,NA,NA,NA,NA,NA,NA,NA,NA,NA
"2020-06-02","normal",0,NA,0,NA,NA,NA,NA,NA,NA,NA,NA,NA,NA,NA,NA,NA,NA,NA,NA,NA,NA,NA,NA,NA,NA,NA,NA,NA
"2020-06-03","normal",0,NA,0,NA,NA,NA,NA,NA,NA,NA,NA,NA,NA,NA,NA,NA,NA,NA,NA,NA,NA,NA,NA,NA,NA,NA,NA,NA
"2020-06-04","normal",0,NA,0,NA,NA,NA,NA,NA,NA,NA,NA,NA,NA,NA,NA,NA,NA,NA,NA,NA,NA,NA,NA,NA,NA,NA,NA,NA
"2020-06-05","normal",0,NA,0,NA,NA,NA,NA,NA,NA,NA,NA,NA,NA,NA,NA,NA,NA,NA,NA,NA,NA,NA,NA,NA,NA,NA,NA,NA
"2020-06-06","normal",0,NA,0,NA,NA,NA,NA,NA,NA,NA,NA,NA,NA,NA,NA,NA,NA,NA,NA,NA,NA,NA,NA,NA,NA,NA,NA,NA
"2020-06-07","normal",0,NA,0,NA,NA,NA,NA,NA,NA,NA,NA,NA,NA,NA,NA,NA,NA,NA,NA,NA,NA,NA,NA,NA,NA,NA,NA,NA
"2020-06-08","normal",0,NA,0,NA,NA,NA,NA,NA,NA,NA,NA,NA,NA,NA,NA,NA,NA,NA,NA,NA,NA,NA,NA,NA,NA,NA,NA,NA
"2020-06-09","normal",0,NA,0,NA,NA,NA,NA,NA,NA,NA,NA,NA,NA,NA,NA,NA,NA,NA,NA,NA,NA,NA,NA,NA,NA,NA,NA,NA
"2020-06-10","normal",0,NA,0,NA,NA,NA,NA,NA,NA,NA,NA,NA,NA,NA,NA,NA,NA,NA,NA,NA,NA,NA,NA,NA,NA,NA,NA,NA
"2020-06-11",NA,0,0,NA,0,0,0,0,0,0,0,0,0,77.34,31.57,268.9,61.11,10.52,2.311,0.031,0,31.77,19.88,23.38,19.2,285.8,90,1.056,4.625
"2020-06-12",NA,0,0,NA,0,0,0,0,0,0,0,0,0,84.5,21.23,916,216.4,33.58,8.67,0.503,0,23.49,9.31,15.73,6.262,189.4,41.9,1.103,6.425
"2020-06-13",NA,0,0,NA,0,0,0,0,0,0,0,0,0,93.1,23.4,637.1,233,27.92,9.95,0.594,0,24.64,9.14,14.78,8.1,197.2,43.09,0.842,3.875
"2020-06-14",NA,0,0,NA,0,0,0,0,0,0,0,0,0,96.4,29.51,634.8,230,27.61,9.56,0.567,0,24.95,10.14,16.39,9.11,295,65.05,0.981,5.15
"2020-06-15",NA,0,0,NA,0,0,0,0,0,0,0,0,0,100,42.81,641.1,223.4,26.8,8.95,0.537,0,25.13,9.5,15.52,7.115,170.7,52.07,0.586,3.875
"2020-06-16",NA,0,0,NA,0,0,0,0,0,0,0,0,0,99.8,69.02,708,118.7,26.1,5.596,0.295,23.88,20.42,13.68,16.29,13.77,195.1,42.59,1.313,5.75
"2020-06-17",NA,0,0,NA,0,0,0,0,0,0,0,0,0,100,88.9,460.9,102.7,21.55,5.4,0.286,35.56,18.65,13.96,15.82,14.15,201,37.73,1.369,4.7
"2020-06-18",NA,1,0,NA,0,0,0,0,1,0,0,0,0,100,95.8,517.8,88.2,24.79,4.863,0.254,22.86,16.14,12.96,14.31,13.27,197.9,39.36,1.402,4.85
"2020-06-19",NA,0,0,NA,0,0,0,0,0,0,0,0,0,100,57.81,824,182.6,34.09,8.63,0.492,0,23.53,12.86,16.2,12.85,188.7,35.97,0.754,3.5
"2020-06-20",NA,0,0,NA,0,0,0,0,0,0,0,0,0,100,54.74,835,229.5,32.57,9.92,0.587,0,25.16,11.22,17.45,10.89,315.5,54.06,0.56,3.65
"2020-06-21",NA,0,0,NA,0,0,0,0,0,0,0,0,0,100,44.55,633.6,225.6,28.32,9.93,0.591,0,26.08,10.46,16.72,10.21,338.9,47.63,0.406,4.25
"2020-06-22",NA,0,0,NA,0,0,0,0,0,0,0,0,0,100,56.58,768.2,226.7,29.53,9.54,0.563,0,26.06,11.98,17.34,10.8,174,37.62,0.785,3.95
"2020-06-23",NA,0,0,NA,0,0,0,0,0,0,0,0,0,100,43.17,624.7,227.2,27.91,9.89,0.585,0,26.27,10.93,17.66,10.91,344.3,35.97,0.614,4.175
"2020-06-24",NA,0,0,NA,0,0,0,0,0,0,0,0,0,100,46.08,695.3,230.6,29.13,9.63,0.573,0,26.56,9.76,17.32,9.48,346.1,30.64,0.499,3.8
"2020-06-25",NA,0,0,NA,0,0,0,0,0,0,0,0,0,100,54.38,846,207.4,32.16,8.48,0.47,0,25.89,14.01,18.71,12.7,343.7,41.41,0.704,4.55
"2020-06-26",NA,0,0,NA,0,0,0,0,0,0,0,0,0,100,46.59,620.2,226.9,26.3,9.33,0.558,0,26.42,14.01,19.1,13.01,344.7,29.65,1.018,5.525
"2020-06-27",NA,0,0,NA,0,0,0,0,0,0,0,0,0,100,51.92,594.5,207.1,24.88,8.65,0.5,0,27.2,10.32,17.84,9.93,219.7,61.7,0.631,3.95
"2020-06-28",NA,0,0,NA,0,0,0,0,0,0,0,0,0,97.9,38.08,628.2,226.6,28.72,10.1,0.596,0,26.54,10.99,18.54,7.952,172.9,63.52,1.191,8
"2020-06-29",NA,0,0,NA,0,0,0,0,0,0,0,0,0,100,60,796.9,165.9,31.96,7.546,0.415,0,25.34,13.46,18.43,12.3,130,63.73,0.589,4.25
"2020-06-30",NA,0,0,NA,0,0,0,0,0,0,0,0,0,100,47.79,808,182.5,33.78,8.48,0.466,2.54,24.65,13.56,18.03,12.24,189.7,39.13,1.07,6.275
"2020-07-01",NA,0,0,NA,0,0,0,0,0,0,0,0,0,100,53.54,883,195.6,34.59,8.96,0.522,0.254,23.91,13,17.07,12.26,256.9,71.98,0.733,4.325
"2020-07-02",NA,0,0,NA,0,0,0,0,0,0,0,0,0,100,54.65,609.1,223.1,26.7,9.54,0.569,0,24.99,10.57,16.81,10,354.5,26.96,0.881,6.275
"2020-07-03",NA,0,0,NA,0,0,0,0,0,0,0,0,0,100,56.76,605.1,220.8,26.1,9.25,0.552,0,25.87,12.28,17.57,10.9,173.8,35.19,0.738,5
"2020-07-04",NA,0,0,NA,0,0,0,0,0,0,0,0,0,100,53.43,744,219.7,29.13,9.11,0.541,0,25.72,10.89,18.71,11.25,351.4,51.54,0.965,5.9
"2020-07-05",NA,0,0,NA,0,0,0,0,0,0,0,0,0,100,54.42,626.7,229.5,27.51,9.9,0.594,0,26.4,10.99,16.16,9.05,122,59.88,0.413,3.275
"2020-07-06",NA,0,0,NA,0,0,0,0,0,0,0,0,0,100,44.25,632.8,230,28.12,10,0.596,0,26.79,10.22,17.46,9.24,355.5,43.46,0.642,3.65
"2020-07-07",NA,0,0,NA,0,0,0,0,0,0,0,0,0,99.4,23.47,638.3,232.7,26.7,9.49,0.564,0,32.72,14.94,21.34,13.64,335.6,87.4,2.137,8
"2020-07-08",NA,0,0,NA,0,0,0,0,0,0,0,0,0,93.5,50.43,827,189,34.39,8.77,0.504,0,25.01,15.64,19.47,14.35,147.3,46.39,1.084,5.975
"2020-07-09",NA,0,0,NA,0,0,0,0,0,0,0,0,0,99.2,53.05,757.2,211.2,31.96,9.42,0.559,0,26.08,11.57,19.51,11.47,352.4,39.25,1.541,6.425
"2020-07-10",NA,0,0,NA,0,0,0,0,0,0,0,0,0,96.9,38.49,627.7,229,28.11,10.01,0.596,0,29.42,15.04,21.68,13.08,358.4,32.95,1.998,7.325
"2020-07-11",NA,0,0,NA,0,0,0,0,0,0,0,0,0,95,41.49,576.8,197.9,23.66,7.913,0.424,5.08,30.98,12.53,19.95,12.35,313.9,76.57,1.542,7.7
"2020-07-12",NA,0,0,NA,0,0,0,0,0,0,0,0,0,100,44.37,660.8,241.5,30.55,10.97,0.66,0,22.67,9.22,15.15,8.99,182.9,39.26,1.114,6.725
"2020-07-13",NA,0,0,NA,0,0,0,0,0,0,0,0,0,99.9,34.8,674.6,247.7,29.74,10.59,0.635,0,25.01,7.106,15.86,7.516,340,29.72,1.429,7.85
"2020-07-14",NA,0,0,NA,0,0,0,0,0,0,0,0,0,79.4,51.75,724.7,233.2,30.14,10.23,0.609,0,25.38,9.57,16.56,6.837,174.3,56.12,1.257,6.8
"2020-07-15",NA,0,0,NA,0,0,0,0,0,0,0,0,0,81.4,40.99,670.1,242.8,30.55,10.51,0.616,0,20.84,10.93,14.96,10.62,190.8,42.46,1.486,6.725
"2020-07-16",NA,0,0,NA,0,0,0,0,0,0,0,0,0,98.1,46.12,772.8,233.2,33.17,10.16,0.58,0,22.55,9.03,13.95,8.28,187.4,38.58,0.858,4.4
"2020-07-17",NA,0,0,NA,0,0,0,0,0,0,0,0,0,98.7,42.61,666.8,245.3,30.55,10.97,0.663,0,24.2,8.37,15.34,8.19,296.9,69.36,0.589,3.725
"2020-07-18",NA,0,0,NA,0,0,0,0,0,0,0,0,0,99.6,38.47,681.6,251,30.85,11.04,0.664,0,25.66,10.07,15.83,8.06,345.8,33.8,0.93,5.3
"2020-07-19",NA,0,0,NA,0,0,0,0,0,0,0,0,0,100,48.19,675.3,249.2,30.75,11.08,0.67,0,26.12,9.05,16.68,8.17,346.8,40.13,0.798,5.075
"2020-07-20",NA,0,0,NA,0,0,0,0,0,0,0,0,0,98.5,45.68,925,239.3,35.5,10.16,0.592,0,25.34,13.28,18.22,11.52,347.5,45.83,0.802,4.775
"2020-07-21",NA,0,0,NA,0,0,0,0,0,0,0,0,0,100,40.91,690.7,251.5,30.14,10.72,0.649,0,26.12,12.52,17.28,10.16,346.8,32.6,0.793,4.925
"2020-07-22",NA,0,0,NA,0,0,0,0,0,0,0,0,0,98.4,43.88,868,243.3,34.49,9.98,0.586,0,25.61,11.34,17.06,10.34,6.167,49.33,0.686,5
"2020-07-23",NA,0,0,NA,0,0,0,0,0,0,0,0,0,95.8,38.16,938,172.6,36.01,7.872,0.448,0,25.53,14.29,17.68,12.22,127.1,49.04,0.307,3.8
"2020-07-24",NA,0,0,NA,0,0,0,0,0,0,0,0,0,99.7,56.03,902,192.3,35.6,8.55,0.471,8.38,23.29,12.08,17.2,11.86,127.9,51.67,0.493,4.775
"2020-07-25",NA,0,0,NA,0,0,0,0,0,0,0,0,0,99.8,57.66,949,197.4,38.64,8.69,0.513,0,23.55,13,17.18,12.5,352.5,46.15,0.883,6.35
"2020-07-26",NA,0,0,NA,0,0,0,0,0,0,0,0,0,100,46.26,694,256.7,30.75,10.9,0.663,0,25.09,11.44,16.83,10.04,349.7,48.3,1.057,5.675
"2020-07-27",NA,0,0,NA,0,0,0,0,0,0,0,0,0,99.8,91.6,375.8,76.26,19.53,4.321,0.232,14.22,18.49,13.41,16.08,12.9,197.1,35.73,0.959,4.55
"2020-07-28",NA,0,0,NA,0,0,0,0,0,0,0,0,0,99.3,52.71,908,200.2,33.88,8.84,0.532,0,23.15,14.12,17.41,12.44,334.8,56.93,0.928,5.825
"2020-07-29",NA,0,0,NA,0,0,0,0,0,0,0,0,0,99.6,47.3,673.4,247.2,28.52,10.09,0.61,0,25.99,11.88,16.61,10.81,11.48,60.57,0.485,3.8
"2020-07-30",NA,0,0,NA,0,0,0,0,0,0,0,0,0,100,48.8,671.5,245,28.52,10.11,0.616,0,26.91,11.59,18.24,11.03,182.4,53.5,0.66,4.625
"2020-07-31",NA,0,0,NA,0,0,0,0,0,0,0,0,0,99.8,54.33,868,241,33.17,10.06,0.61,0,25.13,13.41,17.64,12.54,166.2,64.27,0.805,4.25
"2020-08-01",NA,0,0,NA,0,0,0,0,0,0,0,0,0,100,57.13,828,266,34.39,11.62,0.708,0,25.68,11.83,17.96,10.92,2.77,27.58,0.816,5.075
"2020-08-02",NA,0,0,NA,0,0,0,0,0,0,0,0,0,100,56.99,866,264.9,36.01,11.55,0.699,0,25.43,11.71,17.92,11.37,9.43,30.66,0.895,5.45
"2020-08-03",NA,0,0,NA,0,0,0,0,0,0,0,0,0,100,42.32,735,272.3,32.16,11.21,0.678,0,26.54,10.71,18.28,10.3,348.4,32.09,1.369,6.2
"2020-08-04",NA,0,0,NA,0,0,0,0,0,0,0,0,0,100,36.32,725.4,271.1,30.45,10.76,0.662,0,29.11,12.57,19.27,12.38,347.7,57.9,1.474,6.65
"2020-08-05",NA,0,0,NA,0,0,0,0,0,0,0,0,0,100,67.52,913,206.5,34.39,8.22,0.487,0,24.43,14.09,18.71,13.23,170.3,35.49,0.758,4.025
"2020-08-06",NA,0,0,NA,0,0,0,0,0,0,0,0,0,100,41.04,714.4,262,31.76,11.06,0.648,0,29.57,12.53,19.52,12.74,307.3,86.5,1.778,8.22
"2020-08-07",NA,0,0,NA,0,0,0,0,0,0,0,0,0,94.8,48.45,891,261.4,34.69,11.36,0.665,0,22.66,12.25,16.97,12.18,180.7,40.61,1.406,5.825
"2020-08-08",NA,0,0,NA,0,0,0,0,0,0,0,0,0,98.3,56.48,1012,258.9,38.13,11,0.676,0,23.17,9.64,17.13,9.71,350.8,54.19,1.487,7.175
"2020-08-09",NA,0,0,NA,0,0,0,0,0,0,0,0,0,96.5,20.82,750.5,277.5,33.37,11.7,0.713,0,32.71,14.27,21.5,13.54,345,37.36,1.67,6.125
"2020-08-10",NA,0,0,NA,0,0,0,0,0,0,0,0,0,97.5,43.23,770.3,275.6,34.39,12.01,0.74,0,25.58,12.74,19.09,11.83,162.1,41.74,1.233,5.975
"2020-08-11",NA,0,0,NA,0,0,0,0,0,0,0,0,0,95.5,47.99,561.9,159.3,22.86,6.355,0.122,0,25.98,15.61,18.99,14.36,6.421,31.25,1.842,6.8
"2020-08-12",NA,0,0,NA,0,0,0,0,0,0,0,0,0,100,61.08,733.3,268.9,32.57,11.66,0.718,0,25.76,11.76,18.7,9.62,152,59.91,0.812,4.85
"2020-08-13",NA,0,0,NA,0,0,0,0,0,0,0,0,0,100,27.54,789.4,286.7,35.19,12.45,0.764,0,27.84,13.54,19.82,12.35,170.8,60.59,1.336,7.775
"2020-08-14",NA,0,0,NA,0,0,0,0,0,0,0,0,0,95.3,43.67,1039,236.3,38.54,10.17,0.635,0,24.88,14.39,19.37,14.28,347.1,58.86,1.42,7.7
"2020-08-15",NA,0,0,NA,0,0,0,0,0,0,0,0,0,96.5,20.47,755.9,274.5,32.56,11.42,0.691,0,34.08,14.61,22.96,14.26,341.1,35.92,1.925,6.65
"2020-08-16",NA,0,0,NA,0,0,0,0,0,0,0,0,0,96.7,55.66,857,246.6,32.06,9.95,0.61,0,24.74,15.94,19.65,15.88,164.5,42.81,1.656,5.75
"2020-08-17",NA,0,0,NA,0,0,0,0,0,0,0,0,0,96.3,52.72,379.2,82.1,19.93,4.453,0.258,0,20.98,14.63,17.73,15.03,6.897,73.31,1.099,5.3
"2020-08-18",NA,0,0,NA,0,0,0,0,0,0,0,0,0,98.9,42.46,857,222,30.44,8.93,0.508,4.826,29.02,14.18,20.47,14.5,4.523,80.8,1.907,6.2
"2020-08-19",NA,0,0,NA,0,0,0,0,0,0,0,0,0,95.4,30.01,816,304.5,37.32,13.61,0.859,0,22.69,9.66,15.95,9.39,183.6,40.52,1.171,5.675
"2020-08-20",NA,0,0,NA,0,0,0,0,0,0,0,0,0,96.6,48.99,981,267.2,38.64,11.65,0.729,0,23.17,10.14,16.57,10.13,281.1,84.1,1.079,5.975
"2020-08-21",NA,0,0,NA,0,0,0,0,0,0,0,0,0,100,63.86,850,117.1,29.03,5.612,0.332,0,22.2,10.79,15.66,10.21,174,37.05,0.671,5
"2020-08-22",NA,0,0,NA,0,0,0,0,0,0,0,0,0,98.4,53.93,996,261,39.85,11.48,0.723,0,25.01,12.06,18.4,11.87,358,80,1.075,5.45
"2020-08-23",NA,0,0,NA,0,0,0,0,0,0,0,0,0,99.8,36.81,775.8,288.2,34.49,12.29,0.774,0,28.43,13.66,19.65,12.3,359.7,32.47,1.352,5.6
"2020-08-24",NA,0,0,NA,0,0,0,0,0,0,0,0,0,100,24.95,794.4,293.7,35.4,12.61,0.794,0,31.71,14.46,21.12,13.41,358.9,54.55,0.986,4.625
"2020-08-25",NA,0,0,NA,0,0,0,0,0,0,0,0,0,100,58.24,751.4,277.2,32.36,11.49,0.717,0,27.59,17.01,21.43,16.68,98.9,89.9,1.237,5.375
"2020-08-26",NA,0,0,NA,0,0,0,0,0,0,0,0,0,100,55,871,276.3,36.11,12.03,0.745,0,26.12,14.71,20.06,14.13,172.6,65.3,1.846,10.03
"2020-08-27",NA,0,0,NA,0,0,0,0,0,0,0,0,0,98.3,52.38,959,225.5,37.63,10.08,0.617,0,23.45,13.45,18.78,13.56,353.1,83,1.502,5.525
"2020-08-28",NA,0,0,NA,0,0,0,0,0,0,0,0,0,99.1,44.32,740.8,273.1,31.35,11.29,0.702,0,31.28,16.63,23.17,16.71,18.34,66.57,2.114,7.7
"2020-08-29",NA,0,0,NA,0,0,0,0,0,0,0,0,0,97.8,71.17,593.6,84.5,23.16,3.94,0.204,0,23.34,17.6,20.68,17.3,156.8,49.5,0.955,5.3
"2020-08-30",NA,0,0,NA,0,0,0,0,0,0,0,0,0,98.3,67.06,134,26.52,7.385,1.451,0.087,1.016,21.13,12.58,17.39,12.88,169.9,44.95,1.695,5.975
"2020-08-31",NA,0,0,NA,0,0,0,0,0,0,0,0,0,97.8,68.54,310,78.72,16.19,4.431,0.276,0,18.83,12.6,15.77,12.87,191.1,37.88,1.111,4.4
"2020-09-01",NA,0,0,NA,0,0,0,0,0,0,0,0,0,97.3,64.21,718.6,81.6,33.28,4.713,0.249,3.048,20.69,15.08,17.11,15.11,153.9,53.4,0.934,5.225
"2020-09-02",NA,0,0,NA,0,0,0,0,0,0,0,0,0,93.8,50.13,1075,229.7,42.48,10.32,0.625,0,23.89,13.41,18.04,12.72,56.54,44.5,0.9,5.75
"2020-09-03",NA,0,0,NA,0,0,0,0,0,0,0,0,0,97.8,50.2,926,282.5,36.51,12.22,0.784,0,25.4,13.69,19.04,12.72,5.612,33.1,1.558,8.6
"2020-09-04",NA,0,0,NA,0,0,0,0,0,0,0,0,0,97,52.38,911,221,37.42,10.37,0.627,0,25.62,14.76,19.24,13.11,41.97,65.56,0.911,5.675
"2020-09-05",NA,0,0,NA,0,0,0,0,0,0,0,0,0,100,51.1,1211,309,51.07,14.39,0.891,0,25.54,13.04,19.1,12.02,11.91,34.94,1.216,7.7
"2020-09-06",NA,0,0,NA,0,0,0,0,0,0,0,0,0,96.2,49.58,1301,276.9,54.92,12.91,0.788,0,26.16,13.58,19.48,11.89,104.1,71.15,0.902,5.3
"2020-09-07",NA,0,0,NA,0,0,0,0,0,0,0,0,0,100,51.95,1064,306.8,39.65,13.12,0.853,0,26.2,11.47,19.56,10.84,7.599,48.91,1.386,7.175
"2020-09-08",NA,0,0,NA,0,0,0,0,0,0,0,0,0,98.2,51.93,1209,312.6,43.69,13.22,0.807,0,26.69,14.69,19.88,13.72,88.5,59.44,1.015,5.675
"2020-09-09",NA,0,0,NA,0,0,0,0,0,0,0,0,0,100,55.15,1122,315.5,42.99,13.78,0.889,0,27.05,10.99,20.26,11.07,27.78,45.8,1.099,6.875
"2020-09-10",NA,0,0,NA,0,0,0,0,0,0,0,0,0,100,49.64,1188,334,45.71,14.55,0.929,0,27.6,13.14,20.58,11.72,134.2,62.91,0.818,5.525
"2020-09-11",NA,0,0,NA,0,0,0,0,0,0,0,0,0,100,54.55,1115,292.2,47.23,13.28,0.86,0,26.84,14.83,20.09,13.56,149.3,58.93,1.172,5.6
"2020-09-12",NA,0,0,NA,0,0,0,0,0,0,0,0,0,100,49.79,1201,324.3,50.67,15.01,0.977,0,26.71,13.26,20.57,11.99,37.51,43.18,1.155,5.975
"2020-09-13",NA,0,0,NA,0,0,0,0,0,0,0,0,0,100,48.35,883,332,41.57,14.98,0.975,0,29.71,14.19,22.66,13.44,7.755,34.4,2.086,7.85
"2020-09-14",NA,0,0,NA,0,0,0,0,0,0,0,0,0,96.1,42.09,877,327,41.16,14.8,0.967,0,31.94,19.02,25.04,18.99,30.27,74.14,1.968,6.35
"2020-09-15",NA,0,0,NA,0,0,0,0,0,0,0,0,0,100,70.58,1127,141.7,44.91,7.124,0.388,1.778,25.09,18.96,21.31,19.32,148,36.14,1.31,5.075
"2020-09-16",NA,0,0,NA,0,0,0,0,0,0,0,0,0,100,43.84,1014,183.6,36.82,8.29,0.483,1.27,27.31,16.97,21.66,17.1,342.8,68.97,1.59,10.55
"2020-09-17",NA,0,0,NA,0,0,0,0,0,0,0,0,0,94.5,52.67,1149,281.4,44.61,12.68,0.751,0.254,25.49,15.98,20.48,15.58,166.8,44.32,1.525,5.975
"2020-09-18",NA,0,0,NA,0,0,0,0,0,0,0,0,0,98.8,62.13,985,254.1,35,10.37,0.59,0,28.04,15.62,22.21,15.98,1.046,74.88,1.422,6.125
"2020-09-19",NA,0,0,NA,0,0,0,0,0,0,0,0,0,100,60.07,1163,284.9,47.13,12.83,0.835,0,27.93,19.4,22.78,17.64,165.5,42.71,1.482,6.275
"2020-09-20",NA,0,0,NA,0,0,0,0,0,0,0,0,0,98.5,52.54,866,321.3,33.68,12.19,0.8,0,31.34,16.97,24.81,16.82,7.556,64.37,1.488,6.575
"2020-09-21",NA,0,0,NA,0,0,0,0,0,0,0,0,0,98.8,59.53,1066,143.9,39.35,6.767,0.356,3.048,24.67,15.62,19.56,15.92,166.6,45.82,1.813,7.775
"2020-09-22",NA,0,0,NA,0,0,0,0,0,0,0,0,0,96.8,56.17,991,192.1,36.93,9.26,0.577,1.27,23.16,14.85,18.2,14.82,170.3,50.73,0.835,4.7
"2020-09-23",NA,0,0,NA,0,0,0,0,0,0,0,0,0,95.4,49.87,976,352.9,45.41,16.02,1.057,0,26.04,12.26,20.1,11.75,2.331,39.8,1.39,6.425
"2020-09-24",NA,0,0,NA,0,0,0,0,0,0,0,0,0,98.2,43.24,942,357.8,43.49,16.06,1.062,0,29.86,15.02,21.95,14.86,353.4,38.51,1.961,7.55
"2020-09-25",NA,0,0,NA,0,0,0,0,0,0,0,0,0,99.4,33.91,964,324.1,39.44,13.43,0.87,0,34.03,16.9,24.9,16.79,0.291,33.09,2.29,7.55
"2020-09-26",NA,0,0,NA,0,0,0,0,0,0,0,0,0,94.8,40.6,1132,299.3,42.58,12.46,0.82,0.254,26.21,18.73,22.49,18.66,151.2,44.68,1.857,6.8
"2020-09-27",NA,0,0,NA,0,0,0,0,0,0,0,0,0,99.9,78.06,266.4,65.2,16.49,4.152,0.253,18.03,19.93,17.37,18.61,17.81,130.8,43.3,0.783,4.175
"2020-09-28",NA,0,0,NA,0,0,0,0,0,0,0,0,0,100,67.5,1231,194.1,53.71,10.2,0.611,17.53,24.07,15.45,19.52,15.92,188.6,49.28,0.948,4.625
"2020-09-29",NA,0,0,NA,0,0,0,0,0,0,0,0,0,100,83.6,682.9,89,34.09,5.088,0.268,13.21,20.06,17.17,18.74,17.47,169.6,44.66,1.103,5.6
"2020-09-30",NA,0,0,NA,0,0,0,0,0,0,0,0,0,97.5,57.45,1255,209.1,53.71,10.16,0.657,0.254,23.85,16.89,20.39,17.18,87.5,56.32,1.261,5.3
"2020-10-01",NA,0,0,NA,0,0,0,0,0,0,0,0,0,100,86.8,322.3,47.72,14.06,2.608,0.169,4.572,21.63,17.73,19.73,18.23,265.1,85.4,1.068,5.375
"2020-10-02",NA,0,0,NA,0,0,0,0,0,0,0,0,0,100,67.95,932,106.7,39.45,5.886,0.281,9.14,21.84,16.02,18.39,16.58,165.1,40.61,1.206,6.05
"2020-10-03",NA,0,0,NA,0,0,0,0,0,0,0,0,0,100,84.2,840,145.4,33.98,7.645,0.437,21.84,24.64,16.39,19.92,16.69,204.7,55.1,0.539,2.975
"2020-10-04",NA,0,0,NA,0,0,0,0,0,0,0,0,0,100,66.72,1160,283.7,49.55,13.69,0.867,0.762,27.85,19.71,23.13,19.31,99.5,57.28,1.095,5.975
"2020-10-05",NA,0,0,NA,0,0,0,0,0,0,0,0,0,100,80.3,885,129.6,35.4,7.325,0.415,11.94,23.87,19.79,21.34,19.67,29.95,26.82,1.483,6.425
"2020-10-06",NA,0,0,NA,0,0,0,0,0,0,0,0,0,98.3,73.34,373.8,84.9,21.85,5.215,0.341,0,23.82,19.25,20.91,18.54,31.5,24.41,1.192,5
"2020-10-07",NA,0,0,NA,0,0,0,0,0,0,0,0,0,94.5,54.79,1238,316.4,54.01,15.03,1.021,0,26.37,16.69,22.07,15.85,36.19,24.83,1.307,6.65
"2020-10-08",NA,0,0,NA,0,0,0,0,0,0,0,0,0,98.3,47.76,1273,392.1,55.42,18.14,1.192,0,28.54,15.22,22.18,14.97,4.163,34.01,1.938,8.22
"2020-10-09",NA,0,0,NA,0,0,0,0,0,0,0,0,0,99.1,51.46,941,356.8,42.48,15.66,1.065,0,29.2,17.17,23.46,17.43,9.76,32.77,2.366,8
"2020-10-10",NA,0,0,NA,0,0,0,0,0,0,0,0,0,100,58.1,1099,220.2,46.83,11.16,0.565,0,24.99,18.55,20.97,18.79,171.1,44.32,1.943,7.7
"2020-10-11",NA,0,0,NA,0,0,0,0,0,0,0,0,0,99.1,66.73,562,103.8,27.31,6.04,0.343,2.794,20.13,14.39,17.41,14.84,189.4,44.25,1.649,5.6
"2020-10-12",NA,0,0,NA,0,0,0,0,0,0,0,0,0,99.9,64.64,1328,232.5,55.94,11.93,0.714,1.016,22.49,13.94,17.63,14.35,166,56.56,0.915,4.4
"2020-10-13",NA,0,0,NA,0,0,0,0,0,0,0,0,0,98.9,38.98,1019,388.9,49.15,18.22,1.249,0,32.05,14.73,23.28,14.75,12.56,65.05,2.091,7.025
"2020-10-14",NA,0,0,NA,0,0,0,0,0,0,0,0,0,94.3,55.82,1252,220.3,58.36,11.73,0.711,0,24.83,15,20.95,15.56,135.3,40.91,1.139,5.675
"2020-10-15",NA,0,0,NA,0,0,0,0,0,0,0,0,0,98,45.54,1130,381.4,50.36,17.61,1.208,0,28.83,14.68,22.5,14.49,0.622,32.24,1.646,6.725
"2020-10-16",NA,0,0,NA,0,0,0,0,0,0,0,0,0,100,47.87,1259,362.3,52.99,15.94,0.999,0,27.94,16.4,22.58,16.3,169.6,39.65,1.601,8.68
"2020-10-17",NA,0,0,NA,0,0,0,0,0,0,0,0,0,98.2,55.1,1358,339.9,50.67,14.22,0.964,0,28.04,17.37,23.51,17.67,11.58,61.33,2.161,8.68
"2020-10-18",NA,0,0,NA,0,0,0,0,0,0,0,0,0,98.3,61.4,1123,371.2,43.89,15.08,1.017,0,28.12,20.6,24.78,20.75,17.93,45.65,2.501,7.7
"2020-10-19",NA,0,0,NA,0,0,0,0,0,0,0,0,0,98.4,67.98,1129,249.4,39.24,9.92,0.629,0,28.09,20.78,24.26,20.97,58.42,66.53,1.5,6.2
"2020-10-20",NA,0,0,NA,0,0,0,0,0,0,0,0,0,99.1,37.33,1291,342.4,46.93,13.78,0.826,0,34.98,21.05,24.95,20.82,107,87,1.969,7.25
"2020-10-21",NA,0,0,NA,0,0,0,0,0,0,0,0,0,93,56.32,1367,248.1,52.7,11.19,0.707,0,26,17.31,21.84,17.02,153.5,38.97,1.268,5.6
"2020-10-22",NA,0,0,NA,0,0,0,0,0,0,0,0,0,98.7,55.25,1171,383.6,48.75,15.94,1.079,0,28.02,14.94,23.25,15.04,82.6,54.73,1.279,5.6
"2020-10-23",NA,0,0,NA,0,0,0,0,0,0,0,0,0,96.8,59.71,1476,312.7,58.45,13.76,0.911,0,28.03,18.43,24.05,17.93,51.04,21.58,1.184,5.975
"2020-10-24",NA,0,0,NA,0,0,0,0,0,0,0,0,0,99.4,46.95,1211,406.6,48.14,17.19,1.196,0,29.49,17.06,24.88,16.99,33.51,30.55,1.409,7.025
"2020-10-25",NA,0,0,NA,0,0,0,0,0,0,0,0,0,100,54.22,1027,387.9,39.24,14.6,1.024,0,31.13,17.45,25.58,17.61,28.55,56.47,1.671,7.7
"2020-10-26",NA,0,0,NA,0,0,0,0,0,0,0,0,0,96.8,55.09,1134,376.2,41.26,14.53,0.957,0,29.78,19.95,25.17,20.05,140.4,52.63,1.315,5.375
"2020-10-27",NA,0,0,NA,0,0,0,0,0,0,0,0,0,97.9,51.1,1330,356.9,46.93,15.18,0.976,0,32.04,19.45,25.83,20.07,22.65,32.61,1.821,7.4
"2020-10-28",NA,0,0,NA,0,0,0,0,0,0,0,0,0,96.5,61.48,1018,387.5,44.7,16.24,1.077,0,30.5,22.69,26.84,22.66,19.46,29.99,2.456,7.55
"2020-10-29",NA,0,0,NA,0,0,0,0,0,0,0,0,0,98.8,47.46,1064,410.2,47.03,17.18,1.211,0,31.77,21.1,26.73,21.15,19.69,30.64,2.422,7.1
"2020-10-30",NA,0,0,NA,0,0,0,0,0,0,0,0,0,98,58.94,1388,267.5,51.78,11.97,0.763,0,30.44,21,25.23,21.3,141.7,55.31,1.379,5.75
"2020-10-31",NA,0,0,NA,0,0,0,0,0,0,0,0,0,100,85.9,703,129.7,33.49,7.186,0.471,16.51,21.81,18.63,20.52,18.99,183.2,45.32,1.557,7.175
"2020-11-01",NA,1,0,NA,0,0,0,0,1,0,0,0,0,100,96.7,882,102.6,42.79,6.294,0.382,37.08,21.59,17.83,20.11,18.26,190.9,40.23,0.67,3.65
"2020-11-02",NA,0,0,NA,0,0,0,0,0,0,0,0,0,100,66.36,1477,291.5,64.12,14,0.936,3.048,27.35,18.36,22.95,18.93,28.89,36.86,1.062,6.125
"2020-11-03",NA,0,0,NA,0,0,0,0,0,0,0,0,0,98.9,58.07,1353,366.3,59.26,17.53,1.067,0,29.41,20.13,24.81,20.58,23.07,28.68,1.459,6.8
"2020-11-04",NA,0,0,NA,0,0,0,0,0,0,0,0,0,100,51.87,1076,374.8,49.55,17.28,1.184,0,33.12,18.93,26.5,19.27,25.64,33.29,1.397,5.225
"2020-11-05",NA,0,0,NA,0,0,0,0,0,0,0,0,0,100,60.01,1182,283.3,54.41,13.86,0.576,9.14,31.03,21.28,24.48,21.42,20.7,63.43,1.25,5.975
"2020-11-06",NA,0,0,NA,0,0,0,0,0,0,0,0,0,98.6,25.17,1184,394.5,55.02,18.79,1.309,0,39.07,21.53,27.72,21.34,12.77,80.6,1.388,5.375
"2020-11-07",NA,0,0,NA,0,0,0,0,0,0,0,0,0,98.4,62.23,1150,390.3,55.22,19.01,1.268,0,30.32,22.69,26.5,22.95,120.6,68.56,1.166,4.325
"2020-11-08",NA,0,0,NA,0,0,0,0,0,0,0,0,0,100,29.32,1019,391,47.53,17.82,1.27,0,41.8,21.83,30.11,22.69,7.978,36.56,1.61,6.35
"2020-11-09",NA,0,0,NA,0,0,0,0,0,0,0,0,0,98,65.74,1304,299.4,60.89,14.07,0.901,0.254,29.83,20.46,25.62,20.75,151.8,44.68,1.607,5.75
"2020-11-10",NA,0,0,NA,0,0,0,0,0,0,0,0,0,100,53.89,1334,296.8,59.28,14.96,0.959,2.032,27.2,19.21,22.71,19.51,180.7,47.02,1.643,5.975
"2020-11-11",NA,0,0,NA,0,0,0,0,0,0,0,0,0,100,73.82,1481,290.5,71.31,15.28,0.858,8.64,25.28,18.62,21.72,19.2,158.9,41.56,1.224,5.45
"2020-11-12",NA,0,0,NA,0,0,0,0,0,0,0,0,0,99.1,54.15,1604,391,69.59,18.74,1.303,0.254,27.29,16.42,22.02,17.35,156.8,53.06,0.946,4.925
"2020-11-13",NA,0,0,NA,0,0,0,0,0,0,0,0,0,98.9,53.58,1402,413,61.49,19.78,1.368,0,28.57,16.53,23.83,17.31,24.09,37.67,1.416,7.25
"2020-11-14",NA,0,0,NA,0,0,0,0,0,0,0,0,0,98.7,51.86,1083,418.5,53.2,19.98,1.431,0,28.86,17.24,24.35,18.03,15.35,31.63,2.012,7.475
"2020-11-15",NA,0,0,NA,0,0,0,0,0,0,0,0,0,98.6,53.8,1137,415.4,53,19.87,1.422,0,28.94,19.84,25.47,20.55,25.69,30.3,1.812,6.275
"2020-11-16",NA,0,0,NA,0,0,0,0,0,0,0,0,0,99.8,53.78,1329,374.5,55.02,17.44,1.184,0,30.13,19.26,25.53,19.92,29.12,42.56,1.381,6.575
"2020-11-17",NA,0,0,NA,0,0,0,0,0,0,0,0,0,99.7,53.57,1183,384.4,53.4,17.94,1.242,0,30.04,18.23,25.6,18.93,18.68,35.68,1.452,6.35
"2020-11-18",NA,0,0,NA,0,0,0,0,0,0,0,0,0,96.4,60.22,1122,398.4,50.77,18.72,1.301,0,30.1,20.78,27.09,21.22,23.45,38.9,1.7,6.8
"2020-11-19",NA,0,0,NA,0,0,0,0,0,0,0,0,0,100,81.5,740.8,147.3,36.82,8.51,0.574,2.286,26.86,20.2,23.94,20.56,163.8,55.92,1.229,5.825
"2020-11-20",NA,0,0,NA,0,0,0,0,0,0,0,0,0,91.3,61.84,1485,209,68.47,11.46,0.715,0,26.38,19.88,22.37,20.15,177.1,45.86,1.177,5.225
"2020-11-21",NA,0,0,NA,0,0,0,0,0,0,0,0,0,96,55.94,1502,343,65.13,16.93,1.11,0,28.52,17.9,24.51,18.45,12.99,43.76,1.683,6.95
"2020-11-22",NA,0,0,NA,0,0,0,0,0,0,0,0,0,95.7,73.4,341.1,76.8,20.64,5.013,0.367,0,27.07,21.7,24.34,22.05,3.396,52.87,1.051,4.7
"2020-11-23",NA,0,0,NA,0,0,0,0,0,0,0,0,0,98.1,60.13,1306,338.1,60.07,16.48,1.106,0,32.69,20.54,27.29,20.9,20.83,56.78,1.628,7.25
"2020-11-24",NA,0,0,NA,0,0,0,0,0,0,0,0,0,98.5,36.3,1067,413,51.78,19.62,1.374,5.588,38.91,22.25,29.97,22.06,49.99,78.96,1.704,7.25
"2020-11-25",NA,0,0,NA,0,0,0,0,0,0,0,0,0,99.9,77.66,1358,192.2,62.72,10.64,0.571,5.588,25.2,19.66,22.6,20.33,172.2,47.04,1.33,5.9
"2020-11-26",NA,0,0,NA,0,0,0,0,0,0,0,0,0,100,71.96,1437,317.1,65.34,15.67,0.957,1.524,28.04,19.39,24.08,20,155.9,58.27,0.927,4.55
"2020-11-27",NA,0,0,NA,0,0,0,0,0,0,0,0,0,99.8,71.3,1210,161.8,55.64,9.06,0.65,7.366,25.9,20.45,22.91,20.84,166.1,45.45,1.413,5.6
"2020-11-28",NA,0,0,NA,0,0,0,0,0,0,0,0,0,95.7,72.27,1295,255.2,60.59,12.98,0.88,0,28,19.63,24.62,20.3,12.05,41.8,1.602,6.65
"2020-11-29",NA,0,0,NA,0,0,0,0,0,0,0,0,0,99.6,57.08,1381,337.1,61.7,16.88,1.071,0.508,28.86,20.73,24.61,21.2,163.3,61.93,1.533,7.175
"2020-11-30",NA,0,0,NA,0,0,0,0,0,0,0,0,0,93.6,57.62,1435,400.8,62.71,19.29,1.342,0,28.09,18.5,24.83,18.8,40.58,79.61,1.616,7.175
"2020-12-01",NA,0,0,NA,0,0,0,0,0,0,0,0,0,99.1,34.29,1112,425.4,52.59,20.15,1.319,7.366,37.39,20.69,26.86,21.04,44.49,90.7,1.456,6.05
"2020-12-02",NA,0,0,NA,0,0,0,0,0,0,0,0,0,97.4,65.39,1350,253.2,62.62,13.51,0.848,0.508,24.93,19.01,21.63,19.61,171.4,44.92,1.265,6.05
"2020-12-03",NA,0,0,NA,0,0,0,0,0,0,0,0,0,97.9,58.35,1506,305.1,63.42,14.95,0.988,0,27.45,17.68,23.34,18.38,20.15,64.25,1.476,6.275
"2020-12-04",NA,0,0,NA,0,0,0,0,0,0,0,0,0,100,56.74,1279,204.7,54.01,10.71,0.641,10.41,27.9,18.7,22.2,19.23,166.1,65.31,1.099,5.525
"2020-12-05",NA,1,0,NA,0,0,0,0,1,0,0,0,0,100,96.6,454.7,69.69,29.95,4.833,0.305,34.8,21.84,18.62,20.54,19.18,153.7,70.84,0.754,5.825
"2020-12-06",NA,0,0,NA,0,0,0,0,0,0,0,0,0,100,61.54,1391,403.1,63.11,19.43,1.382,0,29.18,18.67,24.85,19,19.66,30.3,1.738,6.95
"2020-12-07",NA,0,0,NA,0,0,0,0,0,0,0,0,0,100,67.33,1452,418.6,65.14,20.5,1.38,0,29.74,19.86,25.93,20.73,35.37,26.31,1.503,7.175
"2020-12-08",NA,0,0,NA,0,0,0,0,0,0,0,0,0,99.6,56.11,1372,429.1,63.31,20.86,1.495,0,29.12,19.27,26.24,20.19,24.59,26.08,1.824,6.8
"2020-12-09",NA,0,0,NA,0,0,0,0,0,0,0,0,0,98.9,57.59,1290,379.6,58.66,18.73,1.31,0,29.62,20.34,25.91,21.29,8.15,36.27,2.103,8.37
"2020-12-10",NA,0,0,NA,0,0,0,0,0,0,0,0,0,98.8,66.14,1233,396.1,57.65,19.5,1.321,0.762,29.81,20.96,27.35,21.3,32.59,29.7,1.432,6.5
"2020-12-11",NA,0,0,NA,0,0,0,0,0,0,0,0,0,100,49.35,1194,392.6,57.04,19.38,1.318,0.762,34.29,22.35,28.2,23,19.02,40.96,1.577,6.2
"2020-12-12",NA,0,0,NA,0,0,0,0,0,0,0,0,0,99.5,57.25,1107,409.4,54.81,20.16,1.427,0,34.35,23.13,29.07,23.4,70.72,51.99,1.112,5.6
"2020-12-13",NA,0,0,NA,0,0,0,0,0,0,0,0,0,99.9,59.71,1317,417.3,58.86,20.41,1.483,0,31.99,22.38,28.95,23.58,80.3,57.63,1.32,5.75
"2020-12-14",NA,0,0,NA,0,0,0,0,0,0,0,0,0,100,63.35,1271,416.8,60.17,20.42,1.423,0,34.12,20.88,29.68,21.64,22.11,29.66,1.539,6.8
"2020-12-15",NA,0,0,NA,0,0,0,0,0,0,0,0,0,99.2,65.63,1436,276.9,65.74,14.43,0.759,1.016,32.88,24.13,27.79,24.21,94.5,64.53,0.852,4.7
"2020-12-16",NA,0,0,NA,0,0,0,0,0,0,0,0,0,96.2,54.56,1486,319.6,66.04,16.44,1.071,0,29.22,22.54,25.49,22.55,161.9,45.58,1.434,8.6
"2020-12-17",NA,0,0,NA,0,0,0,0,0,0,0,0,0,97,61.78,1543,331.6,71.61,17.19,1.156,0,30.54,21.02,27.4,21.49,91.5,61.91,1.141,5.3
"2020-12-18",NA,0,0,NA,0,0,0,0,0,0,0,0,0,100,82.8,489.7,109.3,30.14,7.102,0.449,4.318,27.11,21.16,24.64,21.51,35.23,46.15,0.432,3.2
"2020-12-19",NA,0,0,NA,0,0,0,0,0,0,0,0,0,100,55.68,1447,426.4,66.35,20.72,1.469,0,30.88,19.03,26.84,19.24,46.34,39.72,1.251,6.125
"2020-12-20",NA,0,0,NA,0,0,0,0,0,0,0,0,0,100,55.71,1406,414.2,64.12,20.2,1.454,0,32.68,20,28.28,20.56,22.31,32.68,1.567,6.65
"2020-12-21",NA,0,0,NA,0,0,0,0,0,0,0,0,0,99,56.92,1421,422.8,66.75,20.56,1.459,0,32.97,22.91,29.23,23.46,24.32,28.55,1.592,6.5
"2020-12-22",NA,0,0,NA,0,0,0,0,0,0,0,0,0,100,64.06,1458,372.1,67.16,18.94,1.076,0,33.42,22.33,28.43,22.52,26.85,28.67,1.469,6.275
"2020-12-23",NA,0,0,NA,0,0,0,0,0,0,0,0,0,100,44.69,1338,354.3,63.71,17.88,0.909,34.29,39.58,22.89,28.59,23.36,9.49,83.1,1.375,6.575
"2020-12-24",NA,0,0,NA,0,0,0,0,0,0,0,0,0,100,58.2,1375,353.4,66.75,17.98,1.209,0,29.8,22.47,26.31,22.49,154.9,50.59,1.282,6.125
"2020-12-25",NA,0,0,NA,0,0,0,0,0,0,0,0,0,100,70.36,1598,230,72.94,12.38,0.801,20.83,28.66,21.24,25.15,21.5,62.36,41.03,0.872,5.3
"2020-12-26",NA,0,0,NA,0,0,0,0,0,0,0,0,0,100,64.13,1446,422,65.94,20.44,1.432,0,32.1,19.85,27.62,20.54,32.98,34.7,1.272,6.05
"2020-12-27",NA,0,0,NA,0,0,0,0,0,0,0,0,0,99.5,61.11,1280,410.5,58.66,19.8,1.431,0,33.82,24.05,29.38,24.47,16.98,41.36,1.816,6.5
"2020-12-28",NA,0,0,NA,0,0,0,0,0,0,0,0,0,99.1,63.97,1440,356.7,66.15,18.04,1.211,0,30.34,21.39,27.17,22.86,159.8,45.44,1.1,5
"2020-12-29",NA,0,0,NA,0,0,0,0,0,0,0,0,0,100,61.73,1140,421.6,55.62,20.82,1.533,0,33.35,20.23,28.72,21.36,19.02,31.4,1.572,7.25
"2020-12-30",NA,0,0,NA,0,0,0,0,0,0,0,0,0,99.1,48,1113,431.9,55.42,21.15,1.553,0,36.05,23.81,30.84,24.69,27.13,56.41,1.613,5.975
"2020-12-31",NA,0,0,NA,0,0,0,0,0,0,0,0,0,97.3,62.45,1352,399.3,65.23,20.05,1.446,0,34.85,23.7,30.85,24.22,53.48,63.28,1.587,6.5
"2021-01-01",NA,0,0,NA,0,0,0,0,0,0,0,0,0,99.7,69.38,1571,278.7,76.26,15.04,0.827,0,30.27,21.83,26.29,21.99,161.4,50.38,1.703,6.8
"2021-01-02",NA,0,0,NA,0,0,0,0,0,0,0,0,0,99.2,64.82,1467,211.5,71.02,12.03,0.727,4.826,26.92,18.98,22.06,19.49,185.8,48.6,1.516,6.5
"2021-01-03",NA,0,0,NA,0,0,0,0,0,0,0,0,0,98.5,65.02,1642,262.1,77.17,14.29,0.961,0,28.82,19.27,24.92,19.58,141.5,61.97,1.001,5.15
"2021-01-04",NA,0,0,NA,0,0,0,0,0,0,0,0,0,99.6,61.56,1479,333.5,64.63,17.34,1.166,2.794,32.02,22.23,28.08,22.88,32.41,36.49,1.087,6.5
"2021-01-05",NA,0,0,NA,0,0,0,0,0,0,0,0,0,100,63.11,1316,381.4,60.89,18.95,1.14,7.62,32.02,23.2,27.72,24.43,7.828,38.48,1.35,6.95
"2021-01-06",NA,0,0,NA,0,0,0,0,0,0,0,0,0,100,71.45,798.6,175.7,47.95,10.42,0.686,20.07,27.97,22.88,25.38,22.86,185.5,41.33,1.18,5.9
"2021-01-07",NA,0,0,NA,0,0,0,0,0,0,0,0,0,96.7,67.98,1176,215.5,54.32,11.78,0.842,0,27.66,21.51,25.03,21.34,176.9,46.9,1.325,5.225
"2021-01-08",NA,0,0,NA,0,0,0,0,0,0,0,0,0,96.1,62.09,1498,390.9,67.56,19.23,1.36,0,31.42,21.19,27.66,21.46,71.72,70.59,1.139,5.375
"2021-01-09",NA,0,0,NA,0,0,0,0,0,0,0,0,0,97.9,60.51,1470,423.4,67.97,20.08,1.399,0,30.82,21.07,28.16,21.92,60.68,27.84,1.018,5.9
"2021-01-10",NA,0,0,NA,0,0,0,0,0,0,0,0,0,100,55.26,1525,427.9,68.26,20.16,1.402,0,33.07,19.88,28.14,20.8,95.6,74.43,1.054,4.7
"2021-01-11",NA,0,0,NA,0,0,0,0,0,0,0,0,0,99.8,51.64,1304,438,61.09,21.4,1.551,2.54,32.16,20.91,27.65,21.52,143.2,61.36,1.175,5.075
"2021-01-12",NA,0,0,NA,0,0,0,0,0,0,0,0,0,96.2,49.66,1105,424.6,55.12,21,0.785,0,32.59,23.91,30.59,24.84,67.73,27.66,1.611,5.825
"2021-01-13",NA,0,0,NA,0,0,0,0,0,0,0,0,0,97.6,47.28,1389,396.6,64.73,19.97,1.371,0,33.57,22.47,29.18,23.1,102.7,39.5,0.914,5.975
"2021-01-14",NA,0,0,NA,0,0,0,0,0,0,0,0,0,100,52.13,1200,428.9,57.55,21.23,1.516,0,31.95,21.45,28.88,22.42,74.92,35.48,1.085,6.425
"2021-01-15",NA,0,0,NA,0,0,0,0,0,0,0,0,0,100,56.16,1335,407.5,61.89,19.84,1.427,0,34.13,21.24,30.06,22.46,22.13,33.41,1.722,7.1
"2021-01-16",NA,0,0,NA,0,0,0,0,0,0,0,0,0,98.4,38.53,1255,364,56.84,17.57,0.949,1.27,39.77,24.42,28.99,24.57,20.65,88.2,1.483,6.575
"2021-01-17",NA,0,0,NA,0,0,0,0,0,0,0,0,0,97.4,62.95,1484,239.1,67.56,13.14,0.731,0,30.18,23.31,26.27,23.41,168.3,47.45,1.259,5.45
"2021-01-18",NA,0,0,NA,0,0,0,0,0,0,0,0,0,94.5,55.12,1565,342.3,73.02,16.82,1.179,0,31,21.23,26.66,21.38,161.2,47.97,1.091,5.3
"2021-01-19",NA,0,0,NA,0,0,0,0,0,0,0,0,0,96.1,46.69,1362,439.9,62.3,21.13,1.529,0,31.66,19.54,27.74,20.03,52.4,36.16,1.123,6.8
"2021-01-20",NA,0,0,NA,0,0,0,0,0,0,0,0,0,99.1,55.81,1473,334.6,63.93,15.44,1.046,0,32.76,19.5,26.85,20,181.4,50.7,1.266,5.825
"2021-01-21",NA,0,0,NA,0,0,0,0,0,0,0,0,0,99.5,55.85,1689,358.4,69.78,17.39,1.16,0,32.61,21,27.73,21.81,152.1,57.76,1.211,5.225
"2021-01-22",NA,0,0,NA,0,0,0,0,0,0,0,0,0,100,54.29,1443,418,63.11,19.22,1.359,0,32.46,19.18,27.98,19.22,47.88,36.95,1.006,6.275
"2021-01-23",NA,0,0,NA,0,0,0,0,0,0,0,0,0,98.1,56.73,1404,396.5,62.3,19.3,1.346,0,34.09,20.12,29.7,20.15,26.7,43.81,1.39,6.875
"2021-01-24",NA,0,0,NA,0,0,0,0,0,0,0,0,0,99.6,66.98,1459,259.4,65.94,13.2,0.802,14.73,33.69,22.55,28.66,23.02,79.84,61.05,1.661,9.35
"2021-01-25",NA,0,0,NA,0,0,0,0,0,0,0,0,0,100,85.7,975,141.3,44.31,8.18,0.423,57.4,25.38,19.76,22.43,20.04,187,45.07,1.534,6.5
"2021-01-26",NA,0,0,NA,0,0,0,0,0,0,0,0,0,99.4,65.68,1505,336.2,69.99,16.89,1.172,0,32.28,20.97,27.48,21.49,5.169,49.66,1.264,5.225
"2021-01-27",NA,0,0,NA,0,0,0,0,0,0,0,0,0,100,50.38,1288,416.2,59.87,20.21,1.407,0,35.98,24.24,30.07,24.55,7.041,33.14,1.751,6.05
"2021-01-28",NA,0,0,NA,0,0,0,0,0,0,0,0,0,100,83.1,695.6,149.2,37.63,8.94,0.595,14.22,26.9,21.17,23.81,21.85,193.7,43.64,1.405,5.45
"2021-01-29",NA,0,0,NA,0,0,0,0,0,0,0,0,0,98,60.1,1448,396.4,66.25,19.38,1.369,0,31.6,21.08,27.32,21.44,171.2,51.14,0.922,4.7
"2021-01-30",NA,0,0,NA,0,0,0,0,0,0,0,0,0,99.8,62.34,1356,332.2,62.7,16.79,1.14,0,32.53,22.87,28.52,23.59,69.33,45.69,0.705,5.3
"2021-01-31",NA,0,0,NA,0,0,0,0,0,0,0,0,0,99.7,58.02,1384,400.6,63.41,19.72,1.268,0,34.17,24.68,29.93,25.56,6.51,34.03,1.369,5.45
"2021-02-01",NA,0,0,NA,0,0,0,0,0,0,0,0,0,99,57.29,1547,320.8,71.73,16.36,0.94,32,35.2,19.11,27,19.52,79.27,97.7,1.645,6.275
"2021-02-02",NA,0,0,NA,0,0,0,0,0,0,0,0,0,98.2,71.04,1041,163,48.56,9.24,0.52,1.27,25.92,19.25,22.37,19.6,174.2,48.27,1.343,5.225
"2021-02-03",NA,0,0,NA,0,0,0,0,0,0,0,0,0,100,82,660.1,155.7,37.43,9.28,0.667,4.826,28.89,19.64,23.6,20.22,191.9,38.07,0.88,4.325
"2021-02-04",NA,0,0,NA,0,0,0,0,0,0,0,0,0,100,57.26,1362,391.7,63.01,19.2,1.182,4.064,35.01,22.63,28.37,23.2,354.1,50.72,0.681,4.775
"2021-02-05",NA,0,0,NA,0,0,0,0,0,0,0,0,0,100,69.87,1283,315.1,60.48,15.9,1.054,0,32.12,23.3,27.58,23.9,164.8,44.92,0.808,4.025
"2021-02-06",NA,0,0,NA,0,0,0,0,0,0,0,0,0,100,62.1,1339,342.1,64.93,17.27,1.152,0,31.38,22.68,27.75,23.57,120.1,52.05,0.736,4.475
"2021-02-07",NA,0,0,NA,0,0,0,0,0,0,0,0,0,99.4,58.28,1444,249.3,66.55,13.44,0.851,0,32.73,21.95,27.74,23.06,24.23,36.43,0.59,3.65
"2021-02-08",NA,0,0,NA,0,0,0,0,0,0,0,0,0,100,57.68,1381,397.8,63.11,19.43,1.323,0,33.32,22.23,29.21,22.92,54.83,44.18,0.778,5.45
"2021-02-09",NA,0,0,NA,0,0,0,0,0,0,0,0,0,99.3,63.43,829,198.3,41.06,11.1,0.698,0.254,30.16,22.64,26.79,23.29,147.5,50.11,0.575,3.5
"2021-02-10",NA,0,0,NA,0,0,0,0,0,0,0,0,0,100,63.01,1510,395.3,67.16,19.39,1.329,9.65,32,22.47,28.18,23.1,123.4,51.1,0.791,4.55
"2021-02-11",NA,0,0,NA,0,0,0,0,0,0,0,0,0,99.4,62.86,1495,327.9,70.7,16.48,1.133,0.762,31.21,22.94,27.71,23.32,162.6,43.86,0.985,5.075
"2021-02-12",NA,0,0,NA,0,0,0,0,0,0,0,0,0,99.8,71.77,1451,329.9,69.99,16.89,0.942,25.65,30.96,23.08,26.89,23.41,131,49.55,1.058,6.725
"2021-02-13",NA,0,0,NA,0,0,0,0,0,0,0,0,0,100,75.28,1398,255.7,67.77,13.11,0.583,100.8,31.1,24.01,26.11,24.4,137.3,63.93,0.765,6.425
"2021-02-14",NA,0,0,NA,0,0,0,0,0,0,0,0,0,100,79.7,1575,233.5,74.46,12.66,0.614,38.86,29.64,24.18,26.28,24.55,90.1,33.06,0.529,4.85
"2021-02-15",NA,0,0,NA,0,0,0,0,0,0,0,0,0,100,69.64,1379,326.8,65.23,17.12,1.018,21.59,32.11,20.89,26.69,21.25,158.3,45.49,1.162,7.55
"2021-02-16",NA,0,0,NA,0,0,0,0,0,0,0,0,0,100,67.48,810,158.1,43.5,9.24,0.588,11.68,24.7,19.58,21.69,19.79,182.2,51.77,2.759,8.37
"2021-02-17",NA,0,0,NA,0,0,0,0,0,0,0,0,0,91.3,69.75,1494,235.3,68.88,12.56,0.886,0,26.78,20.7,23.56,20.53,182.6,50.33,2.007,7.4
"2021-02-18",NA,0,0,NA,0,0,0,0,0,0,0,0,0,97.7,64.19,1385,411.6,63.72,19.8,1.366,0,31.61,20.34,27.1,20.38,173.5,46.36,1.048,4.55
"2021-02-19",NA,0,0,NA,0,0,0,0,0,0,0,0,0,99.6,81.4,1374,192.5,68.18,10.66,0.625,5.842,27.73,23.8,25.72,24.05,176.6,50.13,1.794,6.575
"2021-02-20",NA,0,0,NA,0,0,0,0,0,0,0,0,0,100,65.3,1280,373.4,62.3,18.87,1.277,0.762,32.44,23.68,27.8,23.89,184.9,47.98,1.472,5.75
"2021-02-21",NA,0,0,NA,0,0,0,0,0,0,0,0,0,98.8,57.55,1305,389.3,57.75,18.89,1.278,0,32.81,23.25,27.97,23.04,169.2,51.67,1.245,4.7
"2021-02-22",NA,0,0,NA,0,0,0,0,0,0,0,0,0,100,76.79,1024,195.6,48.65,10.94,0.714,1.778,26.92,22.31,25.39,23.34,178.7,41.96,0.76,3.95
"2021-02-23",NA,0,0,NA,0,0,0,0,0,0,0,0,0,100,54.53,1277,397.7,57.24,19.03,1.298,0.254,31.55,21.62,27.62,22.24,11.15,31.12,1.24,5.825
"2021-02-24",NA,0,0,NA,0,0,0,0,0,0,0,0,0,98.8,70.55,1202,268.4,54.11,13.34,0.813,0.508,30.84,23.27,26.91,23.88,196.9,59.04,0.464,3.875
"2021-02-25",NA,0,0,NA,0,0,0,0,0,0,0,0,0,100,77.08,1314,173.5,59.08,9.09,0.589,6.35,27.6,19.17,23.98,20.23,203.7,36.93,0.751,6.8
"2021-02-26",NA,0,0,NA,0,0,0,0,0,0,0,0,0,99,68.84,1473,279.1,68.37,14.4,0.941,0.762,28.62,20.24,24.22,20.54,180.1,46.88,1.045,4.85
"2021-02-27",NA,0,0,NA,0,0,0,0,0,0,0,0,0,98.5,54.66,1370,387.1,62.71,18.62,1.246,0,29.62,18.9,24.46,19.22,177.8,47.46,0.94,5
"2021-02-28",NA,0,0,NA,0,0,0,0,0,0,0,0,0,97.8,57.23,1028,262.6,47.54,13.76,0.919,1.016,28.3,18.36,23.39,18.78,181.7,42.51,0.829,4.475
"2021-03-01",NA,0,0,NA,0,0,0,0,0,0,0,0,0,98.8,62.28,1630,344.5,70.39,17.02,1.078,4.318,30.47,18.63,24.09,19.09,172.4,51.63,0.944,4.325
"2021-03-02",NA,0,0,NA,0,0,0,0,0,0,0,0,0,99.9,60.12,1481,338.3,68.27,16.75,1.141,0.508,30.11,19.84,25.41,20.61,148.2,61.87,0.756,4.55
"2021-03-03",NA,0,0,NA,0,0,0,0,0,0,0,0,0,99.1,51.41,1150,396.8,51.58,18.28,1.257,0,30.47,19.36,26.29,20.58,115.8,62.83,0.779,4.625
"2021-03-04",NA,0,0,NA,0,0,0,0,0,0,0,0,0,99,47.62,1019,388.5,48.55,18.01,1.243,0,31.64,17.68,26.3,19.18,125.4,67.4,0.84,5.45
"2021-03-05",NA,0,0,NA,0,0,0,0,0,0,0,0,0,100,51.9,1223,377.6,51.58,17.39,1.17,0.762,32.54,18.05,27.37,19.29,107.2,67.72,0.762,4.1
"2021-03-06",NA,0,0,NA,0,0,0,0,0,0,0,0,0,99.9,61.15,1378,343.1,62.91,16.53,1.029,3.556,30.62,21.6,26.2,22.09,151.2,55.72,0.925,4.625
"2021-03-07",NA,0,0,NA,0,0,0,0,0,0,0,0,0,97.1,67.19,1181,201.2,53.81,10.81,0.694,0,29.26,22.38,26.73,22.89,35.5,24.78,0.926,4.7
"2021-03-08",NA,0,0,NA,0,0,0,0,0,0,0,0,0,95.8,55.95,1150,375.9,53.2,18.04,1.158,0,32.65,22.68,28.12,23.39,11.62,30.75,1.626,7.025
"2021-03-09",NA,0,0,NA,0,0,0,0,0,0,0,0,0,100,68.78,1318,306.2,53.8,14.19,0.863,0,31.55,22.51,28.22,22.38,18.88,44.74,1.113,5.075
"2021-03-10",NA,0,0,NA,0,0,0,0,0,0,0,0,0,97.8,37.77,957,361.5,46.72,16.91,1.137,0,39.12,24.34,30.69,23.8,3.038,32.59,1.523,5.675
"2021-03-11",NA,0,0,NA,0,0,0,0,0,0,0,0,0,99.3,33.23,989,359.9,48.85,17.2,1.151,0,39.09,21.74,29.3,22.08,126.5,78.66,1.227,5.225
"2021-03-12",NA,0,0,NA,0,0,0,0,0,0,0,0,0,100,66.64,1326,305.9,56.74,15.11,0.859,14.22,31.43,21.44,26.44,21.93,162.3,57.65,0.988,4.025
"2021-03-13",NA,0,0,NA,0,0,0,0,0,0,0,0,0,100,61,1246,368.4,56.03,17.67,1.177,0,31.53,20.94,27.33,21.41,33.17,35.64,0.917,5.45
"2021-03-14",NA,0,0,NA,0,0,0,0,0,0,0,0,0,100,50.94,1102,373.9,51.99,18.03,1.169,0,31.74,20.82,27.52,21.54,42.05,40.55,0.935,5.225
"2021-03-15",NA,0,0,NA,0,0,0,0,0,0,0,0,0,100,43.34,1048,366.5,50.77,18,1.213,0,32,19.3,27.65,20.29,35.94,44.13,0.912,5.075
"2021-03-16",NA,0,0,NA,0,0,0,0,0,0,0,0,0,100,52.07,1109,363.9,52.69,17.2,1.128,0,33.24,19.87,28.22,21.17,28.53,38.94,0.925,5.375
"2021-03-17",NA,0,0,NA,0,0,0,0,0,0,0,0,0,100,55.81,1114,309.6,49.96,14.31,0.893,8.13,33.33,21.21,27.84,22.78,8.22,44.16,0.901,5.9
"2021-03-18",NA,0,0,NA,0,0,0,0,0,0,0,0,0,100,61.84,1230,270.4,51.78,13.14,0.786,0.254,31.1,21.33,26.35,22.58,163,47.35,0.34,3.5
"2021-03-19",NA,0,0,NA,0,0,0,0,0,0,0,0,0,100,54.74,1107,325.3,48.95,15.35,1.004,0,32.79,21.9,27.39,22.37,153.9,63.59,0.697,4.25
"2021-03-20",NA,0,0,NA,0,0,0,0,0,0,0,0,0,99.6,62.22,1243,323.6,54.01,15.46,0.981,1.016,30.93,21.95,27.02,22.78,98.1,57.33,0.778,4.55
"2021-03-21",NA,0,0,NA,0,0,0,0,0,0,0,0,0,100,69.91,1107,214.1,47.74,11.21,0.698,2.54,29.25,21.97,24.81,22.31,194,53.27,0.974,6.05
"2021-03-22",NA,0,0,NA,0,0,0,0,0,0,0,0,0,95.3,62.95,1269,283.7,58.26,14.01,0.914,0,28.4,19.44,23.9,19.76,181.5,45.06,1.159,5.15
"2021-03-23",NA,0,0,NA,0,0,0,0,0,0,0,0,0,96.9,47.32,1106,355.4,51.98,17.11,1.124,0,29.17,17.99,23.88,18.26,171.9,45.73,0.908,4.625
"2021-03-24",NA,0,0,NA,0,0,0,0,0,0,0,0,0,97.5,48.91,1131,334.1,53.8,16.08,0.996,0,29.61,19.07,24.21,19.31,159.2,50.1,0.757,4.325
"2021-03-25",NA,0,0,NA,0,0,0,0,0,0,0,0,0,99.4,59.89,1439,161.1,61.49,8.95,0.499,16.51,28.15,19.56,23.27,20.37,97.6,65.53,0.791,4.775
"2021-03-26",NA,0,0,NA,0,0,0,0,0,0,0,0,0,100,64.99,1201,250.6,52.59,12.01,0.743,17.53,29.2,18.98,23.89,19.94,15.42,61.4,0.686,5
"2021-03-27",NA,0,0,NA,0,0,0,0,0,0,0,0,0,99.5,64.38,1216,331.7,53.2,16.07,1.031,1.27,29.83,18.53,24.27,18.93,184.6,42.08,0.911,4.325
"2021-03-28",NA,0,0,NA,0,0,0,0,0,0,0,0,0,96.8,55.2,1129,338.1,53.2,16.39,1.03,0,28.56,17.73,22.67,17.87,185.4,46.61,1.403,6.125
"2021-03-29",NA,0,0,NA,0,0,0,0,0,0,0,0,0,97.4,56.08,1171,304,52.29,14.43,0.927,0,28.73,16.75,22.8,17.07,157.2,61.04,0.814,3.95
"2021-03-30",NA,0,0,NA,0,0,0,0,0,0,0,0,0,98.5,57.82,1137,207.5,47.33,9.89,0.644,0,28.36,17.41,23.5,18.36,18.54,32.06,0.487,4.25
"2021-03-31",NA,0,0,NA,0,0,0,0,0,0,0,0,0,100,52.13,903,338.8,43.99,16.03,1.047,0,31.13,16.31,24.29,16.67,1.169,29.93,1.205,6.65
"2021-04-01",NA,0,0,NA,0,0,0,0,0,0,0,0,0,100,50.56,1102,334.2,49.55,15.89,1.031,0,32.22,19.99,25.6,19.61,50.54,47.56,0.508,4.175
"2021-04-02",NA,0,0,NA,0,0,0,0,0,0,0,0,0,100,51.74,1055,324.6,46.52,15.2,0.975,0,30.51,18.23,25.37,19.32,357.7,35.07,1.098,6.2
"2021-04-03",NA,0,0,NA,0,0,0,0,0,0,0,0,0,98.3,68.29,1053,167,45.41,8.95,0.551,0,26.83,20.18,22.98,20.54,187.6,45.5,1.193,5.975
"2021-04-04",NA,0,0,NA,0,0,0,0,0,0,0,0,0,99,53.51,1274,249.5,55.22,12.18,0.789,0,27.68,15.37,22.27,16.07,173.7,46.16,0.694,4.1
"2021-04-05",NA,0,0,NA,0,0,0,0,0,0,0,0,0,99,49.04,1065,320,47.13,14.64,0.91,0,30.6,16.02,23.16,16.4,108,52.92,0.571,4.25
"2021-04-06",NA,0,0,NA,0,0,0,0,0,0,0,0,0,100,43.87,1094,327.4,48.54,15.47,0.915,0,31.44,17.03,23.81,17.46,52.83,39.66,0.53,4.625
"2021-04-07",NA,0,0,NA,0,0,0,0,0,0,0,0,0,98.9,53.21,1118,313,47.33,14.55,0.926,0,30.5,16.87,24.58,17.44,359.1,39.86,1.012,6.425
"2021-04-08",NA,0,0,NA,0,0,0,0,0,0,0,0,0,100,52.48,1069,304.3,45.51,13.77,0.851,0,32.05,18.55,25.71,18.74,23.4,40.91,0.702,5
"2021-04-09",NA,0,0,NA,0,0,0,0,0,0,0,0,0,100,57.44,1061,290.6,45.1,13.6,0.868,0,30.88,20.55,25.65,20.81,150.2,49.78,0.659,4.625
"2021-04-10",NA,0,0,NA,0,0,0,0,0,0,0,0,0,100,50.57,1114,316.2,47.33,14.43,0.918,0,32.11,19.76,25.81,19.53,24.21,48.84,0.7,5.675
"2021-04-11",NA,0,0,NA,0,0,0,0,0,0,0,0,0,100,40.74,860,322.4,40.86,14.96,0.959,0,33.84,18.74,25.7,18.61,358,32.36,1.009,4.775
"2021-04-12",NA,0,0,NA,0,0,0,0,0,0,0,0,0,100,53.57,1030,283,42.88,12.79,0.782,0,32.46,19.02,25.71,18.59,146.5,51.82,0.522,4.325
"2021-04-13",NA,0,0,NA,0,0,0,0,0,0,0,0,0,100,50.01,827,307,39.64,14.34,0.918,0,32.79,22.09,27.57,21.54,15.43,37.39,0.837,5.45
"2021-04-14",NA,0,0,NA,0,0,0,0,0,0,0,0,0,100,54.6,901,304.3,40.45,14.11,0.9,0,32.61,20.35,26.74,20.69,2.058,43.47,0.887,5
"2021-04-15",NA,0,0,NA,0,0,0,0,0,0,0,0,0,100,53.81,950,264.6,40.66,11.86,0.753,0,31.86,19.06,25.97,19.23,358.8,71.63,0.745,4.175
"2021-04-16",NA,0,0,NA,0,0,0,0,0,0,0,0,0,98.7,49.01,1037,247.2,43.69,11.61,0.696,0,26.61,16.13,22.09,16.64,182,51.34,2.02,8.45
"2021-04-17",NA,0,0,NA,0,0,0,0,0,0,0,0,0,97.7,42.17,1141,240.2,49.46,11.85,0.725,0.762,25.96,13.67,19.03,13.7,185.1,50.06,0.736,4.4
"2021-04-18",NA,0,0,NA,0,0,0,0,0,0,0,0,0,97.9,48.74,1106,289.6,46.53,13.29,0.841,0,27.5,11.4,20.68,11.93,0.905,42.45,1.03,5.975
"2021-04-19",NA,0,0,NA,0,0,0,0,0,0,0,0,0,98,41.25,825,307.8,39.24,14.24,0.897,0,29.84,15.13,22.75,14.91,335.6,56.24,1.148,6.275
"2021-04-20",NA,0,0,NA,0,0,0,0,0,0,0,0,0,98.8,60.65,994,222.8,40.05,10.37,0.567,24.38,28.3,17.21,22.28,17.66,192.3,43.81,0.953,4.85
"2021-04-21",NA,0,0,NA,0,0,0,0,0,0,0,0,0,99.5,53.65,1036,297.5,41.26,13.57,0.852,0,28.71,17.27,23.24,17.67,162.7,77.45,0.713,4.25
"2021-04-22",NA,0,0,NA,0,0,0,0,0,0,0,0,0,100,53.07,838,275.8,38.03,12.84,0.785,1.524,29.45,16.67,23.42,17.37,17.2,41.93,0.838,5.525
"2021-04-23",NA,0,0,NA,0,0,0,0,0,0,0,0,0,100,52.77,983,252.4,38.23,11.73,0.637,6.604,27.58,15.12,20.6,15.81,242.6,44.16,0.522,4.1
"2021-04-24",NA,0,0,NA,0,0,0,0,0,0,0,0,0,99.7,48.42,886,181.8,37.42,8.8,0.575,0,28.44,13.86,20.35,14.26,322.3,35.99,0.651,4.85
"2021-04-25",NA,0,0,NA,0,0,0,0,0,0,0,0,0,98.7,58.82,1095,268.4,44.9,12.55,0.768,0,28.61,17.53,22.14,17.22,199.7,39.1,0.787,5.525
"2021-04-26",NA,0,0,NA,0,0,0,0,0,0,0,0,0,100,54.11,927,290,41.26,13.32,0.824,0,30.28,15.72,23.15,16.65,345.6,56.92,0.664,4.625
"2021-04-27",NA,0,0,NA,0,0,0,0,0,0,0,0,0,100,30.6,780,288.1,36.41,13.14,0.813,0,35.65,17.73,25.3,18.51,349.9,29.35,0.608,5.825
"2021-04-28",NA,0,0,NA,0,0,0,0,0,0,0,0,0,100,66.02,936,254.4,39.04,11.65,0.725,0,29.74,19.33,23.81,19.61,166.3,41.81,0.768,4.325
"2021-04-29",NA,0,0,NA,0,0,0,0,0,0,0,0,0,100,55.08,807,281.8,35.6,12.83,0.785,0,31.35,19.31,25.3,19.35,5.484,26.69,0.97,5.3
"2021-04-30",NA,0,0,NA,0,0,0,0,0,0,0,0,0,100,81.5,456.5,87.5,21.04,4.699,0.275,2.032,23.09,17.75,20.7,17.82,187.5,41.57,1.111,5.3
"2021-05-01",NA,0,0,NA,0,0,0,0,0,0,0,0,0,99.3,45.8,1047,228.2,45.01,11.11,0.648,1.27,25.59,16.07,19.42,16.5,190.9,46.53,1.522,6.2
"2021-05-02",NA,0,0,NA,0,0,0,0,0,0,0,0,0,99,56.75,945,272.6,40.66,12.76,0.784,1.27,25.84,14.53,19.29,15.02,182.3,39.82,0.812,4.7
"2021-05-03",NA,0,0,NA,0,0,0,0,0,0,0,0,0,98.8,54.32,975,277.9,41.26,12.7,0.755,0,26.39,15.46,20.11,15.57,177.1,44.2,0.784,4.475
"2021-05-04",NA,0,0,NA,0,0,0,0,0,0,0,0,0,99.2,48.1,1007,261,41.26,11.91,0.712,0,27.3,14.61,20.62,15.09,180.7,62.61,0.667,3.8
"2021-05-05",NA,0,0,NA,0,0,0,0,0,0,0,0,0,100,56.76,966,262.1,38.43,11.7,0.719,0,27.56,12.62,20.65,13.31,9.18,35.37,0.64,4.625
"2021-05-06",NA,0,0,NA,0,0,0,0,0,0,0,0,0,100,59.1,916,255.5,35.19,11.13,0.678,0,27.77,15.1,21.51,15.23,27.9,33.25,0.665,4.7
"2021-05-07",NA,0,0,NA,0,0,0,0,0,0,0,0,0,100,59.32,929,232.5,36.72,10.12,0.603,0,27.08,15.87,21.75,16.11,35.09,34.72,0.716,5.675
"2021-05-08",NA,0,0,NA,0,0,0,0,0,0,0,0,0,99.5,58.65,734.4,251.5,32.36,11.04,0.663,0,27.22,17.25,21.88,17.22,359.4,39.78,1.064,5.9
"2021-05-09",NA,0,0,NA,0,0,0,0,0,0,0,0,0,100,49.14,905,267.5,39.64,12.47,0.763,6.096,26.84,15.88,20.79,16.34,193.9,45.57,1.051,5.975
"2021-05-10",NA,0,0,NA,0,0,0,0,0,0,0,0,0,97.4,46.98,721.1,263.3,34.28,12.32,0.76,0,28.63,14.95,20.42,14.87,199.2,40.66,0.646,4.175
"2021-05-11",NA,0,0,NA,0,0,0,0,0,0,0,0,0,99.5,49.7,730.4,257.4,32.97,11.58,0.707,0,28.92,14.18,21.57,14.96,311.6,61.31,0.717,6.35
"2021-05-12",NA,0,0,NA,0,0,0,0,0,0,0,0,0,100,42.33,706.5,260.5,31.55,11.14,0.679,0,31.07,14.65,21.72,14.53,359.9,36.16,0.926,6.425
"2021-05-13",NA,0,0,NA,0,0,0,0,0,0,0,0,0,100,53.23,829,246.5,32.77,10.69,0.648,0,29.42,17.33,22.57,17.34,337.9,75.25,0.843,4.175
"2021-05-14",NA,0,0,NA,0,0,0,0,0,0,0,0,0,100,40.34,691.6,255.9,30.54,10.96,0.665,0,30.99,16.75,22.27,16.16,354,31.88,1.178,5.15
"2021-05-15",NA,0,0,NA,0,0,0,0,0,0,0,0,0,100,31.6,681.6,252.6,29.73,10.74,0.654,0,31.75,14.67,21.88,13.58,348.1,29.62,0.873,5.675
"2021-05-16",NA,0,0,NA,0,0,0,0,0,0,0,0,0,94.4,19.02,693.6,254.9,31.15,11.18,0.683,0,34.77,15.08,22.02,12.75,217.1,68.06,1.072,6.65
"2021-05-17",NA,0,0,NA,0,0,0,0,0,0,0,0,0,99.4,62.43,901,233.1,37.32,10.84,0.632,1.016,26.44,17.42,20.89,17.59,170.5,41.06,0.827,3.95
"2021-05-18",NA,0,0,NA,0,0,0,0,0,0,0,0,0,100,65.26,860,200.5,34.09,9.17,0.548,3.048,25.49,16.08,20.15,16.17,114.7,61.64,0.717,4.7
"2021-05-19",NA,0,0,NA,0,0,0,0,0,0,0,0,0,100,55.87,668.2,244.9,30.14,10.76,0.648,0,27.67,14.82,20.97,14.73,1.976,28.33,1.313,6.05
"2021-05-20",NA,0,0,NA,0,0,0,0,0,0,0,0,0,99.7,48.96,852,215.7,33.78,9.28,0.55,0,28.5,17.07,21.82,16.47,355.6,33.47,1.852,6.425
"2021-05-21",NA,0,0,NA,0,0,0,0,0,0,0,0,0,85,60.53,872,220.3,34.08,9.78,0.584,0,26.51,16.08,21.5,15.49,148.6,76.16,1.383,5.3
"2021-05-22",NA,0,0,NA,0,0,0,0,0,0,0,0,0,97.6,55.33,977,167.9,39.24,8.12,0.458,0,25.06,15.14,19.35,15.47,171.4,44.73,0.721,4.925
"2021-05-23",NA,0,0,NA,0,0,0,0,0,0,0,0,0,98,59.35,784.4,205.6,30.75,9.45,0.55,0,25.04,13.76,18.38,13.96,160.5,58.82,0.851,3.65
"2021-05-24",NA,0,0,NA,0,0,0,0,0,0,0,0,0,99.7,55.76,881,232.5,33.48,10.21,0.612,0,25.04,13.18,19.07,12.59,19.64,25.77,0.822,5.3
"2021-05-25",NA,0,0,NA,0,0,0,0,0,0,0,0,0,100,48.27,690.4,225.4,28.32,9.04,0.546,0,26.16,11.38,18.12,10.94,359.1,26.65,0.837,5.075
"2021-05-26",NA,0,0,NA,0,0,0,0,0,0,0,0,0,99.9,41.42,634.7,231.1,27.71,9.76,0.58,0,27.36,11.41,18.56,11.33,4.355,28.18,0.639,5
"2021-05-27",NA,0,0,NA,0,0,0,0,0,0,0,0,0,100,43.4,650.3,237.8,29.33,10.34,0.621,0,27.76,9.17,18.49,10.07,355.1,28.15,0.755,4.55
"2021-05-28",NA,0,0,NA,0,0,0,0,0,0,0,0,0,100,24.97,644.3,234.8,27.1,9.29,0.554,0,32.18,13.93,20.41,12.41,307.9,74.2,0.765,3.8
"2021-05-29",NA,0,0,NA,0,0,0,0,0,0,0,0,0,100,51.12,803,242,31.86,10.06,0.597,0,27.04,13.81,19.91,13.33,166.9,40.07,0.808,4.4
"2021-05-30",NA,0,0,NA,0,0,0,0,0,0,0,0,0,100,61.58,864,158.6,32.57,7.02,0.398,0.508,25.11,14.76,18.16,13.53,190.4,43.24,1.01,5.675
"2021-05-31",NA,0,0,NA,0,0,0,0,0,0,0,0,0,97.4,60.56,675.6,123.1,25.49,5.998,0.345,0.254,23.17,12.94,17.76,13.28,31.04,74.03,0.676,4.1
"2021-06-01",NA,0,0,NA,0,0,0,0,0,0,0,0,0,99.9,80.7,724.9,114.1,23.88,5.038,0.26,24.13,21.41,13.28,17.11,13.72,217.1,53.12,0.58,6.125
"2021-06-02",NA,0,0,NA,0,0,0,0,0,0,0,0,0,95.9,56.44,851,189.2,31.96,8.53,0.517,0,23.39,11.72,16.38,12.02,193.7,35.99,0.561,3.725
"2021-06-03",NA,0,0,NA,0,0,0,0,0,0,0,0,0,98,67.34,915,198.8,38.64,9.13,0.498,4.318,21.97,11.76,15.84,11.72,198.3,44.08,1.974,6.65
"2021-06-04",NA,0,0,NA,0,0,0,0,0,0,0,0,0,92,62.15,856,179.1,35.2,8.22,0.453,0,20.66,12.77,15.9,12.63,195.7,45.84,2.086,6.65
"2021-06-05",NA,0,0,NA,0,0,0,0,0,0,0,0,0,100,54.62,800,230.2,34.18,10.39,0.602,7.112,23.43,11.18,16.79,10.99,193.9,39.65,1,5.075
"2021-06-06",NA,0,0,NA,0,0,0,0,0,0,0,0,0,100,49.96,852,224.5,32.77,9.8,0.581,3.81,23.57,14.01,17.68,13.72,181.3,46.34,0.728,3.875
"2021-06-07",NA,0,0,NA,0,0,0,0,0,0,0,0,0,99.2,50.01,839,226.7,34.38,10.09,0.579,0.508,24.82,13.59,17.76,13.72,47.6,70.39,0.578,4.85
"2021-06-08",NA,0,0,NA,0,0,0,0,0,0,0,0,0,100,58.31,746.5,211.1,30.34,9,0.527,0,24.81,10.34,17.66,11.14,2.19,38.97,0.51,4.775
"2021-06-09",NA,0,0,NA,0,0,0,0,0,0,0,0,0,100,64,860,175.6,36,8.59,0.511,0.254,24.49,13.81,18.45,13.56,144.4,58.25,0.746,5.6
"2021-06-10",NA,0,0,NA,0,0,0,0,0,0,0,0,0,100,65.79,884,213,34.99,9.84,0.553,2.286,24.05,15.08,18.28,15.27,178.2,43.76,0.698,4.7
"2021-06-11",NA,0,0,NA,0,0,0,0,0,0,0,0,0,100,59.76,837,232.3,33.58,10.62,0.614,0.254,24.68,14.3,18.29,14.27,140.8,45.14,0.516,3.5
"2021-06-12",NA,0,0,NA,0,0,0,0,0,0,0,0,0,100,57.78,758.6,229.1,32.26,10.39,0.618,0,25.62,13.19,19.18,13.61,7.412,53.84,0.578,4.1
"2021-06-13",NA,0,0,NA,0,0,0,0,0,0,0,0,0,100,50.82,626.7,228.3,28.22,10.03,0.597,0,27.21,13.56,18.99,12.3,345.9,29.47,0.701,5.075
"2021-06-14",NA,0,0,NA,0,0,0,0,0,0,0,0,0,100,44.13,612.1,222.2,27.31,9.68,0.574,0,27.98,15.07,19.61,14.47,283.9,73.46,0.722,3.575
"2021-06-15",NA,0,0,NA,0,0,0,0,0,0,0,0,0,100,61.88,696.8,214.9,25.08,8.61,0.513,0,25.96,12.5,19.32,13.11,336.8,52.84,0.655,4.175
"2021-06-16",NA,0,0,NA,0,0,0,0,0,0,0,0,0,100,38.84,822,208.9,27.1,8.24,0.48,0,26.99,14.98,19.87,14.95,348.1,31.62,1.483,7.25
"2021-06-17",NA,0,0,NA,0,0,0,0,0,0,0,0,0,99.7,49.59,591.4,214.3,25.89,9.02,0.532,0,27.03,15.29,19.85,14.17,311.4,78.73,0.785,4.475
"2021-06-18",NA,0,0,NA,0,0,0,0,0,0,0,0,0,100,56.13,739,218.6,28.72,9.57,0.542,4.318,25.5,16.61,19.66,16.55,175.6,40.03,0.961,5.075
"2021-06-19",NA,0,0,NA,0,0,0,0,0,0,0,0,0,99.7,49.62,784.8,226.2,31.15,10.36,0.614,1.27,24.82,12.56,18.7,12.67,159.1,42.46,0.515,3.65
"2021-06-20",NA,0,0,NA,0,0,0,0,0,0,0,0,0,100,62.83,880,202.7,34.39,9.23,0.542,0,24.39,11.33,17.48,11.44,357.2,59.28,0.532,4.85
"2021-06-21",NA,0,0,NA,0,0,0,0,0,0,0,0,0,100,43.49,638.3,233.3,29.33,10.55,0.629,0,25.2,12.53,17.71,12.09,340.2,39.85,0.62,4.85
"2021-06-22",NA,0,0,NA,0,0,0,0,0,0,0,0,0,100,55.24,617.9,225.4,27.71,9.74,0.578,0,25.69,10.75,17.47,10.15,350,27.7,0.919,5.3
"2021-06-23",NA,0,0,NA,0,0,0,0,0,0,0,0,0,99.8,32.59,590.4,214,24.88,8.77,0.518,0,28.12,13.82,18.62,13.27,337.6,28.47,0.667,3.5
"2021-06-24",NA,0,0,NA,0,0,0,0,0,0,0,0,0,100,61.5,712.5,205.9,24.98,8.16,0.483,0,24.74,11.49,17.92,10.71,170.3,43.89,0.559,4.625
"2021-06-25",NA,0,0,NA,0,0,0,0,0,0,0,0,0,100,40.15,592.2,214.4,25.89,9.2,0.543,0,29.01,11.98,19.08,12.56,345.6,48.94,0.546,4.775
"2021-06-26",NA,0,0,NA,0,0,0,0,0,0,0,0,0,100,30.91,615.8,223.6,26.9,9.48,0.568,0,28.04,12.51,18.31,11.78,198.4,58.55,0.77,6.05
"2021-06-27",NA,0,0,NA,0,0,0,0,0,0,0,0,0,98.2,52,786.6,219,31.45,9.49,0.552,0,25.22,13.37,17.89,12.37,101.1,54.32,0.748,4.85
"2021-06-28",NA,0,0,NA,0,0,0,0,0,0,0,0,0,100,44.09,622.6,226.6,27.1,9.6,0.565,0,29.42,12.34,20.43,11.45,340.9,29.52,1.595,6.125
"2021-06-29",NA,0,0,NA,0,0,0,0,0,0,0,0,0,100,43.4,592.4,215.4,25.18,8.79,0.525,0,27.61,13.09,19.8,13.46,47.68,72.51,0.792,4.25
"2021-06-30",NA,0,0,NA,0,0,0,0,0,0,0,0,0,100,33.36,635.7,226.4,27.31,9.5,0.552,0,32.56,13.01,20.52,12.05,353.3,30.79,0.867,3.8
"2021-07-01",NA,0,0,NA,0,0,0,0,0,0,0,0,0,100,18.86,693.9,211.5,28.11,8.71,0.511,0,33.27,10.69,19.94,10.31,259,52.07,0.641,4.625
"2021-07-02",NA,0,0,NA,0,0,0,0,0,0,0,0,0,100,50.08,649.6,224.2,27.31,9.51,0.568,0,26.47,10.98,18.46,10.65,349.1,57.96,0.833,5.45
"2021-07-03",NA,0,0,NA,0,0,0,0,0,0,0,0,0,100,36.01,637.2,225.6,25.69,8.95,0.532,0,30.62,15.29,21.95,14.4,350.6,28.43,1.717,6.275
"2021-07-04",NA,0,0,NA,0,0,0,0,0,0,0,0,0,98.9,55.56,744.3,222.2,28.32,9.18,0.532,0,26.08,12.24,18.99,9.91,191.7,62.25,1.327,7.1
"2021-07-05",NA,0,0,NA,0,0,0,0,0,0,0,0,0,100,89.9,790.1,99.1,29.95,5.03,0.273,7.874,20.14,14.88,17.32,15.12,189.9,35.86,0.823,4.1
"2021-07-06",NA,0,0,NA,0,0,0,0,0,0,0,0,0,100,58.62,745.3,200.7,29.94,8.87,0.504,0,23.68,13.78,17.32,13.36,145.2,69.96,0.724,4.175
"2021-07-07",NA,0,0,NA,0,0,0,0,0,0,0,0,0,100,51.6,643.8,221.3,27.51,9.49,0.562,0,24.79,12.42,17.42,12.09,0.525,25.73,0.816,5.225
"2021-07-08",NA,0,0,NA,0,0,0,0,0,0,0,0,0,100,54.92,797.6,234.4,30.44,9.96,0.588,0,24.82,11.33,18.03,11.22,359.4,29.14,1.229,5.975
"2021-07-09",NA,0,0,NA,0,0,0,0,0,0,0,0,0,100,34.81,671.2,212.8,26.9,8.97,0.533,0,27.16,14.65,18.67,14.19,281.8,85.5,1.666,7.4
"2021-07-10",NA,0,0,NA,0,0,0,0,0,0,0,0,0,100,50.31,631.5,216,26.09,8.88,0.535,0,25.57,13.02,18.11,12.99,207.6,79.34,0.811,4.55
"2021-07-11",NA,0,0,NA,0,0,0,0,0,0,0,0,0,100,54.16,618.1,218.2,27.2,9.35,0.542,0,26.1,12.95,17.94,11.56,14.3,25.87,0.771,5.375
"2021-07-12",NA,0,0,NA,0,0,0,0,0,0,0,0,0,100,47.33,625.7,229.2,27.41,9.73,0.583,0,26.71,14.92,19.99,13.55,358.3,29.8,1.854,7.25
"2021-07-13",NA,0,0,NA,0,0,0,0,0,0,0,0,0,92.4,24.06,632.7,227.5,26.7,9.52,0.572,0,27.69,14.53,19.5,13.77,142.2,95.4,1.81,6.35
"2021-07-14",NA,0,0,NA,0,0,0,0,0,0,0,0,0,97.1,42.59,646.9,235.9,29.54,10.35,0.608,0,20.89,11.59,16.08,11.31,179.4,42.28,1.53,6.65
"2021-07-15",NA,0,0,NA,0,0,0,0,0,0,0,0,0,98.2,54.63,847,186.1,32.26,8.23,0.493,0,22.04,10.16,14.79,10.17,168.6,58.63,0.939,4.175
"2021-07-16",NA,0,0,NA,0,0,0,0,0,0,0,0,0,99.2,47.63,771.3,200.9,30.75,8.86,0.517,0,23.24,8.94,14.49,8.06,107,38.2,0.492,4.4
"2021-07-17",NA,0,0,NA,0,0,0,0,0,0,0,0,0,100,38.05,648.6,234.4,28.42,9.7,0.582,0,23.89,5.906,14.2,5.982,70.7,64.92,0.6,4.1
"2021-07-18",NA,0,0,NA,0,0,0,0,0,0,0,0,0,96.9,46.28,818,228.9,33.27,9.95,0.577,0,23.46,9.2,14.52,8.01,172.2,36.69,0.802,4.55
"2021-07-19",NA,0,0,NA,0,0,0,0,0,0,0,0,0,99.8,44.34,698.9,251,31.35,11.21,0.675,0,24.3,7.965,16.28,7.641,231.8,73.78,0.907,4.625
"2021-07-20",NA,0,0,NA,0,0,0,0,0,0,0,0,0,100,33.42,650.1,239.3,27.61,9.89,0.6,0,27.17,8.51,17.65,7.524,340.1,35.21,0.979,5.975
"2021-07-21",NA,0,0,NA,0,0,0,0,0,0,0,0,0,100,23.14,663.7,239.9,28.72,9.99,0.599,0,28.71,12.39,18.28,10.5,237.2,80.3,0.974,4.775
"2021-07-22",NA,0,0,NA,0,0,0,0,0,0,0,0,0,97.7,15.08,726.6,257.2,30.74,11.03,0.672,0,23.97,11.11,16.6,11,196.6,51.02,1.192,5.975
"2021-07-23",NA,0,0,NA,0,0,0,0,0,0,0,0,0,74.98,27.85,693.2,255.5,31.05,10.96,0.664,0,20.76,10.89,14.88,10.3,183.9,45.26,1.633,6.275
"2021-07-24",NA,0,0,NA,0,0,0,0,0,0,0,0,0,93.2,48.68,906,220,38.13,9.9,0.599,0,21.13,9.63,15.17,9.31,188.1,42.27,1.453,5.825
"2021-07-25",NA,0,0,NA,0,0,0,0,0,0,0,0,0,99.1,80.1,505.5,110.4,24.99,6.116,0.365,0.762,17.51,11.25,14.8,11.65,230.9,54.34,0.648,3.35
"2021-07-26",NA,0,0,NA,0,0,0,0,0,0,0,0,0,98.2,49.66,891,237.2,37.22,10.76,0.652,0,23.22,11.61,15.71,9.22,101.8,70.37,0.748,5.45
"2021-07-27",NA,0,0,NA,0,0,0,0,0,0,0,0,0,99,45.62,861,260.3,37.22,11.73,0.707,0,24.67,9.37,16.86,8.58,353.6,37.21,1.427,6.575
"2021-07-28",NA,0,0,NA,0,0,0,0,0,0,0,0,0,99.9,38.43,694.7,255.3,31.25,11.06,0.674,0,26.38,11.53,17.9,10.82,357.4,33.37,1.53,7.25
"2021-07-29",NA,0,0,NA,0,0,0,0,0,0,0,0,0,100,25.52,700.4,256.6,31.05,11.05,0.662,0,29.56,11.58,18.54,10.63,2.752,60.73,0.834,4.775
"2021-07-30",NA,0,0,NA,0,0,0,0,0,0,0,0,0,100,51.92,888,232.6,35.7,10.34,0.628,0,24.84,13.1,17.64,11.3,169.9,41.25,0.879,4.25
"2021-07-31",NA,0,0,NA,0,0,0,0,0,0,0,0,0,100,55.54,799.6,252.5,33.78,11.11,0.676,0,25.36,7.732,17.08,8.13,14.59,32.8,0.737,5.3
"2021-08-01",NA,0,0,NA,0,0,0,0,0,0,0,0,0,100,40.97,694.9,256.6,30.74,10.95,0.666,0,28.34,10.16,18.26,9.4,359,25.06,1.066,5.675
"2021-08-02",NA,0,0,NA,0,0,0,0,0,0,0,0,0,100,63.68,881,224.2,32.06,9.19,0.548,3.81,24.81,8.79,17.37,7.813,162.6,32.26,1.234,8
"2021-08-03",NA,0,0,NA,0,0,0,0,0,0,0,0,0,100,64.33,1003,226.9,41.17,10.45,0.633,0.762,23.92,14.14,18.97,13.63,18.31,32.07,0.946,5.825
"2021-08-04",NA,0,0,NA,0,0,0,0,0,0,0,0,0,100,47.22,688.4,253.8,30.04,10.79,0.661,0,25.4,12.19,18.19,12.17,355.9,30.48,1.296,6.425
"2021-08-05",NA,0,0,NA,0,0,0,0,0,0,0,0,0,100,58.99,687.1,252.8,29.83,10.63,0.652,0,25.7,10.79,18.23,10.89,15.18,24.48,0.849,5.45
"2021-08-06",NA,0,0,NA,0,0,0,0,0,0,0,0,0,100,27.45,690.9,255,29.73,10.67,0.652,0,31.69,12.44,20.72,11.45,340.4,68.6,1.364,5.9
"2021-08-07",NA,0,0,NA,0,0,0,0,0,0,0,0,0,99.9,56.29,782,263.6,33.47,11.87,0.733,0,25.56,14.23,18.72,13.18,163.8,38.59,0.879,5.15
"2021-08-08",NA,0,0,NA,0,0,0,0,0,0,0,0,0,100,37.2,749.3,275.7,34.38,12.34,0.762,0,28.43,9.04,18.8,9.23,359,27.37,1.091,6.725
"2021-08-09",NA,0,0,NA,0,0,0,0,0,0,0,0,0,100,28.23,647.1,230.7,23.66,7.715,0.471,0.254,31.68,15.73,20.42,14.68,32.7,97.1,2.108,7.175
"2021-08-10",NA,0,0,NA,0,0,0,0,0,0,0,0,0,98.1,60.99,933,206.1,36.82,9.61,0.533,1.016,21.49,11.93,16.54,11.6,179.4,45.14,1.403,5.825
"2021-08-11",NA,0,0,NA,0,0,0,0,0,0,0,0,0,99.2,48.26,913,252.3,34.79,10.9,0.673,0,23.95,8.39,17.7,9.1,351.5,57.4,1.73,7.475
"2021-08-12",NA,0,0,NA,0,0,0,0,0,0,0,0,0,91.8,24.22,671.7,242,27,9.17,0.558,0,34.21,13.83,21.64,12.93,345.4,85.3,1.816,6.575
"2021-08-13",NA,0,0,NA,0,0,0,0,0,0,0,0,0,99.3,71.68,186.9,39.22,10.62,2.326,0.136,4.318,18.95,12.46,14.34,12.79,190.5,43.81,1.696,6.275
"2021-08-14",NA,0,0,NA,0,0,0,0,0,0,0,0,0,100,67.57,960,227.9,35.91,9.81,0.507,3.302,20.3,11.97,15.37,12.29,190.2,40.61,0.855,3.875
"2021-08-15",NA,0,0,NA,0,0,0,0,0,0,0,0,0,100,58,892,213,36.81,9.43,0.5,0,22.75,13.67,17.41,13.52,1.769,41.16,0.65,4.925
"2021-08-16",NA,0,0,NA,0,0,0,0,0,0,0,0,0,98.9,60.09,950,219,38.23,10.07,0.636,0,24.49,13.62,18.82,13.16,7.137,32.78,1.083,5.9
"2021-08-17",NA,0,0,NA,0,0,0,0,0,0,0,0,0,100,53.88,930,266,35.8,11.45,0.71,0,25.91,14.17,20.1,13.88,357.4,29.74,1.858,7.175
"2021-08-18",NA,0,0,NA,0,0,0,0,0,0,0,0,0,100,31.72,683.8,250.2,28.11,9.96,0.609,0,31.63,16.05,22.31,15.07,357.9,31.01,1.441,4.775
"2021-08-19",NA,0,0,NA,0,0,0,0,0,0,0,0,0,98.6,64.32,870,259.5,34.38,10.96,0.658,0,25.89,17.25,21.06,16.72,149.1,51,1.354,5.6
"2021-08-20",NA,0,0,NA,0,0,0,0,0,0,0,0,0,94.8,54.27,955,264.9,38.53,12.15,0.748,0,24.54,16.67,20.44,16.87,155.4,40.82,1.116,4.7
"2021-08-21",NA,0,0,NA,0,0,0,0,0,0,0,0,0,100,68.09,1028,173.5,41.97,8.14,0.45,0,24.64,16.35,19.93,16.15,20.38,21.71,0.675,5.375
"2021-08-22",NA,0,0,NA,0,0,0,0,0,0,0,0,0,100,64.91,836,129.7,31.45,6.16,0.33,0,22.38,16.37,19.25,16.65,174.7,42.2,1.301,5.3
"2021-08-23",NA,0,0,NA,0,0,0,0,0,0,0,0,0,96.3,61.16,876,209.5,31.45,8.56,0.499,0,23.97,14.35,19.76,14.05,10.85,72.54,1.419,5.975
"2021-08-24",NA,0,0,NA,0,0,0,0,0,0,0,0,0,97,42.33,871,208.3,27.91,8.17,0.468,0,30.46,17.97,22.8,18.03,345.6,73.18,1.758,6.65
"2021-08-25",NA,0,0,NA,0,0,0,0,0,0,0,0,0,100,44.39,792.6,290.6,36.41,12.97,0.805,0,26.14,14.63,20.49,14.11,145.1,49.18,0.986,4.55
"2021-08-26",NA,0,0,NA,0,0,0,0,0,0,0,0,0,100,66.06,875,216.9,29.73,8.76,0.519,0,27.07,14.88,21.7,14.34,359.8,31.22,1.57,6.875
"2021-08-27",NA,0,0,NA,0,0,0,0,0,0,0,0,0,100,26.85,849,272.5,30.95,10.69,0.651,0,33.77,18.85,23.85,18.09,2.899,41.81,2.344,8
"2021-08-28",NA,0,0,NA,0,0,0,0,0,0,0,0,0,97.8,75.8,471.9,89.3,20.63,4.284,0.236,1.27,21.56,9.76,16.19,10.01,176.1,46.73,2.421,8.3
"2021-08-29",NA,0,0,NA,0,0,0,0,0,0,0,0,0,96.6,44.11,1081,320.4,45.52,14.75,0.938,0,21.85,10.06,15.58,9.76,178.8,42.73,1.785,7.1
"2021-08-30",NA,0,0,NA,0,0,0,0,0,0,0,0,0,97.7,36.57,830,309.1,38.33,13.76,0.867,0,26.93,8.38,18.08,8.33,351.6,43.19,1.54,7.1
"2021-08-31",NA,0,0,NA,0,0,0,0,0,0,0,0,0,100,21.21,836,311.5,38.03,13.71,0.867,0,33.23,14.19,21.91,12.17,359.9,52.29,1.288,5.6
"2021-09-01",NA,0,0,NA,0,0,0,0,0,0,0,0,0,96.5,61.36,1046,184.6,41.67,8.96,0.542,0,24.29,15.16,20.43,14.71,147,38.91,1.506,6.05
"2021-09-02",NA,0,0,NA,0,0,0,0,0,0,0,0,0,99,46.78,923,293,37.42,12.41,0.771,0,28.64,14.65,21.72,14.57,8.36,40.54,2.003,8.6
"2021-09-03",NA,0,0,NA,0,0,0,0,0,0,0,0,0,100,51.37,777,289.3,31.65,11.41,0.725,0,28.82,17.09,22.42,16.63,8.02,28.41,1.91,7.7
"2021-09-04",NA,0,0,NA,0,0,0,0,0,0,0,0,0,100,52.64,981,247.4,36,10.61,0.664,0,27.75,16.42,21.05,15.07,147,63.24,1.082,5.15
"2021-09-05",NA,0,0,NA,0,0,0,0,0,0,0,0,0,100,38.26,830,289.7,34.18,11.97,0.736,0,33.69,17.57,24.58,16.26,4.964,30.91,1.941,7.1
"2021-09-06",NA,0,0,NA,0,0,0,0,0,0,0,0,0,99.7,61.68,964,222.1,34.99,9.43,0.557,0,27.42,17.08,22.02,16.15,155.9,37.67,1.29,5.225
"2021-09-07",NA,0,0,NA,0,0,0,0,0,0,0,0,0,100,89.4,404.2,65.05,20.54,3.493,0.195,10.16,19.28,14.37,17.45,14.86,190.3,42.9,1.502,5.225
"2021-09-08",NA,0,0,NA,0,0,0,0,0,0,0,0,0,100,70.39,1112,191.8,44.71,9.37,0.539,5.588,22.47,14.32,17.51,14.78,180.3,38.42,0.813,4.175
"2021-09-09",NA,0,0,NA,0,0,0,0,0,0,0,0,0,100,50.2,1114,303.1,48.54,14.09,0.872,0,26.15,12.44,19.13,12.46,110,34.08,0.576,5.075
"2021-09-10",NA,0,0,NA,0,0,0,0,0,0,0,0,0,100,47.35,1245,329.8,51.88,15.2,0.977,0,24.63,12.76,19.3,12.78,53.44,35.82,1.089,6.575
"2021-09-11",NA,0,0,NA,0,0,0,0,0,0,0,0,0,100,46.66,1068,336.2,44.4,15.61,1.01,0,26.47,11.33,19.73,11.58,4.806,31.69,1.695,8.3
"2021-09-12",NA,0,0,NA,0,0,0,0,0,0,0,0,0,100,38.13,919,345.5,43.59,16.02,1.051,0,28.71,13.35,20.94,13.01,1.199,31.8,1.751,7.7
"2021-09-13",NA,0,0,NA,0,0,0,0,0,0,0,0,0,100,42.69,895,334.6,41.87,15.28,0.977,0,29.17,14.33,22.33,14.86,18.64,42.03,1.554,7.175
"2021-09-14",NA,0,0,NA,0,0,0,0,0,0,0,0,0,100,41.68,868,323.2,37.62,13.57,0.87,0,31.22,14.53,23.14,15.58,8.89,27.58,1.553,6.425
"2021-09-15",NA,0,0,NA,0,0,0,0,0,0,0,0,0,98.9,63.01,1012,291.1,39.34,12.3,0.759,0,26.92,17.52,21.84,17.01,159.3,67.9,1.729,6.575
"2021-09-16",NA,0,0,NA,0,0,0,0,0,0,0,0,0,100,72.26,442.7,99.3,22.25,5.304,0.304,9.14,23.07,17.46,20.17,18.03,173.9,46.17,0.86,3.575
"2021-09-17",NA,0,0,NA,0,0,0,0,0,0,0,0,0,100,64.63,1337,262.6,59.27,13.14,0.747,2.286,22.53,14.65,18.35,14.95,177.1,45.62,1.736,6.65
"2021-09-18",NA,0,0,NA,0,0,0,0,0,0,0,0,0,97.7,43.59,1399,316.3,60.88,15.01,0.976,0,23.53,11.15,17.66,12.04,165.1,41.29,1.014,4.925
"2021-09-19",NA,0,0,NA,0,0,0,0,0,0,0,0,0,98.7,45.29,954,323.5,41.87,14.51,0.934,0,25.16,11.94,19.97,12.04,4.809,34.02,2.034,7.7
"2021-09-20",NA,0,0,NA,0,0,0,0,0,0,0,0,0,98,51.27,920,241.3,35.09,9.9,0.586,0.254,26.17,17.39,21.37,16.8,6.377,48.88,2.465,7.7
"2021-09-21",NA,0,0,NA,0,0,0,0,0,0,0,0,0,97.1,61.05,1066,118.6,47.84,6.47,0.373,0.762,22.01,15.58,19.16,15.34,168.6,44.7,1.881,7.1
"2021-09-22",NA,0,0,NA,0,0,0,0,0,0,0,0,0,96.9,42.35,1290,330.9,55.82,15.69,1.019,0,24.51,11.03,18.45,11.72,174.1,43.23,1.117,5.9
"2021-09-23",NA,0,0,NA,0,0,0,0,0,0,0,0,0,98.1,47.42,1227,347.1,53.2,16.03,1.046,0,25.11,11.13,19.76,11.77,13.39,36.46,1.391,8.08
"2021-09-24",NA,0,0,NA,0,0,0,0,0,0,0,0,0,99.1,46.16,928,347,43.49,15.9,1.049,0,28.4,14.37,21.51,14.56,8.88,35.49,1.641,7.025
"2021-09-25",NA,0,0,NA,0,0,0,0,0,0,0,0,0,100,54.91,1007,330.4,44.09,14.24,0.928,0,29.39,13.68,22.14,14.2,13.25,32.65,1.341,7.1
"2021-09-26",NA,0,0,NA,0,0,0,0,0,0,0,0,0,100,38.77,954,359.1,44.19,16.29,1.09,0,32.86,16.67,24,16.94,17.8,51.76,1.314,6.2
"2021-09-27",NA,0,0,NA,0,0,0,0,0,0,0,0,0,100,43.04,932,351.8,43.49,15.93,1.029,0,32.38,17.89,25.12,17.11,11.02,30.39,1.615,7.55
"2021-09-28",NA,0,0,NA,0,0,0,0,0,0,0,0,0,97.4,63.91,1133,279.5,42.78,11.96,0.794,0,27.34,17.33,22.72,16.28,151.7,39.86,1.187,5.45
"2021-09-29",NA,0,0,NA,0,0,0,0,0,0,0,0,0,97.9,62.14,1113,188.3,39.24,8.34,0.486,0,26.74,19.31,22.66,19.64,146.7,36.98,1.177,5.825
"2021-09-30",NA,0,0,NA,0,0,0,0,0,0,0,0,0,97.7,55.75,1164,215.1,43.29,9.87,0.618,0.508,25.52,17.71,22.11,18.08,89.4,48.32,1.47,5.45
"2021-10-01",NA,0,0,NA,0,0,0,0,0,0,0,0,0,96.9,62.09,750.8,143.7,28.92,6.562,0.373,0,27.09,18.04,22.93,18.45,339.9,32.92,1.484,6.8
"2021-10-02",NA,0,0,NA,0,0,0,0,0,0,0,0,0,100,69.46,1046,139.1,39.85,6.651,0.318,51.05,26.33,18.51,21.6,18.45,28.08,72.93,1.021,7.475
"2021-10-03",NA,0,0,NA,0,0,0,0,0,0,0,0,0,100,94.6,604,84.8,32.68,4.914,0.292,11.18,19.02,15.2,17.47,15.58,183,41.52,1.288,5.375
"2021-10-04",NA,0,0,NA,0,0,0,0,0,0,0,0,0,98.6,55.73,987,163.4,42.48,9.03,0.599,0,22.59,14.66,19.01,15.15,141.9,52.58,1.051,4.925
"2021-10-05",NA,0,0,NA,0,0,0,0,0,0,0,0,0,94.7,65.93,1390,194.4,60.27,10.28,0.677,0,24.21,16.83,21.44,17.17,54.13,46.04,1.332,5.975
"2021-10-06",NA,0,0,NA,0,0,0,0,0,0,0,0,0,100,86,1157,148.9,50.77,8.52,0.52,5.334,22.85,18.79,20.57,18.63,95.8,25.57,0.679,4.925
"2021-10-07",NA,0,0,NA,0,0,0,0,0,0,0,0,0,96.6,67.87,1021,149.8,40.25,7.619,0.483,0,24.12,18.88,21.14,19.15,41.62,26.12,1.488,5.525
"2021-10-08",NA,0,0,NA,0,0,0,0,0,0,0,0,0,91.9,61.17,1323,277,56.43,13.16,0.775,0,27.07,19.91,22.75,19.65,22.68,35.55,2.357,8.15
"2021-10-09",NA,0,0,NA,0,0,0,0,0,0,0,0,0,94,44.45,983,374.2,47.33,17.59,1.182,0,32.06,19.48,24.8,18.86,33.65,74.59,2.298,7.625
"2021-10-10",NA,0,0,NA,0,0,0,0,0,0,0,0,0,97.7,61.75,1470,264.5,66.56,13.43,0.796,1.27,24.43,15.5,19.66,15.64,166.6,41.62,1.756,6.725
"2021-10-11",NA,0,0,NA,0,0,0,0,0,0,0,0,0,89.7,43.02,1402,375.8,59.26,17.59,1.118,0,23.82,13.63,19.34,13.6,67.1,78.14,1.203,6.275
"2021-10-12",NA,0,0,NA,0,0,0,0,0,0,0,0,0,98.5,41.21,1150,374.6,50.67,16.85,1.159,0,28.9,11.59,20.98,12.24,5.868,29.28,1.671,6.725
"2021-10-13",NA,0,0,NA,0,0,0,0,0,0,0,0,0,100,23,1037,399.5,48.34,18.08,1.223,0,35.21,16.36,24.38,15.01,6.976,30.5,1.617,6.425
"2021-10-14",NA,0,0,NA,0,0,0,0,0,0,0,0,0,99.8,20.11,1002,373.8,42.68,15.18,1.03,0,38.63,17.72,26.24,17.51,13.17,50.08,1.97,6.275
"2021-10-15",NA,0,0,NA,0,0,0,0,0,0,0,0,0,98.1,57.13,963,362,42.48,15.22,1.027,0,27.96,18.45,24.11,18.48,73.19,74.9,1.688,6.2
"2021-10-16",NA,0,0,NA,0,0,0,0,0,0,0,0,0,100,40.37,1064,333.3,41.26,14.13,0.904,0,34.58,20.2,25.43,20.54,107.4,91.9,2.215,7.175
"2021-10-17",NA,0,0,NA,0,0,0,0,0,0,0,0,0,99.8,79.53,174.3,40.59,10.22,2.542,0.165,5.588,21.44,16.1,18.38,16.43,154,35.89,1.124,4.625
"2021-10-18",NA,0,0,NA,0,0,0,0,0,0,0,0,0,100,67.44,1437,231.4,67.16,12.12,0.689,9.4,20.87,13.25,16.96,13.7,169.6,38.52,1.202,6.2
"2021-10-19",NA,0,0,NA,0,0,0,0,0,0,0,0,0,96.5,49.17,1571,307.8,68.78,14.74,0.987,0,23.2,11.61,17.57,12.51,147.1,46.17,0.827,5.15
"2021-10-20",NA,0,0,NA,0,0,0,0,0,0,0,0,0,97.4,46.73,1510,348.6,63.51,16.38,1.14,0,24.2,11.07,19.18,12.22,28.65,51.67,1.246,6.65
"2021-10-21",NA,0,0,NA,0,0,0,0,0,0,0,0,0,99.3,48.78,1020,387.9,49.66,18.32,1.263,0,27.72,12.07,22.04,13.34,16.15,29.03,2.017,7.625
"2021-10-22",NA,0,0,NA,0,0,0,0,0,0,0,0,0,92.7,50.81,1312,358.1,55.02,16.39,1.048,0,29.84,19.84,24.49,19.8,12.81,29.53,2.925,7.55
"2021-10-23",NA,0,0,NA,0,0,0,0,0,0,0,0,0,96.3,43.2,1027,390.3,49.76,18.43,1.27,0,32.64,19.48,25.97,19.13,17.35,49.12,2.247,7.475
"2021-10-24",NA,0,0,NA,0,0,0,0,0,0,0,0,0,81.8,58.08,935,187.4,44.3,10.17,0.685,0,23.75,19.11,21.98,19.36,149.4,39.37,2.778,9.65
"2021-10-25",NA,0,0,NA,0,0,0,0,0,0,0,0,0,100,70.6,215.6,45.41,13.56,2.944,0.173,27.94,19.66,16.34,18.15,16.78,192.1,39.05,0.959,4.7
"2021-10-26",NA,0,0,NA,0,0,0,0,0,0,0,0,0,100,71.13,1156,214.4,54,12,0.715,20.57,25.76,16.14,21.01,16.59,178.4,34.66,0.58,4.1
"2021-10-27",NA,0,0,NA,0,0,0,0,0,0,0,0,0,97.1,70.15,1037,171.3,41.67,9.65,0.639,0.508,24.39,18.97,21.81,18.93,120.6,31.44,0.724,5.075
"2021-10-28",NA,0,0,NA,0,0,0,0,0,0,0,0,0,96.2,56.49,1498,363.5,66.54,17.25,1.132,0.508,26.14,18.07,22.46,18.22,58.99,25.14,1.364,6.35
"2021-10-29",NA,0,0,NA,0,0,0,0,0,0,0,0,0,97.8,51.49,1305,325.9,57.14,15.9,1.118,1.778,26.52,17.77,23.01,18.26,15.22,29.58,2.242,8
"2021-10-30",NA,0,0,NA,0,0,0,0,0,0,0,0,0,98.5,58.94,1405,222,62.3,11.11,0.7,1.524,26.81,16.04,20.99,16.42,79.91,92.2,1.254,6.5
"2021-10-31",NA,0,0,NA,0,0,0,0,0,0,0,0,0,98.9,50.74,1305,401.3,62.7,19.88,1.395,0,27.43,14.19,21.95,14.8,128.1,45.71,0.818,4.925
"2021-11-01",NA,0,0,NA,0,0,0,0,0,0,0,0,0,100,55.16,1164,403.8,55.82,19.88,1.404,0,29.21,15.12,24.11,16.11,23.78,24.5,1.599,6.8
"2021-11-02",NA,0,0,NA,0,0,0,0,0,0,0,0,0,99.9,58.84,1287,354.6,57.04,17.04,1.075,0,27.88,18.7,23.36,18.95,163.1,56.23,1.712,7.7
"2021-11-03",NA,0,0,NA,0,0,0,0,0,0,0,0,0,97,53.79,1324,325.3,57.04,15.76,1.062,0,27.26,16.5,22.51,17.39,154,48.93,0.973,4.4
"2021-11-04",NA,0,0,NA,0,0,0,0,0,0,0,0,0,98.7,48.89,1159,397.9,53.8,19.06,1.311,0,27.9,16.18,24.1,16.56,42.49,33.94,1.448,7.175
"2021-11-05",NA,0,0,NA,0,0,0,0,0,0,0,0,0,98.4,70.48,1396,203.7,61.89,10.72,0.597,2.54,28.46,19.28,24.07,19.48,13.84,33.75,1.634,7.625
"2021-11-06",NA,0,0,NA,0,0,0,0,0,0,0,0,0,99.2,67.6,1375,358.3,59.87,16.75,1.122,5.08,28.96,20.38,25.51,19.92,111.8,76.61,1.117,8.53
"2021-11-07",NA,0,0,NA,0,0,0,0,0,0,0,0,0,100,68.57,1337,370.8,60.68,18.03,1.117,0.254,30.26,20.04,25.85,20.82,98.6,48.55,0.938,5.975
"2021-11-08",NA,0,0,NA,0,0,0,0,0,0,0,0,0,100,76.45,1211,195.2,50.97,9.58,0.53,7.874,27.96,21.51,24.84,22.07,2.12,37.54,0.879,5
"2021-11-09",NA,0,0,NA,0,0,0,0,0,0,0,0,0,99.2,65.48,1271,262.7,56.84,13.12,0.862,0,25.8,17.62,22.93,18.27,168.9,44.17,1.912,7.1
"2021-11-10",NA,0,0,NA,0,0,0,0,0,0,0,0,0,98.1,45.94,1344,406,62.7,19.14,1.347,0,27.49,15.66,22.94,16.19,110.1,69.62,1.083,5
"2021-11-11",NA,0,0,NA,0,0,0,0,0,0,0,0,0,100,62.3,1345,263.5,55.22,12.56,0.808,0,28.33,16.67,23.76,17.66,60.8,25.13,0.934,4.7
"2021-11-12",NA,0,0,NA,0,0,0,0,0,0,0,0,0,97.7,55.86,1360,377.5,57.04,17.93,1.173,0,31.59,20.4,26.19,20.91,14.76,61.33,1.948,6.95
"2021-11-13",NA,0,0,NA,0,0,0,0,0,0,0,0,0,99.4,60.63,1454,317.6,63.81,15.88,0.995,1.778,29.16,19.21,24.77,20.33,80.6,51.43,0.87,5.075
"2021-11-14",NA,0,0,NA,0,0,0,0,0,0,0,0,0,100,69.89,1334,247.7,55.02,11.78,0.715,0,27.25,21.77,24.33,21.79,156.2,33.27,1.035,5.525
"2021-11-15",NA,0,0,NA,0,0,0,0,0,0,0,0,0,98.3,66.8,1459,267.9,54.41,12.53,0.831,0,29.2,20.32,25.39,20.87,22.75,42.89,1.342,5.75
"2021-11-16",NA,0,0,NA,0,0,0,0,0,0,0,0,0,100,41.48,1036,382.6,43.49,16.1,1.046,0,38.05,21.7,27.31,22.08,75.2,86.1,1.701,6.725
"2021-11-17",NA,0,0,NA,0,0,0,0,0,0,0,0,0,96.8,58.34,1397,325.2,54.81,14.67,0.966,0,30.82,21.45,26.72,21.84,21.96,83.5,1.249,4.7
"2021-11-18",NA,0,0,NA,0,0,0,0,0,0,0,0,0,98,54.08,1354,377.8,56.23,16.93,1.039,0,30.19,19.24,25.71,19.63,142.3,85.8,2.179,8.97
"2021-11-19",NA,0,0,NA,0,0,0,0,0,0,0,0,0,93.1,43.74,1428,391.9,60.68,17.93,1.167,0,27.71,17.45,23.37,17.86,161.7,46.11,1.143,5.525
"2021-11-20",NA,0,0,NA,0,0,0,0,0,0,0,0,0,97.7,58.54,715.2,139.5,37.93,7.959,0.497,0.762,24.74,18.07,21.42,18.69,156.8,48.33,0.607,3.5
"2021-11-21",NA,0,0,NA,0,0,0,0,0,0,0,0,0,91.7,62.42,716.6,137.8,39.95,8.1,0.533,0,25.98,19.45,22.78,19.35,29.57,30.28,0.86,4.925
"2021-11-22",NA,0,0,NA,0,0,0,0,0,0,0,0,0,99.4,76.61,1632,214.6,73.23,11.68,0.676,8.38,27.1,20.27,23.03,20.75,7.897,27.86,1.286,5.45
"2021-11-23",NA,0,0,NA,0,0,0,0,0,0,0,0,0,100,63.24,1548,318.2,71.4,16.26,0.931,8.89,28.72,19.25,23.37,19.31,175.3,53.06,1.116,5.9
"2021-11-24",NA,0,0,NA,0,0,0,0,0,0,0,0,0,94.5,37.84,1700,396.6,74.13,19.26,1.339,0,27.64,18.34,23,18.18,170.9,45.95,1.653,5.6
"2021-11-25",NA,0,0,NA,0,0,0,0,0,0,0,0,0,98.9,53.55,1479,300.1,68.16,15.65,0.977,2.794,27.28,17.26,22.12,17.66,165.2,48.87,1.101,5.3
"2021-11-26",NA,0,0,NA,0,0,0,0,0,0,0,0,0,98.9,61.54,593.3,134.8,29.94,8,0.528,0.254,23.3,17.48,20.75,18.3,133.7,35.04,0.478,4.175
"2021-11-27",NA,0,0,NA,0,0,0,0,0,0,0,0,0,89.3,54.35,1200,221.4,61.69,12.07,0.853,0,25.04,17.25,21.82,17.43,38.29,25.17,0.917,5.225
"2021-11-28",NA,0,0,NA,0,0,0,0,0,0,0,0,0,94,55.37,1282,323.9,60.48,16.38,1.09,0,28.01,18.25,23.83,18.7,359.3,37.02,2.318,7.475
"2021-11-29",NA,0,0,NA,0,0,0,0,0,0,0,0,0,96.9,50,1102,409.6,53.9,19.97,1.287,0,31.48,20.45,26.14,20.09,28.51,35.94,1.429,6.125
"2021-11-30",NA,0,0,NA,0,0,0,0,0,0,0,0,0,97.1,63.68,1513,369.6,66.14,17.97,1.211,0,30.94,21.76,27.03,22.27,26.11,26.46,1.62,6.65
"2021-12-01",NA,0,0,NA,0,0,0,0,0,0,0,0,0,99,64.49,1375,340.4,61.69,16.57,1.185,0,29.85,21.14,26.99,21.44,76.2,64.98,1.229,4.85
"2021-12-02",NA,0,0,NA,0,0,0,0,0,0,0,0,0,98.2,43.58,1110,407.5,54.61,19.77,1.433,0,34.47,22.61,28.51,22.74,16.59,28.45,2.395,6.275
"2021-12-03",NA,0,0,NA,0,0,0,0,0,0,0,0,0,99.8,74,1335,182.6,61.09,9.56,0.678,0,28.64,21.37,25.37,22.55,150.3,29.64,0.803,5.45
"2021-12-04",NA,0,0,NA,0,0,0,0,0,0,0,0,0,100,67.81,1329,338.8,58.45,16.36,1.099,0,30.04,20.57,27.12,21.32,62.41,48.15,1.301,5.9
"2021-12-05",NA,0,0,NA,0,0,0,0,0,0,0,0,0,100,71.99,1566,232.9,68.97,12.61,0.687,28.45,29.72,21.47,25.64,22.42,20.84,21.79,1.043,4.625
"2021-12-06",NA,0,0,NA,0,0,0,0,0,0,0,0,0,100,49.81,1567,338,66.54,16.46,1.088,0.254,34.47,23.38,27.92,23.88,5.293,49.2,1.211,5.975
"2021-12-07",NA,0,0,NA,0,0,0,0,0,0,0,0,0,99.1,55.98,1418,336.7,61.89,16.45,1.085,0.254,30.02,22.17,26.18,22.77,158.4,33.41,1.166,5.525
"2021-12-08",NA,0,0,NA,0,0,0,0,0,0,0,0,0,100,60.92,1457,356.9,64.52,17.95,1.158,0.762,30.08,21.89,27.01,22.77,158.1,8.84,0.702,4.475
"2021-12-09",NA,0,0,NA,0,0,0,0,0,0,0,0,0,99.8,44.83,1255,409.3,57.44,19.88,1.347,0,34.77,22.63,28.65,23.54,33.59,47.1,1.579,6.2
"2021-12-10",NA,0,0,NA,0,0,0,0,0,0,0,0,0,99.6,70.89,1309,359.2,59.87,17.63,1.064,1.524,31.9,22.68,28,23.22,20.57,32.59,1.495,7.1
"2021-12-11",NA,0,0,NA,0,0,0,0,0,0,0,0,0,100,63.79,1113,403.7,53.2,19.61,1.338,0,32.87,23.4,29.16,24.02,20.74,23.55,1.683,5.9
"2021-12-12",NA,0,0,NA,0,0,0,0,0,0,0,0,0,100,41.26,1531,314.5,67.96,15.77,1.107,0,37.05,23.48,30.29,24.61,19.76,27.07,1.124,4.55
"2021-12-13",NA,0,0,NA,0,0,0,0,0,0,0,0,0,99.5,70.79,1727,208.7,74.84,11.53,0.642,3.556,31.15,22.76,26.84,23.15,4.854,16.79,0.336,3.35
"2021-12-14",NA,0,0,NA,0,0,0,0,0,0,0,0,0,98.5,48.35,1321,364.9,64.42,18.31,1.254,0.508,34.35,22.21,27.09,22.41,79.84,81.8,1.05,5.75
"2021-12-15",NA,0,0,NA,0,0,0,0,0,0,0,0,0,97.7,61.17,1380,385.3,59.67,18.65,1.293,0,33.01,21.16,28.39,21.87,23.42,44.81,1.282,6.05
"2021-12-16",NA,0,0,NA,0,0,0,0,0,0,0,0,0,100,60.71,1383,295.3,60.88,14.48,0.844,3.81,32.48,18.65,25.83,19.47,152.2,48.61,1.346,6.275
"2021-12-17",NA,0,0,NA,0,0,0,0,0,0,0,0,0,100,70.72,1218,210.4,61.3,12,0.723,21.08,24.02,16.24,19.68,17.22,176,30.2,1.633,7.925
"2021-12-18",NA,0,0,NA,0,0,0,0,0,0,0,0,0,99.6,55.11,1654,270.7,75.05,14.14,1,0,24.95,14.68,20.59,15.22,165.7,37.79,0.84,5
"2021-12-19",NA,0,0,NA,0,0,0,0,0,0,0,0,0,96,51.27,1539,357,69.88,17.99,1.192,0.254,27.02,16.78,23.89,16.98,90.7,34.24,0.737,4.85
"2021-12-20",NA,0,0,NA,0,0,0,0,0,0,0,0,0,98.7,58.55,1479,319.2,65.53,15.84,1.105,0,28.27,18.13,25.2,19.84,48.4,19.29,0.913,6.725
"2021-12-21",NA,0,0,NA,0,0,0,0,0,0,0,0,0,97.2,65.46,1254,249.4,57.85,12.74,0.771,0,28.51,20.52,25.15,21.47,28.27,19.93,1.248,5.975
"2021-12-22",NA,0,0,NA,0,0,0,0,0,0,0,0,0,98.3,56.37,1274,408.9,61.08,20.14,1.333,10.41,32.7,21.75,27.32,22.42,12.49,26.96,1.944,7.1
"2021-12-23",NA,0,0,NA,0,0,0,0,0,0,0,0,0,100,58.4,1464,308.7,61.89,14.96,0.956,0,30.79,20.7,25.88,21.63,158.5,29.64,0.721,4.4
"2021-12-24",NA,0,0,NA,0,0,0,0,0,0,0,0,0,100,70.5,1554,303.8,71.7,15.89,0.931,10.16,27.7,20.55,24.1,21.33,139.1,37.5,0.894,5.6
"2021-12-25",NA,0,0,NA,0,0,0,0,0,0,0,0,0,98.2,61.98,1534,300.2,67.56,14.98,1.114,0,27.89,19.81,25.7,20.33,72.62,34.8,1.077,5.525
"2021-12-26",NA,0,0,NA,0,0,0,0,0,0,0,0,0,99.4,72.31,992,173.8,53,9.75,0.684,0.254,27.65,22.02,25.1,22.7,27.19,14.66,1.275,6.05
"2021-12-27",NA,0,0,NA,0,0,0,0,0,0,0,0,0,100,71.04,1157,190.2,58.86,10.85,0.608,37.85,30.52,19.7,25.09,20.78,10.98,29.34,1.471,9.2
"2021-12-28",NA,0,0,NA,0,0,0,0,0,0,0,0,0,100,63.57,1305,396.1,62.6,19.63,1.446,0,30.26,21.61,26.59,21.66,129.6,77.96,1.242,5.6
"2021-12-29",NA,0,0,NA,0,0,0,0,0,0,0,0,0,97.7,58.71,1324,416.1,62.3,20.16,1.408,0,29.04,19.98,27.59,20.64,72.87,51.96,1.022,5.525
"2021-12-30",NA,0,0,NA,0,0,0,0,0,0,0,0,0,100,77.24,1431,246.6,63.12,12.9,0.699,35.05,30.33,20.9,25.85,21.51,36.78,37.97,1.172,7.775
"2021-12-31",NA,0,0,NA,0,0,0,0,0,0,0,0,0,100,73.58,488.8,134.2,28.73,7.896,0.555,0.508,26.05,20.83,23.81,21.27,182.1,18.41,0.658,4.7
"2022-01-01",NA,0,0,NA,0,0,0,0,0,0,0,0,0,100,65.71,1534,380,67.56,18.17,1.272,1.524,29.86,19.41,26.84,20.46,18.23,37.76,1.133,5.975
"2022-01-02",NA,0,0,NA,0,0,0,0,0,0,0,0,0,100,82.4,1373,189.3,60.78,10.36,0.561,21.59,26.82,22.03,25.09,22.6,155.4,26.24,0.327,4.175
"2022-01-03",NA,0,0,NA,0,0,0,0,0,0,0,0,0,100,68.7,1550,361,68.57,18.03,1.27,0,29.93,21.23,27.43,21.68,114.4,49.62,0.814,4.1
"2022-01-04",NA,0,0,NA,0,0,0,0,0,0,0,0,0,100,71.53,1280,205,57.04,10.58,0.624,0,31.69,21.33,26.34,22.77,23.67,30.48,1.277,6.275
"2022-01-05",NA,0,0,NA,0,0,0,0,0,0,0,0,0,100,52.42,1221,403.4,59.16,19.73,1.431,7.874,34.74,21.36,28.27,22.21,12.96,44.62,1.301,6.425
"2022-01-06",NA,0,0,NA,0,0,0,0,0,0,0,0,0,100,76.35,1454,309.1,66.34,15.48,0.979,45.47,30.12,22.33,27.13,23.4,116.5,52.73,0.622,4.25
"2022-01-07",NA,0,0,NA,0,0,0,0,0,0,0,0,0,100,55.68,1612,384.8,72.41,18.58,1.205,0,31.39,21.45,27.88,22.75,71.92,12.36,0.827,5.3
"2022-01-08",NA,0,0,NA,0,0,0,0,0,0,0,0,0,99,64.1,1221,265.7,53.8,13.7,1.033,0,29.53,21.62,27.15,22.48,75.71,12.59,0.859,5.75
"2022-01-09",NA,0,0,NA,0,0,0,0,0,0,0,0,0,98.5,51.94,1254,410.8,62.09,19.98,1.364,0,30.09,19.72,27.52,21.66,81.9,18.4,0.966,4.625
"2022-01-10",NA,0,0,NA,0,0,0,0,0,0,0,0,0,98.8,55.82,1397,429.5,66.24,20.56,1.486,0,31.77,18.56,28.49,20.12,56.93,17.8,0.898,5.45
"2022-01-11",NA,0,0,NA,0,0,0,0,0,0,0,0,0,99.2,58.15,1465,345.6,64.32,16.85,1.175,0,32.39,23.13,29.37,24.51,15.57,27.87,0.865,4.925
"2022-01-12",NA,0,0,NA,0,0,0,0,0,0,0,0,0,100,71.52,1543,322.5,69.98,16.32,1.081,6.858,31.24,22.98,26.95,23.55,165.9,24.92,0.795,4.25
"2022-01-13",NA,0,0,NA,0,0,0,0,0,0,0,0,0,99.9,64.05,1461,384,66.54,19.06,1.306,0,32.26,22.03,28.85,22.58,106.3,43.25,0.835,5
"2022-01-14",NA,0,0,NA,0,0,0,0,0,0,0,0,0,100,66.6,1507,274.3,70.39,14.73,0.94,1.524,30.92,22.41,27.39,23.67,77.58,10.85,0.584,4.475
"2022-01-15",NA,0,0,NA,0,0,0,0,0,0,0,0,0,99.9,55.33,1287,428.7,63.51,21.33,1.492,0,30.44,19.54,28.01,21.74,76.41,13.04,0.854,5.45
"2022-01-16",NA,0,0,NA,0,0,0,0,0,0,0,0,0,100,62.48,1634,306.8,71.6,16.11,1.031,0,30.95,18.3,26.98,19.8,55.6,17.61,0.794,5.675
"2022-01-17",NA,0,0,NA,0,0,0,0,0,0,0,0,0,99.8,50.56,1657,426.7,77.47,21.06,1.317,0.254,31.7,22.23,28.81,22.47,81.2,19.9,0.766,4.925
"2022-01-18",NA,0,0,NA,0,0,0,0,0,0,0,0,0,99.5,54.32,1560,317.7,70.99,16.12,1.13,0,30.62,20.4,27.37,21.44,78.84,28.56,0.821,5.3
"2022-01-19",NA,0,0,NA,0,0,0,0,0,0,0,0,0,100,57.52,1553,280,70.4,14.06,0.978,3.556,31.58,19.26,26.73,20.27,68.79,50.92,0.374,3.65
"2022-01-20",NA,0,0,NA,0,0,0,0,0,0,0,0,0,98.6,54.48,1529,401.2,69.28,19.57,1.271,1.016,30.05,20.66,26.62,21.16,110.7,34.76,0.616,5.45
"2022-01-21",NA,0,0,NA,0,0,0,0,0,0,0,0,0,99.9,49.57,1386,428.2,64.93,20.48,1.408,0.254,30.64,18.7,27.07,20.17,121.5,27.57,0.749,5.15
"2022-01-22",NA,0,0,NA,0,0,0,0,0,0,0,0,0,99.8,53.86,1448,394.9,67.56,18.99,1.244,6.096,30.06,20.45,25.56,21.25,144.9,30.82,0.918,7.1
"2022-01-23",NA,0,0,NA,0,0,0,0,0,0,0,0,0,96.3,54.1,1613,381.9,73.02,18.76,1.242,3.048,29.8,20.82,25.94,20.79,134.4,27.23,0.87,6.2
"2022-01-24",NA,0,0,NA,0,0,0,0,0,0,0,0,0,97.2,57.41,1531,307.5,72.41,15.71,1.079,1.524,30.32,20.26,25.89,20.66,66.97,39.85,0.732,4.925
"2022-01-25",NA,0,0,NA,0,0,0,0,0,0,0,0,0,100,63.05,1215,276.2,59.87,14.43,1.048,0,31.22,19.52,27.09,20.43,75.02,21.85,0.705,5.525
"2022-01-26",NA,0,0,NA,0,0,0,0,0,0,0,0,0,99.7,58.15,1435,366,66.75,18.4,1.258,0,32.17,22.21,28.62,22.65,90.9,20.44,0.746,4.625
"2022-01-27",NA,0,0,NA,0,0,0,0,0,0,0,0,0,100,69.74,1511,310,74.04,16.09,1.085,2.794,31.47,24.23,28.16,24.8,18.83,18.83,0.874,4.775
"2022-01-28",NA,0,0,NA,0,0,0,0,0,0,0,0,0,100,50.54,1297,392.6,61.59,19.28,1.261,98.6,36.08,21.51,28.83,21.57,21.91,51.42,1.408,6.35
"2022-01-29",NA,0,0,NA,0,0,0,0,0,0,0,0,0,100,65.07,1578,235.4,73.03,13.24,0.802,2.794,29.44,21.93,24.58,21.97,164.9,21.9,0.669,5.675
"2022-01-30",NA,0,0,NA,0,0,0,0,0,0,0,0,0,100,62.36,1531,387.5,72.01,19.71,1.307,13.46,30.34,21.95,26.99,22.41,142,27.44,0.386,4.1
"2022-01-31",NA,0,0,NA,0,0,0,0,0,0,0,0,0,100,65.94,1075,218.4,47.53,11.18,0.833,12.45,30.2,22.78,26.1,22.71,22.47,21.01,0.42,4.025
"2022-02-01",NA,0,0,NA,0,0,0,0,0,0,0,0,0,100,57.71,1379,353.7,64.32,17.58,1.214,0,31.6,21.51,27.68,22.31,39.03,19.09,0.827,6.2
"2022-02-02",NA,0,0,NA,0,0,0,0,0,0,0,0,0,99.6,61.96,1375,379,63.71,18.69,1.283,0,32.27,23.3,28.44,24.04,18.31,23.12,1.197,6.875
"2022-02-03",NA,0,0,NA,0,0,0,0,0,0,0,0,0,100,58.04,1228,406.9,58.25,19.54,1.385,0,34.5,23.09,29.42,24.03,20.18,21.47,1.442,6.275
"2022-02-04",NA,0,0,NA,0,0,0,0,0,0,0,0,0,100,87.6,1102,149.1,47.33,8.65,0.521,13.21,27.95,22.39,25.68,22.91,189.3,19.79,0.558,4.25
"2022-02-05",NA,0,0,NA,0,0,0,0,0,0,0,0,0,100,71.83,1493,363.4,71.61,17.98,1.111,11.18,29.28,21.22,24.89,21.73,175.6,30.02,0.892,5.525
"2022-02-06",NA,0,0,NA,0,0,0,0,0,0,0,0,0,100,78.28,1485,318,72.82,16.48,0.99,46.23,28.74,21.59,24.53,21.97,166.4,24.57,0.735,5.3
"2022-02-07",NA,0,0,NA,0,0,0,0,0,0,0,0,0,100,65.43,1485,377.8,69.78,18.71,1.217,2.54,30.1,21.5,25.58,21.85,166.8,26.68,0.765,5.225
"2022-02-08",NA,0,0,NA,0,0,0,0,0,0,0,0,0,100,59.02,1342,385.6,60.88,18.92,1.32,0,31.24,20.06,25.9,20.54,165,27.21,0.873,4.25
"2022-02-09",NA,0,0,NA,0,0,0,0,0,0,0,0,0,100,50.33,1138,414.6,54.41,20.14,1.437,0,34.16,18.83,27.74,20.36,57.02,40.22,0.874,5.525
"2022-02-10",NA,0,0,NA,0,0,0,0,0,0,0,0,0,100,62.47,1335,415.1,60.48,19.82,1.388,0,31.66,19.91,27.85,21.05,45.22,17.92,1.01,6.425
"2022-02-11",NA,0,0,NA,0,0,0,0,0,0,0,0,0,100,48.53,1075,412,53,19.8,1.394,0,32.11,19.3,28.07,20.57,34.55,23.27,0.964,5.675
"2022-02-12",NA,0,0,NA,0,0,0,0,0,0,0,0,0,100,59.29,1419,424,62.9,19.97,1.375,0,32.01,20.46,28.15,21.51,60.14,19.6,0.845,4.475
"2022-02-13",NA,0,0,NA,0,0,0,0,0,0,0,0,0,100,54.47,1228,411.2,57.65,19.95,1.403,0,32.77,20.76,28.36,21.54,21.77,21.3,1.166,5.825
"2022-02-14",NA,0,0,NA,0,0,0,0,0,0,0,0,0,98.9,67.58,1379,355.6,63.92,17.8,1.094,4.572,31.57,21.93,26.62,22.6,164.3,35.11,1.042,6.05
"2022-02-15",NA,0,0,NA,0,0,0,0,0,0,0,0,0,100,73.99,1025,166.3,53.3,9.53,0.641,5.588,28.08,21.61,25.08,21.98,159.9,29.31,0.662,5.525
"2022-02-16",NA,0,0,NA,0,0,0,0,0,0,0,0,0,100,64.79,1443,406.5,64.42,19.71,1.324,7.366,30.66,21.31,27.35,22.84,39.11,33.55,0.929,6.275
"2022-02-17",NA,0,0,NA,0,0,0,0,0,0,0,0,0,100,75.84,1460,206.3,71.21,11.6,0.656,4.064,28.43,21.29,24.52,22.52,167.2,43.57,0.863,5.45
"2022-02-18",NA,0,0,NA,0,0,0,0,0,0,0,0,0,100,68.37,1320,228.7,62,12.48,0.769,3.556,28.39,21.51,24.9,22.18,160.3,33.15,0.46,4.1
"2022-02-19",NA,0,0,NA,0,0,0,0,0,0,0,0,0,98.5,57.95,1339,378.9,60.88,18.59,1.199,0,31.19,22.11,27.21,22.97,53.51,24.61,0.788,6.05
"2022-02-20",NA,0,0,NA,0,0,0,0,0,0,0,0,0,100,59.18,1358,385.8,63.11,18.96,1.302,0,31.83,22.42,28.2,23.47,23.57,26.26,1.323,5.9
"2022-02-21",NA,0,0,NA,0,0,0,0,0,0,0,0,0,99.7,63.36,1376,357.4,62.1,17.81,1.116,0,32.38,22.83,28.64,24.45,80.4,22.52,0.706,5.225
"2022-02-22",NA,0,0,NA,0,0,0,0,0,0,0,0,0,100,60.02,1156,366,56.43,18.52,1.198,0,32.09,21.77,27.98,23.14,95.2,26.61,0.609,4.7
"2022-02-23",NA,0,0,NA,0,0,0,0,0,0,0,0,0,99.6,59.1,1305,397.7,63.92,19.13,1.297,0,31.66,21.31,27.29,22.02,106,32.8,0.667,5
"2022-02-24",NA,0,0,NA,0,0,0,0,0,0,0,0,0,100,59.69,1277,403.7,61.69,19.76,1.354,0,31.66,20.9,26.97,21.97,129.7,34.58,0.718,4.7
"2022-02-25",NA,0,0,NA,0,0,0,0,0,0,0,0,0,99.8,52.72,1265,391.6,58.35,19.23,1.317,0,31.94,19.25,26.45,20.36,159.4,34.01,0.865,5
"2022-02-26",NA,0,0,NA,0,0,0,0,0,0,0,0,0,99.9,58,1376,225.5,61.49,11.62,0.703,0,30.62,20.67,25.15,21.16,148.2,21.33,0.466,3.725
"2022-02-27",NA,0,0,NA,0,0,0,0,0,0,0,0,0,99.9,58.82,1119,272,48.04,14.35,1.03,0,30.08,20.51,26.24,21.23,116.7,32.84,0.632,4.4
"2022-02-28",NA,0,0,NA,0,0,0,0,0,0,0,0,0,100,54.44,1240,327.1,57.24,16.15,1.021,0,32.52,19,27.3,20.54,30.42,29.02,0.919,5.45
"2022-03-01",NA,1,0,NA,0,1,0,0,0,0,0,0,0,100,91.7,381.3,76.87,24.38,5.026,0.32,15.49,24.22,22.03,24.56,22.95,30.1,18.34,0.429,3.425
"2022-03-02",NA,0,0,NA,0,0,0,0,0,0,0,0,0,100,60.76,1363,286.2,63.72,14.76,0.922,0,29.97,20.69,25.88,21.42,30.3,15.18,0.859,4.925
"2022-03-03",NA,0,0,NA,0,0,0,0,0,0,0,0,0,99.3,58.17,1417,336.1,60.68,16.65,1.106,0,31.5,19.74,26.77,21.01,24.86,22.61,0.853,5.975
"2022-03-04",NA,0,0,NA,0,0,0,0,0,0,0,0,0,100,54.84,1305,364,61.9,17.93,1.198,0,31.61,18.77,27.15,20.26,40.29,27.07,0.863,5.9
"2022-03-05",NA,0,0,NA,0,0,0,0,0,0,0,0,0,100,59.4,1199,387.8,58.86,19.12,1.286,4.064,31.43,20.01,26.67,21.13,156.6,27.35,0.956,5.525
"2022-03-06",NA,0,0,NA,0,0,0,0,0,0,0,0,0,100,68.52,1346,331.3,60.89,16.82,1.079,6.858,30.01,21.32,26.55,22.12,137.4,46.13,0.865,5
"2022-03-07",NA,0,0,NA,0,0,0,0,0,0,0,0,0,100,57.97,1256,350.7,60.07,17.5,1.12,0,30.87,21.08,27.9,22.63,46.89,18.93,0.735,5.75
"2022-03-08",NA,0,0,NA,0,0,0,0,0,0,0,0,0,99.9,57.21,1399,297.4,58.05,14.46,0.929,0,31.14,21,26.95,22.42,61.28,20.93,0.442,4.7
"2022-03-09",NA,0,0,NA,0,0,0,0,0,0,0,0,0,100,58.43,1329,327.3,54.92,15.95,1.066,1.016,31.4,21.1,26.72,22.31,119.1,34.19,0.481,3.5
"2022-03-10",NA,0,0,NA,0,0,0,0,0,0,0,0,0,99.9,58.6,1238,350.7,53,16.89,1.125,2.286,32.27,21.9,28.21,23.41,56.09,27.35,0.777,5.525
"2022-03-11",NA,0,0,NA,0,0,0,0,0,0,0,0,0,100,60.16,1157,364,53.3,17.97,1.176,7.874,30.82,21.76,27.31,22.51,140.4,26.23,0.5,3.8
"2022-03-12",NA,0,0,NA,0,0,0,0,0,0,0,0,0,100,54.73,1221,370.5,56.24,18.04,1.176,0,30.82,21.4,27.89,22.56,82.6,31.05,0.736,4.7
"2022-03-13",NA,0,0,NA,0,0,0,0,0,0,0,0,0,100,60.18,1411,312.2,62.91,15.81,1.018,0.254,31.46,21.34,27.31,22.73,24.43,21.28,0.828,5.225
"2022-03-14",NA,0,0,NA,0,0,0,0,0,0,0,0,0,100,73.98,827,157.7,35.8,7.775,0.46,0,30.9,21.54,25.57,21.8,158.2,41.99,0.668,4.925
"2022-03-15",NA,0,0,NA,0,0,0,0,0,0,0,0,0,100,91.7,324.9,64.56,21.04,4.419,0.264,32.26,21.66,18.79,20.23,19.43,185.9,22.75,1.422,5.9
"2022-03-16",NA,0,0,NA,0,0,0,0,0,0,0,0,0,100,61.42,1389,318.1,63.72,15.86,1.042,0,29.07,18.43,23.47,18.85,169,30.08,0.842,4.925
"2022-03-17",NA,0,0,NA,0,0,0,0,0,0,0,0,0,100,64.71,1151,243.2,55.12,12.86,0.835,8.38,28.31,19.08,23.03,19.55,171.8,15.32,0.484,3.725
"2022-03-18",NA,0,0,NA,0,0,0,0,0,0,0,0,0,99.1,48.47,1070,380.3,51.18,18.3,1.22,0,29.43,17.68,24.13,18.49,141.7,33.9,0.587,4.1
"2022-03-19",NA,0,0,NA,0,0,0,0,0,0,0,0,0,96.3,46.81,1282,358.4,57.45,17.23,1.143,0,29.06,18.43,24.48,18.98,102,26.46,0.733,4.925
"2022-03-20",NA,0,0,NA,0,0,0,0,0,0,0,0,0,96.8,48.62,1067,368.7,50.77,17.71,1.126,0,29.29,18.83,24.61,19.59,106.3,17.28,0.579,4.85
"2022-03-21",NA,0,0,NA,0,0,0,0,0,0,0,0,0,94.1,46.04,1085,333.4,51.48,16.45,1.029,0,29.27,18.51,24.57,18.8,106.1,17.52,0.524,4.25
"2022-03-22",NA,0,0,NA,0,0,0,0,0,0,0,0,0,98.6,47.52,1240,339.4,54.82,16.83,1.072,0.762,29.79,20.11,25.64,20.69,67.64,17.45,0.42,4.475
"2022-03-23",NA,0,0,NA,0,0,0,0,0,0,0,0,0,98.7,53.73,1190,343.8,52.19,16.3,1.052,0.254,30.56,19.6,26.04,20.6,37.16,15.56,0.591,5.375
"2022-03-24",NA,0,0,NA,0,0,0,0,0,0,0,0,0,100,39.62,881,329.4,41.87,15.22,0.992,6.858,35.6,18.49,27.2,19.87,337,66.23,0.986,5.975
"2022-03-25",NA,0,0,NA,0,0,0,0,0,0,0,0,0,100,61.46,1239,329.9,55.43,16.03,1.012,0.508,30.25,19.66,25.78,20.64,164.1,26.77,0.563,4.55
"2022-03-26",NA,0,0,NA,0,0,0,0,0,0,0,0,0,99.9,68.69,1265,206.9,56.64,11.01,0.681,0.254,28.72,21.08,25.07,22.02,158.6,13.61,0.231,2.75
"2022-03-27",NA,0,0,NA,0,0,0,0,0,0,0,0,0,100,54.43,1251,279.3,52.9,13.77,0.892,0,30.95,20.08,25.38,20.61,162,24.26,0.415,3.275
"2022-03-28",NA,0,0,NA,0,0,0,0,0,0,0,0,0,100,64.91,1220,308.3,55.83,15.17,0.949,4.064,29.62,20.3,25.48,21.83,35.11,22.57,0.673,5.15
"2022-03-29",NA,0,0,NA,0,0,0,0,0,0,0,0,0,99.6,53.8,1216,339.9,52.69,16.07,1.033,0,30.47,19.22,25.96,21.11,21.47,17.3,1.308,6.125
"2022-03-30",NA,0,0,NA,0,0,0,0,0,0,0,0,0,99,50.83,889,335.8,43.29,15.85,1.035,0,31.62,18.81,25.74,20.55,12.45,21.04,1.198,7.25
"2022-03-31",NA,0,0,NA,0,0,0,0,0,0,0,0,0,100,48.63,954,337.9,44.09,15.96,1.049,0,32.62,18.46,26.42,19.85,29.65,21.08,0.928,5.3
"2022-04-01",NA,0,0,NA,0,0,0,0,0,0,0,0,0,100,55.49,1064,325.4,46.93,15.28,0.993,2.794,31.7,19.28,27.41,20.41,38.36,34.98,0.793,5.3
"2022-04-02",NA,0,0,NA,0,0,0,0,0,0,0,0,0,100,69.07,1100,287.1,45.01,13.39,0.803,0.254,31.09,22.17,26.85,23.07,91.1,20.81,0.532,3.875
"2022-04-03",NA,0,0,NA,0,0,0,0,0,0,0,0,0,100,59.4,1085,269.9,42.07,12.73,0.808,0,32.84,20.9,27.34,22.76,24.77,36.87,0.71,4.85
"2022-04-04",NA,0,0,NA,0,0,0,0,0,0,0,0,0,100,33.3,1175,281.3,48.15,13.59,0.813,0,34.7,22.51,27.8,22.53,14.47,18.66,0.915,5.825
"2022-04-05",NA,0,0,NA,0,0,0,0,0,0,0,0,0,100,29.1,860,321.7,41.06,14.99,0.975,0,37.55,21.41,28.4,21.57,7.03,28.18,0.865,4.925
"2022-04-06",NA,0,0,NA,0,0,0,0,0,0,0,0,0,100,56.09,1227,249.7,50.37,12.03,0.749,0,34.85,22.77,28.19,23.47,25.85,23.72,0.779,5.075
"2022-04-07",NA,0,0,NA,0,0,0,0,0,0,0,0,0,100,75.35,1136,239,53.01,11.87,0.631,15.24,27.15,18.55,23,19.59,180.2,26.38,1.116,6.125
"2022-04-08",NA,0,0,NA,0,0,0,0,0,0,0,0,0,100,74.87,1051,185.3,44.82,9.88,0.574,49.28,23.85,17.1,20.78,18.11,187.2,20.82,0.842,5.225
"2022-04-09",NA,0,0,NA,0,0,0,0,0,0,0,0,0,100,65.25,631.7,134.8,30.75,7.824,0.465,9.14,24.92,18.86,21.63,19.52,112.3,28.63,0.518,4.85
"2022-04-10",NA,0,0,NA,0,0,0,0,0,0,0,0,0,100,68.24,1152,210.9,50.98,10.89,0.589,74.17,26.53,18.63,22.08,19.44,94.5,44.24,0.701,6.125
"2022-04-11",NA,0,0,NA,0,0,0,0,0,0,0,0,0,100,81.2,1219,174.9,53.01,8.52,0.3,209,24.97,18.88,21.23,19.07,142.9,59.31,0.581,5.375
"2022-04-12",NA,0,0,NA,0,0,0,0,0,0,0,0,0,100,45.41,856,313.2,40.86,15.13,0.969,0,31.76,16.4,23.86,16.53,359.9,21.5,0.48,3.875
"2022-04-13",NA,0,0,NA,0,0,0,0,0,0,0,0,0,100,46.86,927,294.6,42.88,13.99,0.831,0,34.01,20.36,26.26,20.36,13.48,23.31,0.808,5.45
"2022-04-14",NA,0,0,NA,0,0,0,0,0,0,0,0,0,100,54.74,813,303.4,40.86,14.96,0.946,0,30.54,19.2,24.82,19.68,102.7,30.12,0.486,3.875
"2022-04-15",NA,0,0,NA,0,0,0,0,0,0,0,0,0,100,57.42,876,296.8,39.24,14.15,0.896,1.27,32.22,18.85,25.99,19.95,65.05,61.05,1.115,7.55
"2022-04-16",NA,0,0,NA,0,0,0,0,0,0,0,0,0,100,93.5,932,99,46.84,5.656,0.258,34.04,21.67,17.56,19.46,18.21,191.4,19.63,1.614,5.75
"2022-04-17",NA,0,0,NA,0,0,0,0,0,0,0,0,0,100,80.9,635.9,103.7,31.87,6.143,0.337,20.83,22.93,17.02,19.44,17.87,197.9,12.51,0.533,3.425
"2022-04-18",NA,1,0,NA,0,0,0,0,1,0,0,0,0,100,100,159.4,33.23,10.93,2.311,0.122,67.56,18.9,17.42,18.48,17.88,192.4,13.13,0.519,3.575
"2022-04-19",NA,0,0,NA,0,0,0,0,0,0,0,0,0,100,65,1113,233.8,49.27,11.37,0.633,5.334,25.5,16.58,19.78,16.85,188.9,23.29,0.816,5.075
"2022-04-20",NA,0,0,NA,0,0,0,0,0,0,0,0,0,99.1,56.37,1047,285,45.51,13.27,0.778,0,26.99,16.28,20.8,16.41,180.8,27.61,0.676,3.725
"2022-04-21",NA,0,0,NA,0,0,0,0,0,0,0,0,0,100,57.52,1082,302.5,45.92,14.17,0.889,0,27.75,15.51,22.08,16.59,79.24,50.2,0.756,4.4
"2022-04-22",NA,0,0,NA,0,0,0,0,0,0,0,0,0,100,56.9,1052,300.1,45.52,14.05,0.87,0,29.04,16.02,22.95,16.67,17.64,14.51,0.781,5
"2022-04-23",NA,0,0,NA,0,0,0,0,0,0,0,0,0,100,61.39,894,248.4,40.05,11.86,0.684,0,29.68,18.93,23.52,19.36,143.5,54.16,0.413,3.275
"2022-04-24",NA,0,0,NA,0,0,0,0,0,0,0,0,0,100,54.92,757.2,282,37.12,13.55,0.847,0,32.29,17.93,25.04,18.41,17.24,34.48,0.77,4.925
"2022-04-25",NA,0,0,NA,0,0,0,0,0,0,0,0,0,100,77.82,931,117.9,36.82,6.705,0.376,0,24.82,19.34,21.85,19.65,160.2,38.13,1.16,6.35
"2022-04-26",NA,0,0,NA,0,0,0,0,0,0,0,0,0,93.2,57.55,833,274.1,37.73,13.22,0.801,0,25.63,15.2,20.34,15.61,184.5,27.54,1.322,5.15
"2022-04-27",NA,0,0,NA,0,0,0,0,0,0,0,0,0,98.2,56.24,967,278.8,42.68,13.08,0.812,0,25.78,15.05,19.79,15.46,186,23.27,1.025,4.7
"2022-04-28",NA,0,0,NA,0,0,0,0,0,0,0,0,0,100,61.06,981,278.7,41.77,12.73,0.778,0,26.12,15.08,21.04,15.7,311.6,78.6,0.906,4.625
"2022-04-29",NA,0,0,NA,0,0,0,0,0,0,0,0,0,100,54.05,768.8,284.4,36.41,13.25,0.826,0,28.04,13.3,21.35,14.14,5.54,18.33,0.975,6.275
"2022-04-30",NA,0,0,NA,0,0,0,0,0,0,0,0,0,100,65.18,1003,241.8,42.18,11.35,0.622,0.508,26.87,16.63,20.8,16.99,194.2,33.48,1.025,5.6
"2022-05-01",NA,0,0,NA,0,0,0,0,0,0,0,0,0,100,58.66,908,277.7,39.65,13.12,0.81,0.254,27.46,15.62,20.32,15.86,190,24.19,0.755,4.1
"2022-05-02",NA,0,0,NA,0,0,0,0,0,0,0,0,0,99.2,50.06,896,277,39.04,13.16,0.814,0,27.89,14.49,20.41,14.32,191.9,24.77,0.785,3.65
"2022-05-03",NA,0,0,NA,0,0,0,0,0,0,0,0,0,100,60.3,931,278.4,39.85,12.93,0.796,0,27.36,15.9,22.04,16.49,58.29,59.91,0.688,5.075
"2022-05-04",NA,0,0,NA,0,0,0,0,0,0,0,0,0,100,52.4,903,260.7,39.35,12.08,0.735,0,28.87,14.32,21.94,15.23,56.29,39.93,0.547,4.625
"2022-05-05",NA,0,0,NA,0,0,0,0,0,0,0,0,0,100,56.64,876,220.1,40.05,10.84,0.674,0,28.07,16,21.92,16.28,132.6,43.11,0.406,4.325
"2022-05-06",NA,0,0,NA,0,0,0,0,0,0,0,0,0,100,44.49,729.2,270,35.4,12.93,0.802,0,31.14,16.22,22.54,16.12,38.9,46.66,0.45,3.65
"2022-05-07",NA,0,0,NA,0,0,0,0,0,0,0,0,0,100,41.56,724.2,268.9,34.39,12.47,0.769,0,30.92,14.53,22.03,14.56,4.937,26.12,0.5,3.8
"2022-05-08",NA,0,0,NA,0,0,0,0,0,0,0,0,0,100,71.21,839,202.5,30.65,8.95,0.521,0,26.98,15.03,20.45,15.13,181.3,23.39,0.707,4.1
"2022-05-09",NA,0,0,NA,0,0,0,0,0,0,0,0,0,98.9,51.93,707.6,263.6,34.49,12.52,0.771,0,28,14.55,20.37,14.94,191.3,30.79,0.69,3.725
"2022-05-10",NA,0,0,NA,0,0,0,0,0,0,0,0,0,100,47.05,709.6,262.4,34.39,12.46,0.768,0,28.49,15.04,20.26,14.92,198,36.94,0.519,3.65
"2022-05-11",NA,0,0,NA,0,0,0,0,0,0,0,0,0,100,52.38,706.6,257.5,32.57,11.67,0.714,0,29.38,13.25,21.5,13.61,353.1,46.35,0.776,5.825
"2022-05-12",NA,0,0,NA,0,0,0,0,0,0,0,0,0,100,62.38,917,196.6,33.28,8.97,0.551,0,28.44,17.66,21.56,16.78,174.5,49.21,0.463,2.825
"2022-05-13",NA,0,0,NA,0,0,0,0,0,0,0,0,0,100,51.77,680.4,249.3,31.86,11.4,0.692,0,30.77,17.97,23.04,16.59,354,26.75,0.859,5
"2022-05-14",NA,0,0,NA,0,0,0,0,0,0,0,0,0,100,60.42,744.1,213.7,30.34,9.54,0.563,0,28.67,17.89,23.73,17.47,9.06,49.24,0.523,3.425
"2022-05-15",NA,0,0,NA,0,0,0,0,0,0,0,0,0,100,71.94,1053,222.7,43.7,10.45,0.575,12.7,25.99,18.83,21.56,19.52,182.4,28.81,0.476,4.1
"2022-05-16",NA,0,0,NA,0,0,0,0,0,0,0,0,0,100,86.1,888,102.3,38.04,5.449,0.317,8.89,23.79,17.66,20.57,18.75,196.2,16.71,0.15,3.5
"2022-05-17",NA,0,0,NA,0,0,0,0,0,0,0,0,0,100,58.42,982,229.6,41.67,10.68,0.592,1.524,27.51,17.16,21.72,18.01,13.14,22.39,0.153,3.5
"2022-05-18",NA,0,0,NA,0,0,0,0,0,0,0,0,0,100,58.17,892,242.1,39.45,11.5,0.694,0,28.33,16.44,21.98,17.15,3.336,21.22,0.518,4.325
"2022-05-19",NA,0,0,NA,0,0,0,0,0,0,0,0,0,100,53.85,892,236.3,38.64,11.07,0.671,0,29.33,17.59,22.36,17.96,356.1,21.11,0.681,5.15
"2022-05-20",NA,0,0,NA,0,0,0,0,0,0,0,0,0,100,49.68,649.1,239.1,29.84,10.78,0.648,0,29.81,18.91,22.89,17.97,353.4,34.37,0.702,4.625
"2022-05-21",NA,0,0,NA,0,0,0,0,0,0,0,0,0,100,93.1,305.8,53.51,14.16,3.183,0.189,6.096,20.89,15,19.21,16.33,193.4,22.55,0.402,4.475
"2022-05-22",NA,0,0,NA,0,0,0,0,0,0,0,0,0,99.6,63.19,816,168.8,36.42,8.37,0.454,0,24.57,14.6,19,16.12,195.1,15.68,0.227,3.725
"2022-05-23",NA,0,0,NA,0,0,0,0,0,0,0,0,0,100,92.5,105,21.94,6.98,1.429,0.08,15.24,18.66,16.71,18.03,16.83,190.4,23.41,0.998,5.075
"2022-05-24",NA,0,0,NA,0,0,0,0,0,0,0,0,0,100,61.62,944,237.4,39.45,11.24,0.678,0,28.02,15.78,20.06,16.11,180,32.32,0.313,2.825
"2022-05-25",NA,0,0,NA,0,0,0,0,0,0,0,0,0,100,51.71,661,243.2,31.76,11.45,0.694,0,28.76,13.02,20.42,14.36,4.1,20.48,0.444,4.325
"2022-05-26",NA,0,0,NA,0,0,0,0,0,0,0,0,0,100,71.53,894,180.9,36.01,8.07,0.459,0,27.21,15.97,20.65,15.24,171.8,33.82,0.595,4.775
"2022-05-27",NA,0,0,NA,0,0,0,0,0,0,0,0,0,100,71.59,874,153.9,37.03,7.245,0.42,0.508,25.09,16.77,20.22,17.03,131.5,43.56,0.39,3.875
"2022-05-28",NA,0,0,NA,0,0,0,0,0,0,0,0,0,100,66.66,806,229,31.36,10.28,0.617,0,26.6,16.06,21.08,15.93,357.2,24.93,1.017,5.675
"2022-05-29",NA,0,0,NA,0,0,0,0,0,0,0,0,0,94.8,48.2,641.9,234.2,29.33,10.47,0.624,0,29.9,18.11,21.55,17.04,342.5,25.07,0.945,5.45
"2022-05-30",NA,0,0,NA,0,0,0,0,0,0,0,0,0,99,52.23,805,169.3,34.4,8.41,0.439,0,22.86,15.31,19.22,15.97,174.7,40.2,1.328,6.5
"2022-05-31",NA,0,0,NA,0,0,0,0,0,0,0,0,0,93.4,28,803,237.8,31.96,10.74,0.628,0,25.27,12.71,18.09,12.02,214.2,55.54,0.797,5.3
"2022-06-01",NA,0,0,NA,0,0,0,0,0,0,0,0,0,79.7,22.98,649,238.9,30.45,10.93,0.654,0,24.49,11.82,15.93,11.06,201.7,32.41,0.603,3.95
"2022-06-02",NA,0,0,NA,0,0,0,0,0,0,0,0,0,100,40.55,735,231.4,30.95,10.58,0.633,0,26.18,11.66,16.62,11.52,208.2,36.47,0.412,2.9
"2022-06-03",NA,0,0,NA,0,0,0,0,0,0,0,0,0,100,43.09,646.9,236.8,30.34,10.88,0.653,0,25.9,8.77,17.55,10.46,357.4,60.22,0.503,4.55
"2022-06-04",NA,0,0,NA,0,0,0,0,0,0,0,0,0,100,52.38,706.6,231.5,30.95,10.54,0.627,0,27.02,13.6,18.72,11.63,352.6,32.86,0.634,5.3
"2022-06-05",NA,0,0,NA,0,0,0,0,0,0,0,0,0,100,58.17,750.7,225.9,30.95,10.31,0.609,0,25.58,12.57,18.27,12.31,178.6,36.09,1.015,5.225
"2022-06-06",NA,0,0,NA,0,0,0,0,0,0,0,0,0,100,52.65,820,208.2,33.99,9.52,0.542,0,25.34,11.03,17.87,10.68,182.1,33.82,0.449,3.2
"2022-06-07",NA,0,0,NA,0,0,0,0,0,0,0,0,0,100,44.15,638.4,233.5,29.94,10.71,0.642,0,26.5,9.4,16.71,9.47,356.6,34.43,0.423,3.65
"2022-06-08",NA,0,0,NA,0,0,0,0,0,0,0,0,0,100,56.14,736.8,230.8,31.56,10.4,0.62,0,25.45,9.15,16.23,9.16,40.75,35.85,0.382,4.025
"2022-06-09",NA,0,0,NA,0,0,0,0,0,0,0,0,0,100,43.86,646,233.1,30.04,10.42,0.621,0,25.58,9.5,16.58,9.25,347.9,29.68,0.527,5.075
"2022-06-10",NA,0,0,NA,0,0,0,0,0,0,0,0,0,100,64.27,874,187.6,32.98,8.49,0.477,2.286,26.01,13.66,18.55,12.38,191.2,34.37,0.604,3.425
"2022-06-11",NA,0,0,NA,0,0,0,0,0,0,0,0,0,100,58.86,732.7,233.6,31.56,10.56,0.626,0.254,26.04,14.27,18.81,14.06,52.46,52.43,0.445,4.25
"2022-06-12",NA,0,0,NA,0,0,0,0,0,0,0,0,0,100,52.27,616.2,225.6,27.11,9.74,0.584,0,25.78,12.83,18.11,11.94,353.6,24.86,0.81,5.75
"2022-06-13",NA,0,0,NA,0,0,0,0,0,0,0,0,0,99,43.07,631.8,231.1,28.32,10.03,0.594,0,27.25,13.58,18.71,13,348.2,29.54,1.131,5.675
"2022-06-14",NA,0,0,NA,0,0,0,0,0,0,0,0,0,100,35.22,637.3,233.5,28.83,10.2,0.603,0,28.51,12.4,18.81,10.2,345.9,28.65,1.039,6.5
"2022-06-15",NA,0,0,NA,0,0,0,0,0,0,0,0,0,94.9,61.57,755.2,170,30.14,7.844,0.449,0.254,24.95,13.7,17.45,13.13,200.2,57.12,0.803,5.15
"2022-06-16",NA,0,0,NA,0,0,0,0,0,0,0,0,0,92.1,28.05,657.9,239.5,29.74,10.6,0.63,0,21.65,10.28,14.38,8.86,188.2,35.59,0.743,5.6
"2022-06-17",NA,0,0,NA,0,0,0,0,0,0,0,0,0,97.9,37.95,615,224.6,27.01,9.51,0.568,0,23.39,3.422,14.05,6.103,346.1,29.97,0.506,4.775
"2022-06-18",NA,0,0,NA,0,0,0,0,0,0,0,0,0,100,44.62,613.9,223.8,26.81,9.48,0.56,0,25.93,10.22,16.32,8.45,355.5,27.69,0.879,5.225
"2022-06-19",NA,0,0,NA,0,0,0,0,0,0,0,0,0,99.8,49.76,608.4,216.9,26.6,9.25,0.535,0,25.62,14.54,18.7,12.52,309.8,64.81,0.531,5
"2022-06-20",NA,0,0,NA,0,0,0,0,0,0,0,0,0,99,69.22,759,144.5,27.72,6.915,0.401,0,24.27,15.44,18.9,15.09,170.9,25.74,0.395,4.25
"2022-06-21",NA,0,0,NA,0,0,0,0,0,0,0,0,0,100,92,498.4,69.63,18.82,3.795,0.211,11.18,20.89,14.96,17.69,15.02,199.1,15.62,0.245,3.425
"2022-06-22",NA,0,0,NA,0,0,0,0,0,0,0,0,0,100,65.59,777.6,198.4,30.14,8.9,0.499,13.97,24.68,16,19.24,15.23,0,0,0,0
"2022-06-23",NA,0,0,NA,0,0,0,0,0,0,0,0,0,100,53.33,755.3,205,30.96,9.37,0.541,0,25.47,13.67,19.11,13.32,0,0,0,0
"2022-06-24",NA,0,0,NA,0,0,0,0,0,0,0,0,0,100,56.63,674.1,219.1,27.92,9.67,0.572,0,25.5,14.48,18.49,13.72,0,0,0,0
"2022-06-25",NA,0,0,NA,0,0,0,0,0,0,0,0,0,96.9,62.52,766.2,199.8,29.74,9,0.506,0,22.85,13.1,17.11,13.15,183.7,20.68,0.231,4.7
"2022-06-26",NA,0,0,NA,0,0,0,0,0,0,0,0,0,98,47.92,627.3,230.2,29.03,10.47,0.622,0,23.93,12.13,16.74,12.41,178,31.2,0.574,4.325
"2022-06-27",NA,0,0,NA,0,0,0,0,0,0,0,0,0,100,67.36,875,215.8,33.28,9.63,0.497,6.096,23.38,13.71,17,14,184.8,33.91,0.682,4.175
"2022-06-28",NA,0,0,NA,0,0,0,0,0,0,0,0,0,100,57.57,887,217.4,34.89,9.76,0.557,0.762,24.51,11.99,17.26,12.5,191.2,9.41,0.027,2.75
"2022-06-29",NA,0,0,NA,0,0,0,0,0,0,0,0,0,100,45,794.9,234.6,32.77,10.54,0.627,0,25.52,9.32,16.81,10.79,0,0,0,0
"2022-06-30",NA,0,0,NA,0,0,0,0,0,0,0,0,0,100,42.22,639.4,234.2,29.13,10.53,0.63,0,24.61,10.87,16.1,10.17,32.09,0,0,0.275
"2022-07-01",NA,0,0,NA,0,0,0,0,0,0,0,0,0,100,52.38,693.6,234.5,30.25,10.57,0.633,0,24.07,9.96,16.37,9.4,29.33,10.02,0.203,4.1
"2022-07-02",NA,0,0,NA,0,0,0,0,0,0,0,0,0,100,56.82,671.4,231.6,30.04,10.56,0.625,0,26.56,10.56,18.52,10.98,9.48,18.33,0.51,5.225
"2022-07-03",NA,0,0,NA,0,0,0,0,0,0,0,0,0,100,43.85,605.1,219.5,26.3,9.32,0.556,0,27.97,14.68,19.48,13.9,0,0,0,0
"2022-07-04",NA,0,0,NA,0,0,0,0,0,0,0,0,0,100,37.5,611.4,224.5,27.71,9.9,0.59,0,28.68,13.89,19.12,12.14,0,0,0,0
"2022-07-05",NA,0,0,NA,0,0,0,0,0,0,0,0,0,100,53.82,604.1,218.7,27.11,9.6,0.57,0,26.85,12.13,19.34,12.46,0,0,0,0
"2022-07-06",NA,0,0,NA,0,0,0,0,0,0,0,0,0,100,59.12,734.2,189.1,27.61,7.981,0.46,0,25.79,15.75,19.74,14.61,0,0,0,0
"2022-07-07",NA,0,0,NA,0,0,0,0,0,0,0,0,0,100,59.61,711.1,210.4,26.8,8.94,0.532,0,26.74,16.41,20.11,15.11,0,0,0,0
"2022-07-08",NA,0,0,NA,0,0,0,0,0,0,0,0,0,100,58.01,746.1,202.5,28.52,8.82,0.53,0,26.26,14.35,19.16,12.68,0,0,0,0
"2022-07-09",NA,0,0,NA,0,0,0,0,0,0,0,0,0,100,61.86,864,206.5,34.59,9.15,0.536,0,26.16,11.03,18.24,11.76,0,0,0,0
"2022-07-10",NA,0,0,NA,0,0,0,0,0,0,0,0,0,100,30.79,624.5,230.1,28.12,10.1,0.606,0,28.32,13,18.9,11.61,0,0,0,0
"2022-07-11",NA,0,0,NA,0,0,0,0,0,0,0,0,0,93.7,57.62,641.6,221.6,27.71,9.58,0.569,0,26.02,12.58,17.99,11.33,0,0,0,0
"2022-07-12",NA,0,0,NA,0,0,0,0,0,0,0,0,0,97.6,85.4,79.3,15,4.654,0.82,0.008,0,21.56,19.02,19.6,18.52,83.7,20.31,0.971,4.4
"2022-07-13",NA,0,0,NA,0,0,0,0,0,0,0,0,0,100,58.14,745.2,214.2,28.22,9.53,0.561,0,26.8,17.02,20.82,15.55,355.3,28.47,0.988,5.075
"2022-07-14",NA,0,0,NA,0,0,0,0,0,0,0,0,0,100,57.5,631.5,231.4,28.52,10.18,0.609,0,25.76,13.61,18.8,13.01,151.6,55.87,0.555,3.425
"2022-07-15",NA,0,0,NA,0,0,0,0,0,0,0,0,0,98.6,61.96,795,196.6,32.17,8.97,0.522,0.254,24.68,14.36,18.3,14.41,186.6,40,0.956,4.25
"2022-07-16",NA,0,0,NA,0,0,0,0,0,0,0,0,0,100,59.26,831,239.8,35.3,11.03,0.654,2.032,24.81,14.52,18.37,14.1,169.1,40.92,0.69,4.1
"2022-07-17",NA,0,0,NA,0,0,0,0,0,0,0,0,0,100,57.22,787.5,253.5,34.79,11.97,0.387,0,25.2,14.96,20.45,15.23,71,26.91,0.58,3.725
"2022-07-18",NA,0,0,NA,0,0,0,0,0,0,0,0,0,100,61.38,792.1,231.7,33.68,10.97,0.658,0,26.42,11.62,19.34,12.78,0.206,38.68,0.739,4.7
"2022-07-19",NA,0,0,NA,0,0,0,0,0,0,0,0,0,100,59.9,750.2,223.7,33.58,10.58,0.614,0,27.65,17.42,21.25,17.06,348.8,31.2,1.212,5.525
"2022-07-20",NA,0,0,NA,0,0,0,0,0,0,0,0,0,100,42.34,642.5,235.6,30.75,11.05,0.648,4.826,30.9,17.63,22.51,17.54,349.4,77.24,1.002,4.775
"2022-07-21",NA,0,0,NA,0,0,0,0,0,0,0,0,0,100,60.9,829,202.5,30.44,9.14,0.543,0,27.24,16.77,20.58,17.08,239.8,58.24,0.454,3.2
"2022-07-22",NA,0,0,NA,0,0,0,0,0,0,0,0,0,100,68.76,865,174.3,28.63,8.02,0.482,30.48,25.4,15.64,19.73,15.16,164,57.88,0.511,3.2
"2022-07-23",NA,0,0,NA,0,0,0,0,0,0,0,0,0,100,60.48,787.1,219.4,30.14,9.58,0.581,0,26.16,12.72,19.62,13.58,346.8,23.55,0.888,5.75
"2022-07-24",NA,0,0,NA,0,0,0,0,0,0,0,0,0,95.5,63.56,844,157.7,33.49,7.662,0.441,0,20.69,13.59,17.86,13.56,183.8,53.13,1.452,6.05
"2022-07-25",NA,0,0,NA,0,0,0,0,0,0,0,0,0,94.2,41.24,686.9,254,32.78,11.76,0.714,0,23.14,9.09,15.45,9.3,190.2,40.8,0.991,4.7
"2022-07-26",NA,0,0,NA,0,0,0,0,0,0,0,0,0,100,44.99,680.8,249.3,31.86,11.29,0.687,0,23.59,9.71,16.03,10.46,201.9,75.04,0.662,4.7
"2022-07-27",NA,0,0,NA,0,0,0,0,0,0,0,0,0,100,54.11,651.1,239.4,29.23,10.44,0.628,0,25.18,9.01,17.42,10.13,1.632,51.26,0.833,5.6
"2022-07-28",NA,0,0,NA,0,0,0,0,0,0,0,0,0,100,60.82,839,214.5,29.53,9.26,0.565,0,25.5,14.5,18.92,13.53,117,63.84,0.74,4.025
"2022-07-29",NA,0,0,NA,0,0,0,0,0,0,0,0,0,100,49.64,654.3,239.6,29.74,10.55,0.636,0,25.47,11.75,17.93,11.73,357.3,29.16,0.983,5.075
"2022-07-30",NA,0,0,NA,0,0,0,0,0,0,0,0,0,100,48.18,637.7,229,27.51,9.64,0.58,0,27.05,13.6,19.25,13.62,350,46.63,1.037,4.775
"2022-07-31",NA,0,0,NA,0,0,0,0,0,0,0,0,0,100,72.37,825,182.9,30.75,7.957,0.475,0.508,24.54,14.69,18.48,14.89,175.4,41.12,1.365,5.45
"2022-08-01",NA,0,0,NA,0,0,0,0,0,0,0,0,0,98,72.73,396.4,98.3,20.44,5.245,0.254,0.254,20.18,13.87,16.77,14.37,193.5,31.98,0.774,4.55
"2022-08-02",NA,0,0,NA,0,0,0,0,0,0,0,0,0,99.7,63.7,900,175.1,34.59,7.93,0.445,0,24.03,13.63,18.09,12.73,18.65,46.64,0.819,5.975
"2022-08-03",NA,0,0,NA,0,0,0,0,0,0,0,0,0,100,48.37,745.5,233.7,30.04,10.2,0.587,0,25.66,12.59,18.04,11.71,1.976,27.68,1.046,5.45
"2022-08-04",NA,0,0,NA,0,0,0,0,0,0,0,0,0,100,55,826,218.3,30.35,9.2,0.557,0,26.55,12.79,18.97,12.43,352.2,39.93,1.034,5.3
"2022-08-05",NA,0,0,NA,0,0,0,0,0,0,0,0,0,100,62.43,821,232.6,33.68,10.3,0.617,0,26,14.77,19.21,13.8,137.7,37.11,0.522,3.8
"2022-08-06",NA,0,0,NA,0,0,0,0,0,0,0,0,0,100,64.18,822,243.4,33.68,10.94,0.654,0,27.38,13.37,20.91,14.08,34.63,27.39,0.744,4.775
"2022-08-07",NA,0,0,NA,0,0,0,0,0,0,0,0,0,100,70.02,830,186,31.15,7.848,0.471,0,27.06,17.09,21.42,16.48,116.2,44.36,0.415,3.575
"2022-08-08",NA,0,0,NA,0,0,0,0,0,0,0,0,0,100,39.8,876,206.5,31.15,8.1,0.432,0,29.23,17.16,21.17,16.5,12.66,61.9,1.851,7.625
"2022-08-09",NA,0,0,NA,0,0,0,0,0,0,0,0,0,100,60.09,903,222.2,37.42,10.24,0.613,0,26.67,13.91,19.18,13.52,166.1,36.54,0.899,4.475
"2022-08-10",NA,0,0,NA,0,0,0,0,0,0,0,0,0,100,51.05,728.1,264.3,33.17,11.91,0.736,0,28.32,13.04,20.11,12.32,6.711,37.53,1.06,6.05
"2022-08-11",NA,0,0,NA,0,0,0,0,0,0,0,0,0,100,62.05,867,250.5,32.97,11.25,0.656,0,27.6,15.04,21.11,14.87,16.52,27.92,1.172,5.375
"2022-08-12",NA,0,0,NA,0,0,0,0,0,0,0,0,0,100,37.84,726.8,266.3,32.97,11.54,0.709,0,31.64,16.45,23,16.11,350.7,40.74,1.795,6.725
"2022-08-13",NA,0,0,NA,0,0,0,0,0,0,0,0,0,100,68.94,787.6,181.8,28.32,8.08,0.508,0,25.44,16.71,20.45,16.41,137.1,47.8,0.828,4.1
"2022-08-14",NA,0,0,NA,0,0,0,0,0,0,0,0,0,100,33.45,740.4,266.6,34.18,11.79,0.719,0,31.08,14.47,21.35,14.94,168.6,74.15,1.327,7.175
"2022-08-15",NA,0,0,NA,0,0,0,0,0,0,0,0,0,92.7,28.95,968,270.5,38.24,11.61,0.728,0,24.21,11.07,17.38,11.26,181.3,44.15,1.414,6.725
"2022-08-16",NA,0,0,NA,0,0,0,0,0,0,0,0,0,90.5,36.78,760.9,282.6,34.6,12.47,0.774,0,25.85,10.11,18.41,10.43,336.7,54.79,1.431,5.9
"2022-08-17",NA,0,0,NA,0,0,0,0,0,0,0,0,0,90.7,17.79,781.5,288,34.79,12.38,0.762,0,33.6,13.06,22.26,11.79,341.6,28.48,1.712,6.575
"2022-08-18",NA,0,0,NA,0,0,0,0,0,0,0,0,0,91.5,41.12,791.5,277.7,34.59,11.82,0.72,0,26.67,16.5,20.86,14.36,155.6,51.89,1.48,5.6
"2022-08-19",NA,0,0,NA,0,0,0,0,0,0,0,0,0,94.4,55.78,562.8,99.3,17,3.669,0.213,0,20.63,11.76,17.48,11.43,190.1,46.16,1.391,6.95
"2022-08-20",NA,0,0,NA,0,0,0,0,0,0,0,0,0,97.3,25.16,807,300.7,37.83,13.81,0.866,0,28.41,8.97,18.7,7.949,213.6,84.1,1.618,7.625
"2022-08-21",NA,0,0,NA,0,0,0,0,0,0,0,0,0,96.8,43.14,989,277.7,42.18,12.8,0.787,0,23.68,10.74,17.05,10.1,162.5,49.21,1.068,4.55
"2022-08-22",NA,0,0,NA,0,0,0,0,0,0,0,0,0,100,46.56,786.3,293.8,35.91,13.23,0.836,0,24.6,8.31,17,8.3,1.565,40.31,1.221,7.475
"2022-08-23",NA,0,0,NA,0,0,0,0,0,0,0,0,0,97.7,46.8,1009,272.7,41.27,12.69,0.736,0,25.08,12.86,17.84,12.44,133.4,50.23,0.924,5
"2022-08-24",NA,0,0,NA,0,0,0,0,0,0,0,0,0,100,46.2,1074,298.6,45.31,13.79,0.874,0,26.69,11.22,19.51,12.28,7.795,48.01,1.055,5.975
"2022-08-25",NA,0,0,NA,0,0,0,0,0,0,0,0,0,100,45.08,795,293.3,36.11,12.7,0.807,0,28.62,11.34,20.39,12.01,356.7,32.87,1.474,6.5
"2022-08-26",NA,0,0,NA,0,0,0,0,0,0,0,0,0,100,55.29,945,253.4,36.41,11.2,0.697,0,27.06,14.21,20.03,13.05,139.7,60.97,0.974,4.475
"2022-08-27",NA,0,0,NA,0,0,0,0,0,0,0,0,0,100,42.04,746,277.1,31.76,11.52,0.73,0,31.02,13.36,21.9,13.85,23.25,62.77,1.342,5.9
"2022-08-28",NA,0,0,NA,0,0,0,0,0,0,0,0,0,100,67.3,948,202.9,34.59,8.67,0.557,0,25.92,18.59,22.17,18.54,99.3,79.29,1.306,4.175
"2022-08-29",NA,0,0,NA,0,0,0,0,0,0,0,0,0,100,55.5,753.5,277.6,32.77,11.95,0.759,0,28.98,18.25,22.43,17.79,150.6,90.4,1.782,6.575
"2022-08-30",NA,0,0,NA,0,0,0,0,0,0,0,0,0,97.8,51.09,745.4,142.4,29.24,6.99,0.406,1.27,20.76,10.12,16.04,9.1,173.8,40.93,1.675,5.825
"2022-08-31",NA,0,0,NA,0,0,0,0,0,0,0,0,0,86.7,41.08,1149,261.9,49.47,12.3,0.761,0,23.24,10.53,17.43,9.69,188.7,44.77,1.674,6.35
"2022-09-01",NA,0,0,NA,0,0,0,0,0,0,0,0,0,99.5,43.07,999,301.7,43.9,13.88,0.847,0,24.92,12.34,18.21,11.85,147.8,69.91,1.118,4.925
"2022-09-02",NA,0,0,NA,0,0,0,0,0,0,0,0,0,100,43.92,825,308.5,37.63,13.6,0.869,0,26.83,10.28,19.3,10.6,349.3,35.07,1.848,7.4
"2022-09-03",NA,0,0,NA,0,0,0,0,0,0,0,0,0,100,36.43,791,298.6,34.59,12.75,0.825,0,29.61,14.28,20.47,14.41,11.18,59.99,1.247,6.05
"2022-09-04",NA,0,0,NA,0,0,0,0,0,0,0,0,0,100,48.88,819,301.5,36.82,13.04,0.82,0,28.58,12.37,21.01,12.61,13.09,31.31,1.487,6.35
"2022-09-05",NA,0,0,NA,0,0,0,0,0,0,0,0,0,100,28.83,827,307.3,36.21,13.1,0.826,0,34.86,16.18,23.21,15.05,21.76,80.4,1.734,5.75
"2022-09-06",NA,0,0,NA,0,0,0,0,0,0,0,0,0,97.1,55.96,1102,305.1,46.73,13.84,0.842,0,25.56,14.09,20.58,14.19,152.5,35.41,1.179,6.2
"2022-09-07",NA,0,0,NA,0,0,0,0,0,0,0,0,0,99.7,53.82,995,237.2,41.38,10.4,0.646,0,24.9,12.83,19.26,12.92,56.7,42.55,0.951,6.2
"2022-09-08",NA,0,0,NA,0,0,0,0,0,0,0,0,0,100,52.66,806,301.7,35.6,12.94,0.831,0,27.77,13.13,20.88,13.54,6.367,28.93,1.577,8.9
"2022-09-09",NA,0,0,NA,0,0,0,0,0,0,0,0,0,100,54.68,817,304.9,36.31,13.23,0.851,0,28.27,16.29,22.08,15.93,17.49,27.05,1.702,7.625
"2022-09-10",NA,0,0,NA,0,0,0,0,0,0,0,0,0,100,47.85,852,318.4,38.84,14.01,0.902,0,30.07,15.96,22.69,15.8,17.52,23.92,1.275,6.425
"2022-09-11",NA,0,0,NA,0,0,0,0,0,0,0,0,0,99.9,53.25,817,304.8,35.4,12.8,0.814,0,30.82,17.49,23.79,16.54,137.5,67.43,1.368,5.45
"2022-09-12",NA,0,0,NA,0,0,0,0,0,0,0,0,0,100,63.91,1103,194.7,43.3,9.43,0.53,5.334,24.57,17.19,21.09,17.85,168.6,37.92,1.51,5.6
"2022-09-13",NA,0,0,NA,0,0,0,0,0,0,0,0,0,100,61.22,587.8,128.6,28.83,7.066,0.402,13.46,23.14,16.94,19.4,17.64,131.9,36.16,0.908,4.25
"2022-09-14",NA,0,0,NA,0,0,0,0,0,0,0,0,0,100,61.35,1249,207.3,50.89,9.89,0.595,0.508,24.55,15.43,19.84,15.44,14.71,52.07,1.05,5.375
"2022-09-15",NA,0,0,NA,0,0,0,0,0,0,0,0,0,99.9,48.82,860,325.4,40.26,14.86,0.97,0,28.86,14.74,21.27,15.06,358,34.52,1.855,6.875
"2022-09-16",NA,0,0,NA,0,0,0,0,0,0,0,0,0,100,60.11,865,324.8,39.85,14.54,0.938,0,28.76,14.81,22.6,15.66,13.55,34.65,1.301,5.075
"2022-09-17",NA,0,0,NA,0,0,0,0,0,0,0,0,0,100,46.57,848,318,38.03,13.74,0.891,0,31.76,17.27,23.61,18,33.81,62.07,1.077,5.075
"2022-09-18",NA,0,0,NA,0,0,0,0,0,0,0,0,0,100,52.2,822,303.6,35.4,12.6,0.788,0,30.51,14.48,23.02,15.65,16.11,34.06,1.285,6.575
"2022-09-19",NA,0,0,NA,0,0,0,0,0,0,0,0,0,100,44.98,832,309,35.6,12.75,0.807,0,30.6,15.57,23.12,16.53,120.4,63.51,1.291,5.45
"2022-09-20",NA,0,0,NA,0,0,0,0,0,0,0,0,0,100,87.4,839,61.98,27.82,2.76,0.099,55.63,20.38,14.73,16.49,15.04,184.9,34.96,2.055,6.05
"2022-09-21",NA,0,0,NA,0,0,0,0,0,0,0,0,0,100,88.7,965,109.2,40.47,5.456,0.267,19.05,19.82,15.14,16.61,15.52,192.6,26.06,1.311,6.125
"2022-09-22",NA,0,0,NA,0,0,0,0,0,0,0,0,0,100,57.94,956,333.8,42.88,15.18,0.991,0.254,28.35,14.92,21.5,15.52,15.64,41.96,1.038,5.525
"2022-09-23",NA,0,0,NA,0,0,0,0,0,0,0,0,0,100,27.95,889,331.3,40.86,14.73,0.967,0,36.24,18.93,24.86,18.74,354.4,81.3,1.602,6.05
"2022-09-24",NA,0,0,NA,0,0,0,0,0,0,0,0,0,100,65.47,1093,318.4,44.71,14.38,0.923,0,28.01,18.63,23.71,19.05,65.78,81.4,1.577,5.825
"2022-09-25",NA,0,0,NA,0,0,0,0,0,0,0,0,0,100,37.19,922,349.7,43.29,16,1.064,0,33.37,17.35,24.53,17.61,8.48,30.13,1.772,6.725
"2022-09-26",NA,0,0,NA,0,0,0,0,0,0,0,0,0,100,39.18,894,336.3,40.86,14.75,0.977,0,33.36,17.35,24.28,17.29,15.6,35.87,1.261,5.525
"2022-09-27",NA,0,0,NA,0,0,0,0,0,0,0,0,0,100,65.55,1017,309.8,39.85,13.23,0.818,0,29.15,18.93,24.92,19.34,110.9,42.69,1.2,4.625
"2022-09-28",NA,0,0,NA,0,0,0,0,0,0,0,0,0,100,55.43,1069,339.8,45.72,15.12,0.975,0,28.6,18.64,24.15,18,58.67,21.9,1.218,5.75
"2022-09-29",NA,0,0,NA,0,0,0,0,0,0,0,0,0,99.7,57.12,1162,307,50.38,14.06,0.827,0,29.4,19.32,24.34,20.19,15.09,41.81,1.181,6.125
"2022-09-30",NA,0,0,NA,0,0,0,0,0,0,0,0,0,100,49.18,1105,341.8,47.74,15.85,0.993,0,30.88,20.32,25.35,20.48,13.67,38.55,0.986,5.675
"2022-10-01",NA,0,0,NA,0,0,0,0,0,0,0,0,0,99.8,56.64,1004,332.6,43.29,15.07,0.989,0,29.27,20.1,25.24,20.71,27.96,50.77,1.589,6.95
"2022-10-02",NA,0,0,NA,0,0,0,0,0,0,0,0,0,100,63.02,1183,307.9,48.96,14.39,0.931,0,29.32,19.06,24.51,19.5,107.6,65.33,1.057,5.45
"2022-10-03",NA,0,0,NA,0,0,0,0,0,0,0,0,0,100,52.62,934,357.2,43.9,16.41,1.084,0,31.66,19.66,26,20.33,11.63,42.84,1.804,7.55
"2022-10-04",NA,0,0,NA,0,0,0,0,0,0,0,0,0,98.9,65.55,1094,171.1,43,8.42,0.546,0,25.53,18.88,23.13,19.42,165.6,38.58,1.611,5.975
"2022-10-05",NA,0,0,NA,0,0,0,0,0,0,0,0,0,96.4,55.02,927,332.9,39.65,14.3,0.949,0,29.1,17.67,24.82,17.87,10.53,64.31,1.616,6.875
"2022-10-06",NA,0,0,NA,0,0,0,0,0,0,0,0,0,99.7,30.99,938,351.4,42.38,15.32,0.991,0,38.51,21.83,29.03,21.85,19.3,63.25,2,8.53
"2022-10-07",NA,0,0,NA,0,0,0,0,0,0,0,0,0,92.4,57.11,1205,356,48.36,16.03,1.026,0,28.29,19.45,24.49,20.02,163,41.68,1.958,6.575
"2022-10-08",NA,0,0,NA,0,0,0,0,0,0,0,0,0,100,59.97,1029,240.5,38.44,10.48,0.648,0,27.58,17.89,22.84,18.74,144.3,64.06,0.917,3.95
"2022-10-09",NA,0,0,NA,0,0,0,0,0,0,0,0,0,100,45.94,911,341.3,39.25,14.15,0.924,0,34.57,18.75,27.2,18.87,29.23,71.37,1.806,5.6
"2022-10-10",NA,0,0,NA,0,0,0,0,0,0,0,0,0,99.1,65.86,1059,209.5,36.42,9.1,0.549,0,28.41,20.02,23.91,20.5,171.4,37.16,1.199,5.9
"2022-10-11",NA,0,0,NA,0,0,0,0,0,0,0,0,0,100,66.99,1108,231.1,39.45,9.67,0.622,0,28.24,19.82,24.9,20.24,21.06,33.84,1.308,5.9
"2022-10-12",NA,0,0,NA,0,0,0,0,0,0,0,0,0,100,58.7,1018,323.2,39.65,13.8,0.92,0,31.46,18.63,26.09,18.74,33.77,33.36,1.138,5.375
"2022-10-13",NA,0,0,NA,0,0,0,0,0,0,0,0,0,100,59.2,931,349.9,42.69,15.46,1.033,0,32.23,21,27.21,21.79,15.1,31.23,1.568,7.325
"2022-10-14",NA,0,0,NA,0,0,0,0,0,0,0,0,0,98.6,49.63,903,342.9,39.65,14.59,0.972,0,34.34,20.87,27.23,21.22,35.19,67.13,1.565,6.125
"2022-10-15",NA,0,0,NA,0,0,0,0,0,0,0,0,0,94.3,57.88,1150,223.8,46.23,10.85,0.709,0,28.38,18.8,23.9,19.2,166.8,37.49,1.357,5.375
"2022-10-16",NA,0,0,NA,0,0,0,0,0,0,0,0,0,97.1,58.44,1191,194.5,45.73,8.96,0.542,0,27.45,16.96,22.51,17.53,163,40.7,0.694,4.325
"2022-10-17",NA,0,0,NA,0,0,0,0,0,0,0,0,0,97,54.58,1098,280.9,46.73,12.75,0.861,0,29.35,17.21,24.94,17.76,24.9,68.42,1.191,5.225
"2022-10-18",NA,0,0,NA,0,0,0,0,0,0,0,0,0,100,60.28,1002,250.5,42.08,11.67,0.766,0,29.95,18.62,25.14,18.66,39.99,28.88,0.964,5.675
"2022-10-19",NA,0,0,NA,0,0,0,0,0,0,0,0,0,100,57.5,1153,283.9,47.14,13.42,0.887,0,29.64,18.96,25.43,19.37,44.34,28.84,0.953,5.45
"2022-10-20",NA,0,0,NA,0,0,0,0,0,0,0,0,0,100,63.71,1121,274.4,47.45,12.3,0.835,0,29.61,17.43,25.48,18.41,23.7,28.7,1.377,6.575
"2022-10-21",NA,0,0,NA,0,0,0,0,0,0,0,0,0,100,76.28,517.7,135.1,29.44,7.906,0.517,0,26.82,19.64,24.22,20.2,122,48.35,0.492,3.125
"2022-10-22",NA,0,0,NA,0,0,0,0,0,0,0,0,0,100,80.9,376.2,67.65,19.83,3.85,0.233,36.07,25.57,18.45,21.37,18.8,180.1,51.03,0.879,4.7
"2022-10-23",NA,0,0,NA,0,0,0,0,0,0,0,0,0,100,63.04,1441,318.1,65.35,15.78,1.03,0,28.09,18.67,23.86,18.91,146.8,58.6,1.126,4.925
"2022-10-24",NA,0,0,NA,0,0,0,0,0,0,0,0,0,100,68.26,1161,178.3,49.37,9.74,0.576,18.29,28.37,19.72,24.22,20.59,44.67,43.58,0.756,5
"2022-10-25",NA,0,0,NA,0,0,0,0,0,0,0,0,0,100,65.51,1380,354.1,59.07,16.89,1.108,7.874,30.27,19.47,25.9,19.79,32.31,27.57,1.47,6.5
"2022-10-26",NA,0,0,NA,0,0,0,0,0,0,0,0,0,100,64.53,1331,338,59.48,16.63,0.988,4.572,27.85,19.91,23.88,20.63,176,41.88,1.409,5.225
"2022-10-27",NA,0,0,NA,0,0,0,0,0,0,0,0,0,100,64.13,1060,203.2,51.09,10.73,0.65,0,29,19.25,24.15,20.04,325.5,81,0.795,3.8
"2022-10-28",NA,0,0,NA,0,0,0,0,0,0,0,0,0,100,66.74,1269,180.4,53.01,9.09,0.543,0.508,26.13,17.68,22.33,18.16,174.1,58.32,1.467,6.95
"2022-10-29",NA,0,0,NA,0,0,0,0,0,0,0,0,0,97.4,50.99,1377,406.2,64.54,19.58,1.327,0,26.56,16.06,23.32,16.3,77.65,61.25,1.304,6.125
"2022-10-30",NA,0,0,NA,0,0,0,0,0,0,0,0,0,99,55.16,1279,363.4,58.97,17.67,1.2,0,30.84,16.97,25.41,17.89,2.765,42.92,1.971,7.175
"2022-10-31",NA,0,0,NA,0,0,0,0,0,0,0,0,0,99.9,80.1,1435,214.9,65.45,11.6,0.682,7.112,24.56,18.1,21.74,18.82,177,28.65,1.319,7.55
"2022-11-01",NA,0,0,NA,0,0,0,0,0,0,0,0,0,99.7,74.97,596.8,127.6,33.79,7.655,0.543,1.778,23.34,16.55,20.12,17.23,182.5,19.83,0.711,3.65
"2022-11-02",NA,0,0,NA,0,0,0,0,0,0,0,0,0,99.8,54.75,1377,212.4,62.42,11.6,0.727,0,25.52,17.55,21.95,18.28,133.7,40,0.567,4.475
"2022-11-03",NA,2,1,NA,0,0,0,0,1,0,0,0,0,89.2,88.3,0,0,0,0,0,0,23.38,23.19,23.03,23,6.613,21.03,0.819,3.125
"2022-11-04",NA,0,0,NA,0,0,0,0,0,0,0,0,0,98.9,80.2,1311,233.7,57.66,12.59,0.496,0.254,26.99,22.17,25.32,22.16,22.96,23.8,1.903,5.525
"2022-11-05",NA,0,0,NA,0,0,0,0,0,0,0,0,0,100,61.89,1392,356.1,64.33,17.66,1.038,9.4,31.96,20.03,25.9,21.23,5.117,55.81,1.313,6.35
"2022-11-06",NA,0,0,NA,0,0,0,0,0,0,0,0,0,100,61.88,1469,340.5,65.35,16.89,1.17,0,28.34,19.51,24.55,20.02,161.3,37.9,0.945,5
"2022-11-07",NA,0,0,NA,0,0,0,0,0,0,0,0,0,99,61.25,1310,336.4,57.66,16.6,1.151,0,28.32,19.01,25.49,19.6,89.9,69.01,1.041,5.9
"2022-11-08",NA,0,0,NA,0,0,0,0,0,0,0,0,0,99.5,60.96,1347,255.4,62.11,13.21,0.794,0.254,31.47,22.55,26.81,23.32,20.13,23.25,1.459,4.7
"2022-11-09",NA,0,0,NA,0,0,0,0,0,0,0,0,0,100,60.7,1295,407.3,64.04,20.21,1.389,0,31.14,21.87,27.79,22.51,129.5,44.99,0.71,4.175
"2022-11-10",NA,0,0,NA,0,0,0,0,0,0,0,0,0,97.8,66.29,1441,263.7,67.88,13.52,0.842,0,28.04,20.34,24.86,21.08,169.6,32.18,1.225,4.475
"2022-11-11",NA,0,0,NA,0,0,0,0,0,0,0,0,0,100,72.62,914,160.9,43.2,8.97,0.594,0,26.71,19.3,24.46,20.34,74.81,56.84,1.191,4.55
"2022-11-12",NA,0,0,NA,0,0,0,0,0,0,0,0,0,98.1,67.11,1511,292,68.89,15.38,0.994,0,30,21.69,27.06,22.37,24.97,20.92,1.613,5.825
"2022-11-13",NA,0,0,NA,0,0,0,0,0,0,0,0,0,100,76.54,707.7,109,36.42,6.598,0.388,16,28.96,19.6,24.71,20,44.64,82,1.482,5.375
"2022-11-14",NA,0,0,NA,0,0,0,0,0,0,0,0,0,99.8,54.78,1402,372.4,65.25,18.77,1.211,0,27.48,17.55,22.74,17.79,179.3,37.11,1.506,5.3
"2022-11-15",NA,0,0,NA,0,0,0,0,0,0,0,0,0,99.5,53.48,1181,426.5,57.05,20.68,1.485,0,27.94,16.35,24.32,17.18,128.2,72.68,1.074,5.3
"2022-11-16",NA,0,0,NA,0,0,0,0,0,0,0,0,0,100,51.12,1064,411.2,52.4,19.76,1.375,0,31.3,16.59,26.13,18.19,35.83,35.56,1.058,6.05
"2022-11-17",NA,0,0,NA,0,0,0,0,0,0,0,0,0,99.2,56.56,1389,344.4,60.5,16.81,1.122,0,30.88,20.68,27.59,21.51,38.78,28.17,0.957,5.3
"2022-11-18",NA,0,0,NA,0,0,0,0,0,0,0,0,0,100,57.7,1287,393.7,59.38,18.99,1.306,1.778,31.42,20.16,28.03,21.15,20.92,29.24,1.757,7.025
"2022-11-19",NA,0,0,NA,0,0,0,0,0,0,0,0,0,99.3,69.11,1256,370.6,57.26,18.49,1.213,4.572,31.5,20.04,26.72,20.42,156.3,52.79,1.44,5.975
"2022-11-20",NA,0,0,NA,0,0,0,0,0,0,0,0,0,97.8,56.48,1422,378.2,66.06,17.78,1.211,0.254,26.66,16.14,22.12,16.89,170.7,39.03,1.548,7.175
"2022-11-21",NA,0,0,NA,0,0,0,0,0,0,0,0,0,92.4,47.43,1333,421.6,59.38,20.31,1.475,0,28.69,15.68,24.5,16.22,24.63,75.05,1.482,7.25
"2022-11-22",NA,0,0,NA,0,0,0,0,0,0,0,0,0,94.6,49.45,1160,413.7,53.82,19.76,1.341,0,30.13,17.58,25.99,18.19,14.77,41.68,1.848,6.875
"2022-11-23",NA,0,0,NA,0,0,0,0,0,0,0,0,0,98.8,50.6,1311,396.2,61.51,19.77,1.256,1.778,30.82,22.03,26.65,22.33,15.94,32.13,1.73,6.65
"2022-11-24",NA,0,0,NA,0,0,0,0,0,0,0,0,0,98.6,49.7,1061,409.5,53.01,19.94,1.443,0,32.47,21.53,28.09,21.83,20.08,34.79,1.945,7.85
"2022-11-25",NA,0,0,NA,0,0,0,0,0,0,0,0,0,97.9,56.68,1140,250,51.29,12.97,0.877,0,30.2,22.1,25.95,22.56,168.8,33.05,1.161,4.25
"2022-11-26",NA,0,0,NA,0,0,0,0,0,0,0,0,0,97.9,59.26,1462,273,66.16,14.67,0.894,0,30.18,21.11,25.76,21.8,172.6,32.49,0.994,4.4
"2022-11-27",NA,0,0,NA,0,0,0,0,0,0,0,0,0,100,71.39,1690,185,76.18,10.45,0.676,20.07,27,19,22.67,19.77,187.8,28.64,1.156,5.3
"2022-11-28",NA,0,0,NA,0,0,0,0,0,0,0,0,0,100,55.52,1524,369.5,69.4,18.41,1.202,0.508,27.38,19.03,23.46,19.24,168.9,37.04,1.289,5.45
"2022-11-29",NA,0,0,NA,0,0,0,0,0,0,0,0,0,97.6,55.38,1648,358.9,76.48,17.79,1.148,3.302,26.5,16.87,22.45,17.74,168.3,57.21,0.876,5
"2022-11-30",NA,0,0,NA,0,0,0,0,0,0,0,0,0,97.7,44.95,1393,406.6,63.84,19.97,1.414,0,28.2,15.99,24.49,17.06,98.1,46.02,1.189,6.125
"2022-12-01",NA,0,0,NA,0,0,0,0,0,0,0,0,0,98.6,60.47,1463,389.1,67.98,18.76,1.267,0,28.91,16.91,25.22,18.3,41.87,59.46,1.347,6.725
"2022-12-02",NA,0,0,NA,0,0,0,0,0,0,0,0,0,100,44.49,1120,429.8,55.43,20.87,1.528,0,32.27,16.38,26.73,17.86,13.42,31.91,1.891,7.625
"2022-12-03",NA,0,0,NA,0,0,0,0,0,0,0,0,0,99.9,65.92,1434,299.1,66.77,15.76,0.958,14.22,28.43,21.15,24.57,21.89,167.2,32.47,1.346,6.05
"2022-12-04",NA,0,0,NA,0,0,0,0,0,0,0,0,0,99.4,62.96,1479,280.4,66.06,14.17,0.891,1.524,29.5,19.5,25.47,20.33,121.8,68.16,1.31,5.225
"2022-12-05",NA,0,0,NA,0,0,0,0,0,0,0,0,0,100,70.43,1383,279.9,64.34,14.33,0.711,16.51,33.24,20.68,26.27,21.99,28.15,52.86,1.067,5.525
"2022-12-06",NA,0,0,NA,0,0,0,0,0,0,0,0,0,97.9,68.1,1588,203.8,75.27,11.25,0.759,0,27.39,20.27,23.67,20.3,169.6,21.43,1.156,5
"2022-12-07",NA,0,0,NA,0,0,0,0,0,0,0,0,0,100,75.91,1321,292.8,69.6,14.79,0.982,1.524,29.12,19.74,25.96,20.72,97.5,60.23,0.981,5.3
"2022-12-08",NA,0,0,NA,0,0,0,0,0,0,0,0,0,100,64.94,1233,404.3,60.19,20.17,1.336,0,32.19,23.62,28.79,23.79,43.25,23.5,1.451,7.325
"2022-12-09",NA,0,0,NA,0,0,0,0,0,0,0,0,0,100,64.32,1468,371.5,70.82,18.53,1.238,0.508,30.57,21.42,27.86,22.69,80.1,14.74,1.089,5.6
"2022-12-10",NA,0,0,NA,0,0,0,0,0,0,0,0,0,100,57.88,1435,407.2,68.39,20.39,1.396,0,31.46,20.46,28.04,21.95,42.69,20.44,1.379,6.95
"2022-12-11",NA,0,0,NA,0,0,0,0,0,0,0,0,0,100,65.15,1322,338.8,63.53,17.63,1.212,0,30.4,21.66,28.48,22.66,75.61,16.03,1.37,5.675
"2022-12-12",NA,0,0,NA,0,0,0,0,0,0,0,0,0,95.9,64.83,1433,314.5,64.95,15.75,1.096,0,30.1,23.14,27.79,23.14,79.16,18.38,1.715,6.125
"2022-12-13",NA,0,0,NA,0,0,0,0,0,0,0,0,0,98.2,64.7,1605,359.5,74.46,18.64,1.238,0,30.48,22.05,28.28,22.24,69.91,15.43,1.304,6.275
"2022-12-14",NA,0,0,NA,0,0,0,0,0,0,0,0,0,99.4,60.17,1458,385.9,66.97,19.22,1.381,0,32.46,22.77,29.57,23.5,36.3,23.01,1.597,7.325
"2022-12-15",NA,0,0,NA,0,0,0,0,0,0,0,0,0,100,64.24,1501,348.8,67.98,17.42,1.137,0,33.6,23.43,30.22,24.39,52.85,32.58,1.044,5.075
"2022-12-16",NA,0,0,NA,0,0,0,0,0,0,0,0,0,100,57.82,1357,396,65.35,19.85,1.37,0,33.43,22.64,30.63,23.88,40.79,23.67,1.69,6.5
"2022-12-17",NA,0,0,NA,0,0,0,0,0,0,0,0,0,100,46,1278,375.2,58.68,18.91,0.942,31.5,37.59,22.62,28.05,23.37,322,76.61,1.019,6.425
"2022-12-18",NA,0,0,NA,0,0,0,0,0,0,0,0,0,97.6,70.4,1375,288.2,66.97,14.95,1.053,0.254,28.84,21.65,25.94,21.96,176.9,32.01,1.293,5.45
"2022-12-19",NA,0,0,NA,0,0,0,0,0,0,0,0,0,96.5,56.87,1382,394.1,66.57,19.6,1.398,0,29.99,19.22,26.9,19.79,155,52.81,1.122,6.5
"2022-12-20",NA,0,0,NA,0,0,0,0,0,0,0,0,0,100,65.66,1422,243.5,61.1,13.59,0.906,4.572,27.78,19.61,25.08,20.81,170.8,31.32,0.897,5.3
"2022-12-21",NA,0,0,NA,0,0,0,0,0,0,0,0,0,99.1,58.96,1231,239,56.45,13.13,0.896,2.032,26.82,18.85,22.97,19.63,174.5,32.53,1.408,5.45
"2022-12-22",NA,0,0,NA,0,0,0,0,0,0,0,0,0,97.4,37.77,1296,443.7,58.37,21.15,1.507,0.508,28.4,17.1,25.07,18.86,122.7,61.44,1.102,5.45
"2022-12-23",NA,0,0,NA,0,0,0,0,0,0,0,0,0,98.5,57.07,1564,392.6,68.29,19.17,1.385,0,30.05,16.67,25.79,18.37,20.13,34.59,1.716,7.4
"2022-12-24",NA,0,0,NA,0,0,0,0,0,0,0,0,0,97.1,59.31,1404,413.2,63.13,19.86,1.428,0,29.51,19.34,27.33,20.88,18.77,31.6,1.839,7.475
"2022-12-25",NA,0,0,NA,0,0,0,0,0,0,0,0,0,99.8,56.12,1347,285.5,61.31,14.09,0.914,3.302,31.93,21.04,26.25,21.93,164.3,81.1,1.453,5.6
"2022-12-26",NA,0,0,NA,0,0,0,0,0,0,0,0,0,100,70.84,1510,259.2,67.98,14.2,0.802,21.34,27.78,19.94,24.34,21.05,175.2,29.43,0.949,3.95
"2022-12-27",NA,0,0,NA,0,0,0,0,0,0,0,0,0,100,61.96,1555,317.6,72.64,16.93,1.165,1.524,30.28,20.76,26.37,21.63,143.3,48.69,0.805,5.15
"2022-12-28",NA,0,0,NA,0,0,0,0,0,0,0,0,0,100,63.65,1543,366.1,68.19,17.91,1.293,0,31.14,20.28,28.22,21.86,31.04,23.58,1.38,5.825
"2022-12-29",NA,0,0,NA,0,0,0,0,0,0,0,0,0,98.3,62.71,1398,396,65.35,19.66,1.32,2.286,32.09,21.24,28.64,21.84,31.88,55.49,2.055,6.2
"2022-12-30",NA,0,0,NA,0,0,0,0,0,0,0,0,0,99.9,85.9,731.2,99.9,43.8,6.574,0.385,8.13,21.8,18.27,20.74,18.97,183.9,32.98,1.827,6.65
"2022-12-31",NA,0,0,NA,0,0,0,0,0,0,0,0,0,98.4,63.34,1486,340.3,70.41,17.93,1.133,0,28.18,17.88,23.76,18.46,175,35.59,1.079,5.075
"2023-01-01",NA,0,0,NA,0,0,0,0,0,0,0,0,0,96.2,56.35,1190,266.9,57.66,14.18,1.055,0,27.26,18.09,24.49,19.29,159.2,49.81,0.875,4.925
"2023-01-02",NA,0,0,NA,0,0,0,0,0,0,0,0,0,98.1,50.86,1110,432.5,57.36,21.45,1.585,0,29.83,16.36,26.9,18.19,82.5,55.27,1.256,5.6
"2023-01-03",NA,0,0,NA,0,0,0,0,0,0,0,0,0,100,52.25,1264,431.6,64.75,21.52,1.54,0,31.31,21.04,28.69,22.4,51.23,28.67,1.227,6.425
"2023-01-04",NA,0,0,NA,0,0,0,0,0,0,0,0,0,100,56.62,1346,395,59.28,19.3,1.394,0,32.53,20.44,29,21.89,35.21,39.59,1.306,6.2
"2023-01-05",NA,0,0,NA,0,0,0,0,0,0,0,0,0,99.7,69.23,1445,285.8,65.35,15.07,0.844,1.016,31.23,23.71,27.42,24.5,164.3,30.41,0.632,4.025
"2023-01-06",NA,0,0,NA,0,0,0,0,0,0,0,0,0,100,79.79,1035,176.6,57.36,10.69,0.648,76.2,24.55,18.73,22.27,19.37,185.9,36.51,1.597,6.35
"2023-01-07",NA,0,0,NA,0,0,0,0,0,0,0,0,0,100,64.01,1502,359.9,72.03,18.23,1.191,2.286,26.2,17.15,21.84,17.43,181.5,41.64,1.81,5.975
"2023-01-08",NA,0,0,NA,0,0,0,0,0,0,0,0,0,99.8,52.16,1598,405,74.66,20.03,1.419,0,28.92,16.57,24.46,17.27,163.2,47.54,0.917,5.225
"2023-01-09",NA,0,0,NA,0,0,0,0,0,0,0,0,0,100,54.42,1289,428.1,61.41,21.04,1.546,0,30.37,16,26.37,18.24,23.86,36.83,1.331,6.95
"2023-01-10",NA,0,0,NA,0,0,0,0,0,0,0,0,0,100,64.93,1545,369.6,68.59,18.05,1.292,0,30.63,18.57,26.57,20.45,41.67,31.85,1.283,6.875
"2023-01-11",NA,0,0,NA,0,0,0,0,0,0,0,0,0,100,56.34,1363,437.2,64.75,21.4,1.564,0,30.65,18.55,26.76,19.26,69.46,26.65,0.967,5.3
"2023-01-12",NA,0,0,NA,0,0,0,0,0,0,0,0,0,100,47.1,1335,437.6,61.1,20.97,1.539,0,31.34,17.87,26.86,18.4,72.58,36.68,0.803,5.225
"2023-01-13",NA,0,0,NA,0,0,0,0,0,0,0,0,0,100,63.4,1430,408,68.39,19.84,1.367,0,31.69,20.69,27.88,21.35,54.34,45.75,1.237,6.575
"2023-01-14",NA,0,0,NA,0,0,0,0,0,0,0,0,0,100,59.87,1325,417.8,61.41,20.78,1.456,0,32.52,21.79,28.62,21.99,39.64,27.9,1.283,6.275
"2023-01-15",NA,0,0,NA,0,0,0,0,0,0,0,0,0,100,57.81,1350,425,64.95,20.99,1.471,0,33,21.15,28.67,21.43,56.88,25.55,1.279,6.275
"2023-01-16",NA,0,0,NA,0,0,0,0,0,0,0,0,0,100,58.82,1277,425.7,62.32,21.1,1.491,0,32.64,21.59,28.7,22.67,79.49,35.3,1.188,6.2
"2023-01-17",NA,0,0,NA,0,0,0,0,0,0,0,0,0,100,54.1,1341,421.4,63.33,20.76,1.491,0,32.48,20.63,28.75,21.21,45.59,27.33,1.28,6.05
"2023-01-18",NA,0,0,NA,0,0,0,0,0,0,0,0,0,100,61.76,1312,411,63.43,20.4,1.444,0,34.49,22.15,29.63,22.74,24.21,28.17,1.57,6.2
"2023-01-19",NA,0,0,NA,0,0,0,0,0,0,0,0,0,100,55.82,1201,389.5,60.6,19.43,1.424,0,35.48,23.2,30.06,23.43,24.8,27.64,1.452,6.8
"2023-01-20",NA,0,0,NA,0,0,0,0,0,0,0,0,0,100,59.99,1182,336.7,57.87,16.82,1.229,0,33.83,21.87,28.88,22.71,47.55,29.45,0.969,5
"2023-01-21",NA,0,0,NA,0,0,0,0,0,0,0,0,0,100,56.5,1162,423.4,56.65,20.7,1.463,0,33.36,21.62,28.86,22.09,80.4,56.76,1.155,5.975
"2023-01-22",NA,0,0,NA,0,0,0,0,0,0,0,0,0,100,53.47,1232,422.8,58.88,20.63,1.48,0,33.54,19.36,28.73,20.42,56.18,38.31,1.199,5.525
"2023-01-23",NA,0,0,NA,0,0,0,0,0,0,0,0,0,98.9,59.12,1314,396,62.42,19.39,1.359,0,33.21,22.22,28.57,23.02,110.1,49.57,1.3,6.5
"2023-01-24",NA,0,0,NA,0,0,0,0,0,0,0,0,0,99.7,47.89,1268,424,58.98,20.79,1.508,0,34.67,22.23,29.48,22.57,38.33,45.19,1.339,6.95
"2023-01-25",NA,0,0,NA,0,0,0,0,0,0,0,0,0,99.9,58.38,1427,328.3,67.78,16.31,1.079,3.048,33.21,22.33,27.53,22.91,174.6,36.24,1.3,6.275
"2023-01-26",NA,0,0,NA,0,0,0,0,0,0,0,0,0,100,58.66,1501,358.2,71.32,17.99,1.14,7.62,30.91,22.27,26.64,22.77,164,41.92,0.978,5.075
"2023-01-27",NA,0,0,NA,0,0,0,0,0,0,0,0,0,100,46.25,1413,407.3,65.96,20.34,1.383,4.318,31.96,21.05,26.97,22.19,148.9,52.82,0.842,4.775
"2023-01-28",NA,0,0,NA,0,0,0,0,0,0,0,0,0,99.1,54.36,1158,419.4,56.65,20.89,1.504,0,32.66,20.83,27.96,21.66,103.2,65.62,1.115,5.75
"2023-01-29",NA,0,0,NA,0,0,0,0,0,0,0,0,0,99.4,60.24,1399,266.7,67.98,14.37,0.858,0.762,29.73,20,24.92,20.6,181.3,38.76,1.609,6.575
"2023-01-30",NA,0,0,NA,0,0,0,0,0,0,0,0,0,100,62.72,1512,290.8,66.77,15.04,0.934,1.524,29.1,19.6,24.57,19.98,166.9,44.47,1,5.075
"2023-01-31",NA,0,0,NA,0,0,0,0,0,0,0,0,0,100,69.61,1475,337.3,70.82,17.03,1.035,2.794,30.4,22.47,26.23,23.04,68.59,40.81,1.554,5.6
"2023-02-01",NA,0,0,NA,0,0,0,0,0,0,0,0,0,98.2,62.36,1408,223,69.1,12.39,0.707,0.508,30.85,23.8,26.31,24.09,7.01,30.69,1.147,5
"2023-02-02",NA,0,0,NA,0,0,0,0,0,0,0,0,0,97.6,54.05,1337,369.7,61.71,18.58,1.216,0,33.19,22.95,27.71,23.05,18.41,37.23,1.322,6.65
"2023-02-03",NA,0,0,NA,0,0,0,0,0,0,0,0,0,100,71.44,1480,229.3,62.72,12.75,0.66,15.49,29.99,22.26,25.64,22.77,62.9,45.78,0.596,4.55
"2023-02-04",NA,0,0,NA,0,0,0,0,0,0,0,0,0,100,59.02,1469,396.6,69.4,19.6,1.354,0.762,31.17,20.98,26.54,21.5,164.7,40.19,0.937,5.225
"2023-02-05",NA,0,0,NA,0,0,0,0,0,0,0,0,0,100,54.25,1197,411.9,61.71,20.73,1.38,2.286,31.4,21.47,26.69,22.03,142.6,45.39,0.76,5
"2023-02-06",NA,0,0,NA,0,0,0,0,0,0,0,0,0,100,69.67,1509,373.6,73.04,19.07,1.191,18.54,30.61,21.76,26.13,22.23,174.8,38.79,1.074,5.975
"2023-02-07",NA,0,0,NA,0,0,0,0,0,0,0,0,0,100,66.79,1422,391.1,68.79,19.67,1.261,6.096,31.61,22.35,27.07,22.83,70.06,50.38,0.969,5.525
"2023-02-08",NA,0,0,NA,0,0,0,0,0,0,0,0,0,100,76.81,1390,177,67.98,10.13,0.568,53.59,29.76,23.12,25.51,23.72,140,45.03,0.428,4.25
"2023-02-09",NA,0,0,NA,0,0,0,0,0,0,0,0,0,100,79.31,1402,194.1,67.58,11.14,0.628,72.64,29.24,22.78,25.43,23.06,173.9,37.73,0.438,3.575
"2023-02-10",NA,0,0,NA,0,0,0,0,0,0,0,0,0,100,87.9,1611,215.6,78.5,12.2,0.672,65.02,27.45,23.06,24.79,23.36,176.3,37.43,1.188,5.225
"2023-02-11",NA,0,0,NA,0,0,0,0,0,0,0,0,0,100,93,279.2,63.49,19.83,4.357,0.251,141.2,26.99,21.94,24.14,22.07,81.7,78.69,1.558,5.9
"2023-02-12",NA,0,0,NA,0,0,0,0,0,0,0,0,0,100,72.82,1434,315.1,67.98,16.07,1.011,10.16,31.51,24.15,27.02,24.06,28.24,24.27,1.453,6.425
"2023-02-13",NA,0,0,NA,0,0,0,0,0,0,0,0,0,100,67.13,1337,406.1,64.54,20.32,1.375,0,32.72,23.53,28.54,24.16,46.32,22.86,1.326,5.75
"2023-02-14",NA,0,0,NA,0,0,0,0,0,0,0,0,0,100,62.93,1381,373.8,66.67,18.83,1.257,0,32.01,23.16,28.1,23.61,80.5,39.65,0.904,4.925
"2023-02-15",NA,0,0,NA,0,0,0,0,0,0,0,0,0,100,62,1376,381.2,63.53,18.9,1.29,0.254,33.64,23.43,29.08,24.22,26.08,25.1,1.282,5.6
"2023-02-16",NA,0,0,NA,0,0,0,0,0,0,0,0,0,100,53.53,1255,381.9,61.51,18.97,1.153,1.778,35.17,23.29,28.55,23.92,343.6,71.37,1.067,6.2
"2023-02-17",NA,0,0,NA,0,0,0,0,0,0,0,0,0,100,69.34,1317,184.5,67.17,10.84,0.66,2.286,31.33,23.03,25.91,23.41,168.2,47.55,0.613,4.325
"2023-02-18",NA,0,0,NA,0,0,0,0,0,0,0,0,0,100,59.6,1444,392.3,68.19,19.91,1.275,0,32.82,22.25,27.96,22.82,71.8,64.65,0.773,5
"2023-02-19",NA,0,0,NA,0,0,0,0,0,0,0,0,0,99.9,68.97,1357,366.7,66.16,19.02,1.245,0,31.75,22.94,28.49,23.54,86.3,55.97,0.858,4.85
"2023-02-20",NA,0,0,NA,0,0,0,0,0,0,0,0,0,100,51.34,1112,381.5,57.06,19.58,1.262,0,36.39,24.14,30.67,24.74,354,27.66,1.692,7.25
"2023-02-21",NA,0,0,NA,0,0,0,0,0,0,0,0,0,96.4,63.58,1345,360.1,65.25,18.02,1.071,1.016,31.24,21.3,27.14,22,162.7,58.63,1.675,6.725
"2023-02-22",NA,0,0,NA,0,0,0,0,0,0,0,0,0,97.7,59.64,1409,336.5,65.96,17.2,1.103,0.254,29.96,19.86,25,20.34,171.7,40.35,0.989,4.4
"2023-02-23",NA,0,0,NA,0,0,0,0,0,0,0,0,0,98,45.75,1238,413.5,61.41,20.2,1.373,0,31.32,19.09,26.21,19.88,142.6,41.72,0.696,4.55
"2023-02-24",NA,0,0,NA,0,0,0,0,0,0,0,0,0,100,54.57,1365,361.8,64.34,18.34,1.242,0,32.66,18.94,27.56,19.72,108,66.95,0.958,4.775
"2023-02-25",NA,0,0,NA,0,0,0,0,0,0,0,0,0,100,65.43,1343,319,65.56,16.4,1.081,0.254,32.91,23.21,28.65,23.62,148.7,37.23,0.834,4.775
"2023-02-26",NA,0,0,NA,0,0,0,0,0,0,0,0,0,100,84.1,977,146.2,45.42,8.79,0.542,25.15,28.35,22.11,24.73,22.53,149.5,44.93,1.319,5.225
"2023-02-27",NA,0,0,NA,0,0,0,0,0,0,0,0,0,100,65.84,1381,351.1,65.96,17.89,1.126,3.81,31.1,22.23,27.32,22.72,99.3,59.5,0.974,5
"2023-02-28",NA,0,0,NA,0,0,0,0,0,0,0,0,0,100,72.44,725.4,174.7,38.85,10.47,0.713,5.08,28.32,22.15,25.59,23.04,23.85,41.45,0.536,4.925
"2023-03-01",NA,0,0,NA,0,0,0,0,0,0,0,0,0,100,67.68,1529,364.1,69.8,18.02,1.172,2.794,31.24,21.53,26.85,21.97,160.8,41.7,0.914,4.55
"2023-03-02",NA,0,0,NA,0,0,0,0,0,0,0,0,0,100,67.9,1201,238.3,58.27,13.49,0.815,8.13,28.22,21.64,24.93,22.14,175.4,33.89,1.033,5.225
"2023-03-03",NA,0,0,NA,0,0,0,0,0,0,0,0,0,100,52.3,1139,394.2,55.03,19.73,1.31,0.254,30.33,20.32,26.44,21.32,149.9,46.53,0.724,4.475
"2023-03-04",NA,0,0,NA,0,0,0,0,0,0,0,0,0,100,60,1323,370.9,59.38,18.22,1.131,0,31.33,19.78,27.12,21.13,76.13,38.02,1.107,6.05
"2023-03-05",NA,0,0,NA,0,0,0,0,0,0,0,0,0,99.9,62.07,1302,277.2,57.46,14.41,0.927,0,30.36,22.98,27.64,24.07,51.1,22.54,0.734,5.075
"2023-03-06",NA,0,0,NA,0,0,0,0,0,0,0,0,0,100,72.21,1143,156.8,52.61,9.02,0.596,0,29.42,22.01,26.32,22.85,38.58,15.33,0.684,4.175
"2023-03-07",NA,0,0,NA,0,0,0,0,0,0,0,0,0,99.1,64.8,1291,289.4,59.69,14.58,0.944,0,30.59,20.84,26.14,21.29,162.9,30.97,0.613,4.25
"2023-03-08",NA,0,0,NA,0,0,0,0,0,0,0,0,0,100,56.6,1210,389.8,57.06,19.13,1.291,0,31.3,20.42,27.28,20.22,81.7,46.07,0.883,5.225
"2023-03-09",NA,0,0,NA,0,0,0,0,0,0,0,0,0,100,66.55,1247,374,57.66,18.3,1.211,0,32.6,20.04,28.19,21.02,46.66,31.95,0.901,5.825
"2023-03-10",NA,0,0,NA,0,0,0,0,0,0,0,0,0,100,67.94,1255,353.1,59.69,17.54,1.112,0,32.34,22.4,28.36,23.14,100.3,37.92,0.777,4.85
"2023-03-11",NA,0,0,NA,0,0,0,0,0,0,0,0,0,100,61.34,1236,373.3,58.07,18.6,1.239,0,33.11,21.68,28.19,22.28,21.88,30.67,1.09,5.75
"2023-03-12",NA,0,0,NA,0,0,0,0,0,0,0,0,0,100,71.63,1358,229.6,65.76,12.54,0.695,2.794,29.88,21.85,25.27,22.45,184.2,34.51,1.175,5.675
"2023-03-13",NA,0,0,NA,0,0,0,0,0,0,0,0,0,100,66.75,1308,367.2,63.33,17.98,1.12,2.54,31.08,21.45,26.04,21.71,168.5,39.36,0.932,4.85
"2023-03-14",NA,0,0,NA,0,0,0,0,0,0,0,0,0,100,53.9,1177,361.6,56.45,17.78,1.089,2.032,31.41,21.21,26.58,21.73,139.8,49.83,0.729,4.925
"2023-03-15",NA,0,0,NA,0,0,0,0,0,0,0,0,0,100,56.03,1125,371.3,55.24,18.59,1.197,3.556,30.99,21.16,26.92,21.81,128.4,54.91,0.802,5.975
"2023-03-16",NA,0,0,NA,0,0,0,0,0,0,0,0,0,99.5,53.97,1166,364.7,56.25,18.08,1.169,0,31.58,20.36,26.34,20.67,167.4,43.21,0.676,4.25
"2023-03-17",NA,0,0,NA,0,0,0,0,0,0,0,0,0,99.4,54.1,1223,408.1,58.58,20.23,0.816,0,32.13,21.32,29.72,22.65,73.35,26.22,1.094,4.925
"2023-03-18",NA,0,0,NA,0,0,0,0,0,0,0,0,0,100,55.96,990,343.8,47.75,16.87,1.112,0,33.27,19.54,27.26,20.61,10.07,27.04,1.084,5.15
"2023-03-19",NA,0,0,NA,0,0,0,0,0,0,0,0,0,100,49.72,923,350.5,47.35,17.43,1.166,0,35.41,22.75,28.72,22.8,31.55,26.09,0.953,5
"2023-03-20",NA,0,0,NA,0,0,0,0,0,0,0,0,0,100,51.96,1166,349.6,51.19,17.23,1.115,0,32.8,21.97,28.33,22.39,31.44,20.93,1.036,5.75
"2023-03-21",NA,0,0,NA,0,0,0,0,0,0,0,0,0,100,55.94,1167,351.9,50.79,17.11,1.117,0,32.39,20.4,26.77,20.71,8.58,33.63,1.111,5.45
"2023-03-22",NA,0,0,NA,0,0,0,0,0,0,0,0,0,100,56.86,1152,312.2,50.99,14.93,0.975,0,32.82,18.47,26.28,19.58,46.98,50.34,0.71,4.55
"2023-03-23",NA,0,0,NA,0,0,0,0,0,0,0,0,0,100,54.42,1128,328.3,52.51,16.27,1.049,0,32.13,20.7,27.01,21.05,100.1,40.86,0.702,4.625
"2023-03-24",NA,0,0,NA,0,0,0,0,0,0,0,0,0,100,51.33,1104,342.2,52.81,16.72,1.059,0,31.67,20.84,27.09,21.61,47.95,30.04,0.898,5.75
"2023-03-25",NA,0,0,NA,0,0,0,0,0,0,0,0,0,99.5,62.8,1179,207.4,52.91,11.05,0.677,0,30.87,21.62,25.94,22.49,19.04,37.44,1.059,7.325
"2023-03-26",NA,0,0,NA,0,0,0,0,0,0,0,0,0,98.7,46.95,1216,317.4,56.35,15.45,0.972,0,35.51,22.05,27.4,22.5,319.1,96,1.918,6.35
"2023-03-27",NA,0,0,NA,0,0,0,0,0,0,0,0,0,100,65.38,1230,259.6,61.92,13.62,0.773,7.62,25.2,17.58,21.38,18.21,174.9,44.94,1.529,6.05
"2023-03-28",NA,0,0,NA,0,0,0,0,0,0,0,0,0,95.4,35.62,997,351.3,46.13,16.75,1.084,0,29.51,15.19,23.06,15.93,342.1,76.65,1.117,6.05
"2023-03-29",NA,0,0,NA,0,0,0,0,0,0,0,0,0,96.8,33.8,1054,310.3,47.96,15.19,0.968,0,36.38,18.29,25.86,19.04,346.2,86.4,1.363,4.775
"2023-03-30",NA,0,0,NA,0,0,0,0,0,0,0,0,0,98.2,65.14,1191,256,53.01,13.04,0.775,0,28.98,19.88,24.04,20.5,175.6,42.22,1.241,3.875
"2023-03-31",NA,0,0,NA,0,0,0,0,0,0,0,0,0,100,82.1,764,137,39.46,7.717,0.458,3.302,26.08,19.3,22.28,19.91,185.8,33.08,0.718,3.575
"2023-04-01",NA,0,0,NA,0,0,0,0,0,0,0,0,0,100,62.73,1147,257.9,46.74,12.55,0.826,0,29,19.04,24.35,19.64,77.78,40.38,0.788,4.85
"2023-04-02",NA,0,0,NA,0,0,0,0,0,0,0,0,0,99.9,61.1,1053,306.5,46.64,14.5,0.913,0,30.83,20.36,25.83,21.03,28.32,30.27,0.953,5.075
"2023-04-03",NA,0,0,NA,0,0,0,0,0,0,0,0,0,100,56.65,944,316.8,43,15.12,0.967,20.57,32.13,19.37,26.09,20.28,353.7,56.64,1.718,6.725
"2023-04-04",NA,0,0,NA,0,0,0,0,0,0,0,0,0,100,64.31,1017,254.8,48.16,12.55,0.784,0,28.04,19.4,23.08,19.74,177.9,42.52,1.241,5
"2023-04-05",NA,0,0,NA,0,0,0,0,0,0,0,0,0,98.2,55.39,1060,329.2,49.27,16.03,1.031,0,28.58,17.09,23.07,17.7,182,41.28,1.023,4.85
"2023-04-06",NA,0,0,NA,0,0,0,0,0,0,0,0,0,99.6,65.3,1164,283.5,53.42,14.14,0.852,0.762,28.83,17.97,22.44,18.55,182.8,39.41,0.945,4.325
"2023-04-07",NA,0,0,NA,0,0,0,0,0,0,0,0,0,100,52.63,1097,320.3,48.97,15.53,0.986,0,31.82,17.4,24.28,17.97,176.9,64.87,0.851,3.95
"2023-04-08",NA,0,0,NA,0,0,0,0,0,0,0,0,0,100,66.28,1111,294,48.16,13.97,0.88,0,30.68,18.9,24.63,19.18,157.2,39.48,0.55,3.95
"2023-04-09",NA,0,0,NA,0,0,0,0,0,0,0,0,0,100,63.83,964,273.1,40.06,12.67,0.786,0,32.48,18.29,26.03,19.66,19.33,27.77,1.173,6.125
"2023-04-10",NA,0,0,NA,0,0,0,0,0,0,0,0,0,100,60.44,1244,227.4,54.43,11.33,0.581,0,32.93,22.17,26.56,22.82,329.8,67.01,0.797,4.25
"2023-04-11",NA,0,0,NA,0,0,0,0,0,0,0,0,0,99.1,64.46,1138,295.8,51.5,14.22,0.858,0,27.88,19.1,23.97,19.65,167,43.02,1.121,5.75
"2023-04-12",NA,0,0,NA,0,0,0,0,0,0,0,0,0,98,59.35,1084,264.9,46.94,12.51,0.796,0,28.2,17.12,23.27,17.72,75.04,82.4,1.103,5.375
"2023-04-13",NA,0,0,NA,0,0,0,0,0,0,0,0,0,99.9,43.58,820,307,39.96,14.58,0.927,0,33.95,19.02,25.9,19.29,3.14,35.59,1.791,5.45
"2023-04-14",NA,0,0,NA,0,0,0,0,0,0,0,0,0,89.5,48.53,883,278.2,38.65,11.84,0.739,0,30.82,21.9,25.37,21.34,91.9,96.2,1.812,6.5
"2023-04-15",NA,0,0,NA,0,0,0,0,0,0,0,0,0,97.8,53.4,965,280.8,42.29,12.98,0.798,0,26.96,15.04,22.1,15.91,168.7,48.65,1.134,5.3
"2023-04-16",NA,0,0,NA,0,0,0,0,0,0,0,0,0,98.8,45.59,910,300.8,41.08,14.04,0.903,0,29.05,16.01,22.06,16.34,171.7,74.28,0.796,4.625
"2023-04-17",NA,0,0,NA,0,0,0,0,0,0,0,0,0,100,49.7,808,300.9,39.46,14.27,0.906,0,30.18,13.87,22.62,14.67,356.5,30.2,1.038,5.9
"2023-04-18",NA,0,0,NA,0,0,0,0,0,0,0,0,0,100,47.77,811,301.4,39.05,13.76,0.861,0,30.94,17.31,23.56,17.64,357,34.81,1.07,4.7
"2023-04-19",NA,0,0,NA,0,0,0,0,0,0,0,0,0,100,50.61,992,301.6,42.49,13.99,0.883,0,30.67,15.29,22.98,15.43,11.55,28.46,0.884,5.3
"2023-04-20",NA,0,0,NA,0,0,0,0,0,0,0,0,0,100,48.77,806,301.3,38.45,13.91,0.875,0,30.48,14.83,23.11,15.28,4.524,28.63,1.185,6.05
"2023-04-21",NA,0,0,NA,0,0,0,0,0,0,0,0,0,94.7,58.78,819,277.6,37.33,13.13,0.808,0,28,17.28,22.89,17.18,183.2,69.92,1.319,5.825
"2023-04-22",NA,0,0,NA,0,0,0,0,0,0,0,0,0,100,65.77,1000,206.5,40.87,10.04,0.605,0,28.37,17.19,23.33,17.71,42.78,78.26,1.013,4.625
"2023-04-23",NA,0,0,NA,0,0,0,0,0,0,0,0,0,100,56.25,979,276,42.49,13.21,0.826,0,29.79,17.88,23.65,18.09,169.8,46.23,0.962,4.475
"2023-04-24",NA,0,0,NA,0,0,0,0,0,0,0,0,0,100,52.48,767.2,286.9,38.04,13.94,0.874,0,30.39,15.06,23.57,15.45,21.87,50.26,0.816,5.375
"2023-04-25",NA,0,0,NA,0,0,0,0,0,0,0,0,0,100,63.58,985,204,42.09,9.53,0.581,0,29.23,17.14,23.49,17.19,24.2,34.13,0.584,3.95
"2023-04-26",NA,0,0,NA,0,0,0,0,0,0,0,0,0,100,65.05,885,181.8,35.01,8.57,0.521,0,29.46,19.7,24.33,19.81,26,31.68,0.856,5.375
"2023-04-27",NA,0,0,NA,0,0,0,0,0,0,0,0,0,100,55.94,743.8,269.6,35.61,12.69,0.791,0,31.88,19.26,25.51,19.23,0.929,32.35,1.638,6.5
"2023-04-28",NA,0,0,NA,0,0,0,0,0,0,0,0,0,100,80,555.9,75.36,20.23,4.114,0.244,0.254,26.57,20.02,23.22,19.84,75.2,44.46,0.479,3.875
"2023-04-29",NA,0,0,NA,0,0,0,0,0,0,0,0,0,100,57.81,751.8,259.5,36.02,12.3,0.735,0,31.59,21.59,25.77,21.24,23.49,63.02,0.984,5.375
"2023-04-30",NA,0,0,NA,0,0,0,0,0,0,0,0,0,100,70.91,1102,180.5,46.24,9.68,0.533,3.048,27.28,18.91,22.82,19.67,177,40.27,1.037,5.6
"2023-05-01",NA,0,0,NA,0,0,0,0,0,0,0,0,0,100,61.76,1050,223.2,41.89,10.89,0.665,0.254,28.26,16.93,22.74,17.61,354.2,59.25,0.882,4.7
"2023-05-02",NA,0,0,NA,0,0,0,0,0,0,0,0,0,100,47.46,708,258.4,34.3,12.09,0.743,0,32.72,21.07,25.37,21.1,14.57,36.59,0.953,4.55
"2023-05-03",NA,0,0,NA,0,0,0,0,0,0,0,0,0,100,79.78,722.9,120.6,29.74,6.316,0.383,0,27.22,20.04,24.22,20.19,156.9,30.01,0.312,3.725
"2023-05-04",NA,0,0,NA,0,0,0,0,0,0,0,0,0,100,56.99,705.2,262.5,34.1,12.38,0.758,1.27,30.38,18.53,23.91,19.04,348,43.13,1.474,6.95
"2023-05-05",NA,0,0,NA,0,0,0,0,0,0,0,0,0,100,62.27,918,244.6,36.83,11.32,0.687,0,28.96,18.03,22.7,18.19,78.55,47.88,0.572,4.775
"2023-05-06",NA,0,0,NA,0,0,0,0,0,0,0,0,0,100,52.23,884,254.7,35.61,11.82,0.71,0,31.17,16.97,24.26,17.44,5.751,27.63,1.099,5.525
"2023-05-07",NA,0,0,NA,0,0,0,0,0,0,0,0,0,100,54.83,822,228.7,34.1,10.72,0.615,0,30.65,20.08,24.51,20.31,174.5,52.34,0.741,4.325
"2023-05-08",NA,0,0,NA,0,0,0,0,0,0,0,0,0,100,92.1,157.2,42.1,10.42,2.838,0.178,3.048,21.63,18.11,20.59,18.57,197.2,31.54,0.671,3.65
"2023-05-09",NA,0,0,NA,0,0,0,0,0,0,0,0,0,100,60.29,844,256.6,39.46,12.27,0.731,0,26.89,16.57,20.77,16.83,189.3,39.76,0.919,4.85
"2023-05-10",NA,0,0,NA,0,0,0,0,0,0,0,0,0,100,72.61,1050,126.1,44.11,7.246,0.409,0.254,23.99,16.7,19.86,16.62,243.3,40.9,0.504,4.025
"2023-05-11",NA,0,0,NA,0,0,0,0,0,0,0,0,0,100,54.71,826,250.6,37.23,12.02,0.726,0,28.34,14.07,21.46,14.54,5.258,24.39,0.789,5.225
"2023-05-12",NA,0,0,NA,0,0,0,0,0,0,0,0,0,100,68.3,838,216,33.99,9.96,0.609,0,29.31,16.84,22.82,16.77,143.5,36.19,0.539,4.1
"2023-05-13",NA,0,0,NA,0,0,0,0,0,0,0,0,0,100,69.55,896,186.9,37.64,9.13,0.553,0,27.96,19.28,22.89,19.31,169.1,31.9,0.75,3.8
"2023-05-14",NA,0,0,NA,0,0,0,0,0,0,0,0,0,100,62.26,856,186.7,34.6,9.24,0.461,10.67,27.2,18.17,21.41,18.55,169.6,55.53,0.672,5.6
"2023-05-15",NA,0,0,NA,0,0,0,0,0,0,0,0,0,100,67.06,936,223.3,41.68,10.98,0.62,0.254,24.84,16.71,20.07,17.05,187.8,46.56,1.45,5.45
"2023-05-16",NA,0,0,NA,0,0,0,0,0,0,0,0,0,100,60.6,862,227.2,35.81,10.62,0.596,0,25.89,13.99,19.34,14.49,149.6,59.66,0.632,3.725
"2023-05-17",NA,0,0,NA,0,0,0,0,0,0,0,0,0,100,41.96,679.3,248.7,32.58,11.65,0.706,0,29.9,15.36,21.13,15.47,329.2,24.07,0.629,4.1
"2023-05-18",NA,0,0,NA,0,0,0,0,0,0,0,0,0,100,70.78,931,183.6,37.23,8.3,0.478,0,27.03,17.12,21.37,17.08,179.5,32,0.534,3.725
"2023-05-19",NA,0,0,NA,0,0,0,0,0,0,0,0,0,100,69.2,875,200.4,35.92,9.87,0.548,1.778,25.53,14.63,19.51,15.2,183.6,45.09,1.284,4.55
"2023-05-20",NA,0,0,NA,0,0,0,0,0,0,0,0,0,99.8,45.56,668.2,248.2,32.17,11.63,0.699,0,26.35,12.13,18.08,12.53,181,52.91,0.704,4.1
"2023-05-21",NA,0,0,NA,0,0,0,0,0,0,0,0,0,100,41.93,682.3,246.2,32.17,11.46,0.69,0,29.27,12.19,20.16,13.36,322.4,40.64,0.865,5.825
"2023-05-22",NA,0,0,NA,0,0,0,0,0,0,0,0,0,95.1,57.21,893,181,38.04,9.04,0.541,0,23.71,15.47,19.15,16,174.8,47.47,1.437,6.425
"2023-05-23",NA,0,0,NA,0,0,0,0,0,0,0,0,0,100,61.45,835,194.6,33.49,9.45,0.573,0,24.93,13.76,19.07,14.01,299.6,73.33,0.808,5.225
"2023-05-24",NA,0,0,NA,0,0,0,0,0,0,0,0,0,100,63.32,717.1,236.1,31.77,10.72,0.644,0,27.12,13.53,20.16,13.59,24.16,25.67,0.676,5.525
"2023-05-25",NA,0,0,NA,0,0,0,0,0,0,0,0,0,100,65.99,815,229.3,33.79,10.42,0.618,0,27.98,16.77,22.45,16.49,3.676,31.09,1.813,6.5
"2023-05-26",NA,0,0,NA,0,0,0,0,0,0,0,0,0,93.5,56.03,699.4,217.3,28.33,9.42,0.558,0,30.3,20.11,23.25,19.7,39.85,94.3,2.197,6.35
"2023-05-27",NA,0,0,NA,0,0,0,0,0,0,0,0,0,97.1,68.89,680.6,116.7,24.99,5.711,0.298,0,25.46,18.26,21.07,18.73,191.2,34.29,0.551,3.5
"2023-05-28",NA,0,0,NA,0,0,0,0,0,0,0,0,0,100,55.2,688.1,224.8,29.74,10.12,0.602,0,28.93,17.34,22.37,17.92,7.624,27.42,0.98,5.675
"2023-05-29",NA,0,0,NA,0,0,0,0,0,0,0,0,0,100,42.67,739.7,233.2,33.99,10.9,0.65,0,30.41,15.36,22.18,14.9,331.6,37.03,0.543,4.1
"2023-05-30",NA,0,0,NA,0,0,0,0,0,0,0,0,0,100,67.11,838,162,33.69,7.709,0.459,0,27.85,14.77,21.25,15.58,32.38,24.73,0.529,4.775
"2023-05-31",NA,0,0,NA,0,0,0,0,0,0,0,0,0,100,65.84,866,133.4,33.79,6.85,0.38,2.794,25.9,17.72,21.36,17.27,2.453,28.4,0.821,6.35
"2023-06-01",NA,0,0,NA,0,0,0,0,0,0,0,0,0,100,66.1,783.3,150.1,29.04,7.089,0.417,1.524,24,14.95,19.51,15.09,166,55.52,0.434,3.5
"2023-06-02",NA,0,0,NA,0,0,0,0,0,0,0,0,0,100,42.23,642.3,236.6,30.96,11.07,0.661,0,27.28,11.76,18.4,12.39,171.9,57.15,0.537,3.95
"2023-06-03",NA,0,0,NA,0,0,0,0,0,0,0,0,0,100,34.6,735.2,216.2,31.16,9.78,0.576,0,31.64,12.32,21.25,12.82,327.2,23.91,0.954,4.85
"2023-06-04",NA,0,0,NA,0,0,0,0,0,0,0,0,0,99,47.13,797.4,198.6,29.95,9.16,0.534,0,27.4,15.27,21.13,15.94,177,60.77,0.859,5.075
"2023-06-05",NA,0,0,NA,0,0,0,0,0,0,0,0,0,100,62.96,798.9,196.1,30.55,8.75,0.511,0,25.68,13.47,19.52,13.94,161.9,36.68,1.065,5.675
"2023-06-06",NA,0,0,NA,0,0,0,0,0,0,0,0,0,91.8,54.19,701,167.4,29.44,7.974,0.225,0,25.6,18.44,21.75,18.6,27.88,27.7,0.955,4.325
"2023-06-07",NA,0,0,NA,0,0,0,0,0,0,0,0,0,100,52.91,621.5,224.9,28.12,9.83,0.579,0,29.64,15.17,21.78,14.68,349.1,26.11,1.17,5.45
"2023-06-08",NA,0,0,NA,0,0,0,0,0,0,0,0,0,97.4,46.25,763.5,203.8,27.11,8.07,0.476,0,32.47,18.59,23.7,17.59,333.6,39.67,1.263,4.4
"2023-06-09",NA,0,0,NA,0,0,0,0,0,0,0,0,0,99.4,61.09,771.5,211,29.64,9.05,0.535,0,26.91,16.79,20.86,17.02,166.7,39.75,0.842,4.4
"2023-06-10",NA,0,0,NA,0,0,0,0,0,0,0,0,0,99.7,54.28,793.7,202.9,32.58,9.32,0.547,0,25.56,14.76,19.03,14.93,181.3,39.58,1.053,5
"2023-06-11",NA,0,0,NA,0,0,0,0,0,0,0,0,0,99.5,54.09,830,210.2,31.06,8.99,0.527,0,26.11,10.28,18.82,11.3,356.6,50.23,0.858,5.6
"2023-06-12",NA,0,0,NA,0,0,0,0,0,0,0,0,0,99.2,31.63,604.8,219.7,25.7,9.05,0.529,0.254,30.06,13.91,20.93,12.5,330.4,39.05,0.969,5.075
"2023-06-13",NA,0,0,NA,0,0,0,0,0,0,0,0,0,100,47.84,772,227.3,32.07,10.17,0.593,0,27.39,13.14,18.83,13.12,184.2,47.87,0.558,4.475
"2023-06-14",NA,0,0,NA,0,0,0,0,0,0,0,0,0,100,24.12,636.8,230.3,29.64,10.25,0.606,0,30.58,12.12,20.07,12.13,321.5,28.72,1.161,6.2
"2023-06-15",NA,0,0,NA,0,0,0,0,0,0,0,0,0,99,39.78,728.7,178.3,30.15,8.14,0.491,0,26.26,14.88,19.57,12.82,59.77,85.7,0.952,5.075
"2023-06-16",NA,0,0,NA,0,0,0,0,0,0,0,0,0,99,51.08,825,212,33.08,9.63,0.56,0,25.34,10.51,18.44,11.15,165.3,38.44,0.947,5.975
"2023-06-17",NA,0,0,NA,0,0,0,0,0,0,0,0,0,100,49.83,625.5,226.4,28.63,10.06,0.594,0,26.84,9.47,18.45,9.54,357.5,28.04,1.272,7.175
"2023-06-18",NA,0,0,NA,0,0,0,0,0,0,0,0,0,100,59.3,808,202,30.05,8.67,0.509,0,26.55,11.33,18.97,12.43,6.645,74.21,0.847,4.325
"2023-06-19",NA,0,0,NA,0,0,0,0,0,0,0,0,0,100,48.67,656.4,209.3,25.7,8.64,0.467,0,28.99,11.18,20.1,11.42,341.6,28.78,1.317,5.75
"2023-06-20",NA,0,0,NA,0,0,0,0,0,0,0,0,0,96.4,53.16,751.4,194.7,30.25,8.71,0.515,0,26.15,15.78,19.72,15.93,169,43.73,0.867,5
"2023-06-21",NA,0,0,NA,0,0,0,0,0,0,0,0,0,97.6,48.15,612.9,213.3,27.11,9.34,0.546,0,26.86,12.5,19.71,13.2,333.2,62.07,0.991,5.975
"2023-06-22",NA,0,0,NA,0,0,0,0,0,0,0,0,0,96.2,60.62,759.7,199.9,31.87,9.27,0.524,0,23.56,14.64,18.43,15.3,180.3,41.87,1.219,5.675
"2023-06-23",NA,0,0,NA,0,0,0,0,0,0,0,0,0,100,59.32,740.8,182.5,27.72,7.924,0.46,0,24.4,12.69,18.06,13.42,22.61,49.16,0.579,4.325
"2023-06-24",NA,0,0,NA,0,0,0,0,0,0,0,0,0,100,50.21,594.8,213.9,26.1,9.09,0.535,0,27.12,12.89,18.7,12.53,350.7,29.26,0.984,5.75
"2023-06-25",NA,0,0,NA,0,0,0,0,0,0,0,0,0,100,50.85,583.9,211.1,25.49,8.95,0.526,0,27.21,11.14,18.41,11.15,344.7,29.78,0.684,3.875
"2023-06-26",NA,0,0,NA,0,0,0,0,0,0,0,0,0,100,44.46,561.3,202.2,22.46,7.959,0.472,0,27.99,10.61,18.96,10.49,339.1,32,0.628,4.325
"2023-06-27",NA,0,0,NA,0,0,0,0,0,0,0,0,0,100,46.98,588.5,213.6,26.3,9.31,0.547,0,27.32,12,17.95,11.89,40.67,31.74,0.454,4.4
"2023-06-28",NA,0,0,NA,0,0,0,0,0,0,0,0,0,100,48.99,647.1,210.5,26.81,8.99,0.529,0,26.86,9.55,18.07,10.43,18.66,27.55,0.661,4.625
"2023-06-29",NA,0,0,NA,0,0,0,0,0,0,0,0,0,99.8,44.38,573.9,207.2,25.29,8.84,0.524,0,28.94,14.89,20.8,14.44,336.4,33.4,0.959,6.275
"2023-06-30",NA,0,0,NA,0,0,0,0,0,0,0,0,0,100,54.99,767.3,213.4,32.47,9.67,0.574,0,25.97,11.88,18,11.6,182,41.36,0.71,4.55
"2023-07-01",NA,0,0,NA,0,0,0,0,0,0,0,0,0,100,49,662.3,228.1,29.74,10.21,0.605,0,26.5,7.076,17.55,8.16,354,41.07,0.851,4.925
"2023-07-02",NA,0,0,NA,0,0,0,0,0,0,0,0,0,100,45.61,599.8,218.7,25.7,9.13,0.549,0,28.2,13.27,19.49,12.29,342,40.8,1.131,5.525
"2023-07-03",NA,0,0,NA,0,0,0,0,0,0,0,0,0,100,47.5,674.3,225,28.93,9.82,0.577,0,27.81,14.93,20.64,14.93,344.2,59.26,0.901,5.15
"2023-07-04",NA,0,0,NA,0,0,0,0,0,0,0,0,0,100,46.59,605.6,221.3,26.4,9.47,0.563,0,28.54,12.32,20.16,12.36,340.2,46.75,1.061,5.825
"2023-07-05",NA,0,0,NA,0,0,0,0,0,0,0,0,0,99.3,62.88,780.6,188,28.33,8.21,0.476,0,24.6,15.52,19.13,15.69,175.5,39.72,1.223,5.225
"2023-07-06",NA,0,0,NA,0,0,0,0,0,0,0,0,0,100,51.57,756.9,184.7,28.83,8.22,0.486,0,24.84,12.92,18.24,13.03,141.4,74.5,0.739,4.4
"2023-07-07",NA,0,0,NA,0,0,0,0,0,0,0,0,0,100,45.97,582.2,212.4,24.28,8.66,0.519,0,27.94,13.37,20.54,13.08,352.3,33.07,1.887,6.875
"2023-07-08",NA,0,0,NA,0,0,0,0,0,0,0,0,0,78.48,26.38,623.7,224.7,26.4,9.12,0.537,0,30.91,17.31,22.23,15.66,335.9,28,1.874,6.875
"2023-07-09",NA,0,0,NA,0,0,0,0,0,0,0,0,0,99,54.7,762.5,179.2,29.14,7.867,0.465,10.67,25.85,10.59,18.46,11.22,179.3,51.41,1.496,7.325
"2023-07-10",NA,0,0,NA,0,0,0,0,0,0,0,0,0,100,90.2,262.5,56.03,14.37,3.267,0.171,36.07,13.1,9.94,11.94,10.42,194,43.74,2.007,6.875
"2023-07-11",NA,0,0,NA,0,0,0,0,0,0,0,0,0,99.3,56.22,892,229,36.83,10.61,0.601,0.254,21.15,10.97,14.9,10.88,190,40.86,1.656,6.65
"2023-07-12",NA,0,0,NA,0,0,0,0,0,0,0,0,0,100,58.37,923,214,38.04,9.76,0.562,0,23.29,10.05,16.28,10.68,172.8,37.82,0.927,4.55
"2023-07-13",NA,0,0,NA,0,0,0,0,0,0,0,0,0,100,51.1,810,235.8,35.51,10.82,0.648,0,24.18,7.46,15.47,8.65,51.38,53.13,0.511,4.025
"2023-07-14",NA,0,0,NA,0,0,0,0,0,0,0,0,0,100,48.97,943,213.1,36.93,9.81,0.568,0,24.19,9.01,15.82,10.04,51.38,60.05,0.54,5
"2023-07-15",NA,0,0,NA,0,0,0,0,0,0,0,0,0,100,38.62,658.5,242.1,31.06,11.12,0.664,0,24.99,9.68,16.76,9.96,342.2,24.43,0.743,5.975
"2023-07-16",NA,0,0,NA,0,0,0,0,0,0,0,0,0,100,18.74,645.6,235.4,29.44,10.47,0.629,0,30.89,9.4,17.84,9.52,257.4,48.28,0.405,3.35
"2023-07-17",NA,0,0,NA,0,0,0,0,0,0,0,0,0,100,49.83,630.5,230.2,29.14,10.32,0.619,0,27.64,11.92,18.71,12.1,133.1,72.37,0.902,4.475
"2023-07-18",NA,0,0,NA,0,0,0,0,0,0,0,0,0,100,25.49,646.9,235,27.92,9.85,0.594,0,31.69,10.22,18.98,9.72,354,25.74,1.154,5.75
"2023-07-19",NA,0,0,NA,0,0,0,0,0,0,0,0,0,99.1,36.97,760,218.8,29.64,9.47,0.559,2.794,26.35,15.92,19.49,14.72,241,95.5,1.861,7.25
"2023-07-20",NA,0,0,NA,0,0,0,0,0,0,0,0,0,100,86.3,390.9,73.76,17.31,4.032,0.218,1.778,16.88,11.64,14.33,11.93,188.1,43.89,1.654,5.15
"2023-07-21",NA,0,0,NA,0,0,0,0,0,0,0,0,0,99,73.62,813,114.2,31.88,5.8,0.271,3.302,18.87,11.69,14.63,11.97,193.7,37.43,0.811,4.175
"2023-07-22",NA,0,0,NA,0,0,0,0,0,0,0,0,0,100,53.58,735,240.7,32.17,11.18,0.67,0,24.64,10.55,17.8,10.97,349.7,29.86,1.264,7.025
"2023-07-23",NA,0,0,NA,0,0,0,0,0,0,0,0,0,100,34.58,753.9,223.9,32.58,10.19,0.617,0,29.58,11.68,19.48,11.51,348.7,29.91,0.979,4.4
"2023-07-24",NA,0,0,NA,0,0,0,0,0,0,0,0,0,99.9,62.71,861,158.5,34.6,7.308,0.386,0.254,23.11,15.34,18.1,15.5,188,50.19,1.427,6.275
"2023-07-25",NA,0,0,NA,0,0,0,0,0,0,0,0,0,99,58.6,877,213.8,37.23,9.97,0.587,0,23.59,13.5,17.88,13.67,154.5,70.11,0.898,4.85
"2023-07-26",NA,0,0,NA,0,0,0,0,0,0,0,0,0,96.5,51.16,747.4,242.8,31.56,11.02,0.634,0,25.4,14.76,19.39,14.76,357.2,30.42,1.491,6.5
"2023-07-27",NA,0,0,NA,0,0,0,0,0,0,0,0,0,100,49.82,660.7,242,30.15,10.76,0.647,0,26.53,15.17,19.63,14.93,0.26,30.27,1.85,6.575
"2023-07-28",NA,0,0,NA,0,0,0,0,0,0,0,0,0,100,51.17,644.6,236.3,28.93,10.35,0.624,0,27.71,14.03,19.88,13.93,357,31.87,1.262,5.675
"2023-07-29",NA,0,0,NA,0,0,0,0,0,0,0,0,0,100,50.8,668.3,244.2,30.35,10.82,0.656,0,28.3,16.47,20.96,16.13,7.16,32.4,1.978,6.425
"2023-07-30",NA,0,0,NA,0,0,0,0,0,0,0,0,0,93.3,20.36,724.7,251.7,32.88,10.74,0.639,0,27.33,12.84,19.13,12.8,228.2,69.65,1.007,5
"2023-07-31",NA,0,0,NA,0,0,0,0,0,0,0,0,0,100,27.1,847,262.5,35.71,12.02,0.729,0,26.33,8.95,18.12,10.43,317.2,53.27,0.916,6.05
"2023-08-01",NA,0,0,NA,0,0,0,0,0,0,0,0,0,100,47.96,788.7,226.7,35.21,10.9,0.618,0,23.19,12.54,17.02,12.97,178.1,40.65,1.32,5.975
"2023-08-02",NA,0,0,NA,0,0,0,0,0,0,0,0,0,99,52.77,893,246.4,38.24,11.46,0.694,0,23.41,10.27,16.36,10.58,164.5,42.6,0.905,4.175
"2023-08-03",NA,0,0,NA,0,0,0,0,0,0,0,0,0,100,57.31,1030,204.4,42.79,9.65,0.581,0,22.86,7.762,15.76,9.11,45.91,32.94,0.662,5.45
"2023-08-04",NA,0,0,NA,0,0,0,0,0,0,0,0,0,100,49.95,933,250.8,41.17,11.83,0.694,0.508,25.2,11.91,17.84,11.86,3.993,38.77,0.868,5.525
"2023-08-05",NA,0,0,NA,0,0,0,0,0,0,0,0,0,100,54.27,954,230.2,41.17,10.91,0.663,0,25.58,10.87,18.09,11.48,24.72,51.88,0.868,5.3
"2023-08-06",NA,0,0,NA,0,0,0,0,0,0,0,0,0,100,44.37,870,276.3,38.75,12.86,0.786,0,26.72,10.66,18.78,11.1,348.5,55.1,0.862,5.75
"2023-08-07",NA,0,0,NA,0,0,0,0,0,0,0,0,0,100,50.27,805,262.8,36.22,12.19,0.757,0,26.3,9.21,17.67,9.72,35.31,51.44,0.69,4.775
"2023-08-08",NA,0,0,NA,0,0,0,0,0,0,0,0,0,100,49.32,709.6,261.2,33.08,11.75,0.719,0,26.79,9.27,18.27,10.13,47.12,50.33,0.697,5.675
"2023-08-09",NA,0,0,NA,0,0,0,0,0,0,0,0,0,98.9,62.51,900,193.9,36.82,8.78,0.251,0,25.76,16.81,20.72,16.92,138.9,34.21,0.905,3.725
"2023-08-10",NA,0,0,NA,0,0,0,0,0,0,0,0,0,100,68.19,1062,220.4,44.51,10.68,0.641,12.95,23.44,13.02,18.64,14.17,137.8,35.01,0.83,5.225
"2023-08-11",NA,0,0,NA,0,0,0,0,0,0,0,0,0,99.8,53.81,845,278.6,38.85,13.14,0.807,0,23.67,11.86,18.06,12.34,42.87,29.65,0.849,6.2
"2023-08-12",NA,0,0,NA,0,0,0,0,0,0,0,0,0,100,44.98,761.3,282.8,36.82,13.33,0.828,0,25.82,9.22,17.88,10.24,6.209,46.91,0.914,5.825
"2023-08-13",NA,0,0,NA,0,0,0,0,0,0,0,0,0,100,50.36,747.9,277,35.61,12.79,0.791,0,26.9,11.64,19.14,12.47,341.2,44.55,1.191,5.975
"2023-08-14",NA,0,0,NA,0,0,0,0,0,0,0,0,0,100,34.09,711.9,262,31.66,11.26,0.692,0,30.07,13.89,20.9,14.41,353.4,52.78,1.428,5.975
"2023-08-15",NA,0,0,NA,0,0,0,0,0,0,0,0,0,100,62.91,878,201,35.1,8.71,0.488,3.302,24.88,16.12,19.94,16.72,157.3,35.67,1.471,6.2
"2023-08-16",NA,0,0,NA,0,0,0,0,0,0,0,0,0,99.3,61.48,959,172.4,40.16,8.76,0.525,0,22.53,14.98,18.2,15.37,125.8,56.21,0.821,4.25
"2023-08-17",NA,0,0,NA,0,0,0,0,0,0,0,0,0,99,60.85,861,232.8,35.31,10.21,0.615,0,25.52,15.36,20.48,15.54,346.8,42.51,1.859,6.8
"2023-08-18",NA,0,0,NA,0,0,0,0,0,0,0,0,0,96.5,62.92,859,230.1,31.77,9.77,0.582,0,25.47,16.73,21.26,16.02,120.3,85.6,1.52,4.925
"2023-08-19",NA,0,0,NA,0,0,0,0,0,0,0,0,0,94,55.25,912,191.2,34.9,8.89,0.534,0,24.06,15.36,20.3,15.86,98.2,49.42,0.899,4.7
"2023-08-20",NA,0,0,NA,0,0,0,0,0,0,0,0,0,100,64.04,1009,246,39.45,11.29,0.635,0,25.82,15.16,20.67,15.72,130.9,41.14,0.662,4.325
"2023-08-21",NA,0,0,NA,0,0,0,0,0,0,0,0,0,100,56.14,729.3,260.9,31.36,10.99,0.657,0,30.6,16.87,22.65,16.87,346.5,57.17,1.421,6.8
"2023-08-22",NA,0,0,NA,0,0,0,0,0,0,0,0,0,100,60.63,809,261.6,31.16,10.79,0.672,0,26.7,15.9,21.22,15.92,112.6,36.91,1.05,4.775
"2023-08-23",NA,0,0,NA,0,0,0,0,0,0,0,0,0,100,57.94,717.9,241.9,26.81,8.9,0.55,0,30.43,17.17,22.94,18.01,136.2,50.89,1.08,4.925
"2023-08-24",NA,0,0,NA,0,0,0,0,0,0,0,0,0,99.9,57.16,792.5,163.8,30.65,7.467,0.383,0,23.95,18.31,21.34,19.06,119.2,30.42,1.537,5.675
"2023-08-25",NA,0,0,NA,0,0,0,0,0,0,0,0,0,100,53.21,828,229,27.42,8.2,0.485,0,29.41,18.14,23.43,18.88,312.1,82.9,1.902,6.65
"2023-08-26",NA,0,0,NA,0,0,0,0,0,0,0,0,0,78.37,42.14,837,291,38.24,13.05,0.757,0,27.52,19.4,22.92,19.58,152.1,59.02,2.197,8.83
"2023-08-27",NA,0,0,NA,0,0,0,0,0,0,0,0,0,98.9,45.4,980,310.2,43.8,14.28,0.896,3.302,23.82,13.3,19.39,14.07,166.8,39.87,1.443,6.875
"2023-08-28",NA,0,0,NA,0,0,0,0,0,0,0,0,0,99.7,57.57,1094,277.7,47.85,12.96,0.792,0.254,23.9,11.39,17.23,12.1,187.5,27.6,0.89,5.45
"2023-08-29",NA,0,0,NA,0,0,0,0,0,0,0,0,0,100,59.65,1125,274.5,49.07,13.27,0.782,0,23.83,12.17,18.84,13.24,117.3,42.82,0.938,5.225
"2023-08-30",NA,0,0,NA,0,0,0,0,0,0,0,0,0,100,60.02,1045,197.6,46.64,9.79,0.615,0,24.85,13.28,19.38,13.92,197.5,46.28,1.142,5.525
"2023-08-31",NA,0,0,NA,0,0,0,0,0,0,0,0,0,100,50.95,902,307.9,41.58,14.32,0.912,0,28.13,12.79,20.63,13.07,206.9,81.2,1.694,7.025
"2023-09-01",NA,0,0,NA,0,0,0,0,0,0,0,0,0,100,42.05,831,297.1,36.32,12.93,0.825,0,29.46,15.92,21.14,15.72,200.9,44.51,1.557,7.325
"2023-09-02",NA,0,0,NA,0,0,0,0,0,0,0,0,0,100,55.61,882,273,36.22,11.9,0.714,0,28.88,12.32,21.37,13.3,158.2,57.47,1.403,5.975
"2023-09-03",NA,0,0,NA,0,0,0,0,0,0,0,0,0,100,35.66,764.3,282.6,33.59,11.99,0.754,0,31.06,18.03,23.15,18.12,145.3,65.18,1.715,6.2
"2023-09-04",NA,0,0,NA,0,0,0,0,0,0,0,0,0,100,40.35,749.2,271.5,30.96,10.67,0.666,0,32.66,17.24,22.96,17.14,184.4,61.39,1.288,5.225
"2023-09-05",NA,0,0,NA,0,0,0,0,0,0,0,0,0,100,38.86,782.4,289.8,34.4,12.32,0.768,0,33.87,18.23,25.26,18.87,174.3,64.41,1.621,6.425
"2023-09-06",NA,0,0,NA,0,0,0,0,0,0,0,0,0,94.4,55.93,848,142.2,31.87,6.864,0.378,0,23.45,17.6,20.62,18.48,150.9,23.21,1.48,7.25
"2023-09-07",NA,0,0,NA,0,0,0,0,0,0,0,0,0,99.5,51.49,1062,302.5,46.54,14.34,0.889,0,26.88,16.55,21.86,16.55,287.4,92.1,1.159,5.825
"2023-09-08",NA,0,0,NA,0,0,0,0,0,0,0,0,0,100,48.08,945,298.4,43.6,14.28,0.913,0,30.37,14.14,22.06,14.39,355.9,102.4,1.643,6.35
"2023-09-09",NA,0,0,NA,0,0,0,0,0,0,0,0,0,100,59.89,1039,248.2,41.17,11.19,0.656,0,27.96,18.49,22.52,18.2,161.2,92.4,1.877,6.275
"2023-09-10",NA,0,0,NA,0,0,0,0,0,0,0,0,0,100,42.2,816,304,36.12,13.1,0.838,0,32.94,17.73,23.9,17.22,5.718,88.9,1.917,6.875
"2023-09-11",NA,0,0,NA,0,0,0,0,0,0,0,0,0,100,58.13,880,268.5,31.46,10.32,0.651,0,27.84,15.58,21.83,16.11,160.7,64.17,1.91,8.45
"2023-09-12",NA,0,0,NA,0,0,0,0,0,0,0,0,0,98.9,65.04,307.8,77.06,17.71,4.58,0.284,6.35,18.32,12.86,15.72,13.41,156.4,26.42,2.177,7.55
"2023-09-13",NA,0,0,NA,0,0,0,0,0,0,0,0,0,98.8,50.89,1162,266.5,51.29,12.83,0.819,0,22.62,12.31,17.4,12.59,146.3,47.5,1.31,5.225
"2023-09-14",NA,0,0,NA,0,0,0,0,0,0,0,0,0,98.5,38.42,891,334.5,43.4,15.68,1.021,0,29.04,11.42,20.58,11.7,330.4,80.8,2.064,7.25
"2023-09-15",NA,0,0,NA,0,0,0,0,0,0,0,0,0,100,26.49,892,327.8,42.29,14.9,0.941,0,35.75,17.04,24.94,16.58,353.9,61.25,1.688,5.675
"2023-09-16",NA,0,0,NA,0,0,0,0,0,0,0,0,0,92.6,51.72,1146,333.2,50.48,15.25,0.941,0,27.17,18.23,22.84,15.9,144.2,63.92,1.674,6.275
"2023-09-17",NA,0,0,NA,0,0,0,0,0,0,0,0,0,98.5,54.33,937,171.7,45.63,9.58,0.591,2.54,23.97,17.08,20.77,17.64,132.2,24.26,1.16,5
"2023-09-18",NA,0,0,NA,0,0,0,0,0,0,0,0,0,100,62.41,958,182.1,40.57,9.23,0.607,8.13,24.35,16.91,20.26,17.05,140.5,46.31,1.383,6.425
"2023-09-19",NA,0,0,NA,0,0,0,0,0,0,0,0,0,99.4,62.46,959,307.9,40.26,13.51,0.869,1.524,27.49,16.12,22.14,16.16,153.3,66.51,2.11,7.625
"2023-09-20",NA,0,0,NA,0,0,0,0,0,0,0,0,0,95.3,24.13,923,341.8,44.61,15.94,0.991,0,37.84,19,24.75,18.87,169.2,50.9,2.135,9.28
"2023-09-21",NA,0,0,NA,0,0,0,0,0,0,0,0,0,99.7,60.42,944,311.2,42.08,14.25,0.908,0,26.69,15.77,22.49,16.5,101.6,87.6,1.521,6.35
"2023-09-22",NA,0,0,NA,0,0,0,0,0,0,0,0,0,100,63.12,941,321.2,41.78,14.41,0.877,0,28.94,18.49,24.33,19.2,137.6,46.12,0.978,5.75
"2023-09-23",NA,0,0,NA,0,0,0,0,0,0,0,0,0,100,49.82,856,317.2,38.04,13.39,0.857,0,32.66,19.61,25.4,20.23,125.5,46.72,1.476,5.525
"2023-09-24",NA,0,0,NA,0,0,0,0,0,0,0,0,0,100,67.52,1033,282.1,39.05,11.9,0.737,0,28.63,18.75,24.05,19.38,153.7,11.66,1.141,4.925
"2023-09-25",NA,0,0,NA,0,0,0,0,0,0,0,0,0,100,57.05,979,302.1,40.06,13.13,0.818,0,29.12,17.71,24.19,17.95,145.8,37.53,1.955,6.125
"2023-09-26",NA,0,0,NA,0,0,0,0,0,0,0,0,0,99.2,42.45,973,213,39.05,9.35,0.573,0,28.44,19.37,23.35,19.66,163.6,28.89,1.617,6.95
"2023-09-27",NA,0,0,NA,0,0,0,0,0,0,0,0,0,100,72.47,253.4,45.65,16.09,3.054,0.178,26.92,21.27,15.61,18.11,16.45,161.8,16.55,1.106,5.15
"2023-09-28",NA,0,0,NA,0,0,0,0,0,0,0,0,0,100,73.25,1275,177.2,56.25,9.53,0.574,2.794,24.31,15.74,19.27,16.7,161,12.58,0.981,4.325
"2023-09-29",NA,0,0,NA,0,0,0,0,0,0,0,0,0,100,44.6,1019,355,46.74,16.98,1.098,0,33.2,14.07,23.59,15.04,161.9,52.36,1.432,5.975
"2023-09-30",NA,0,0,NA,0,0,0,0,0,0,0,0,0,98.1,25.23,942,354.8,44.92,16.64,1.104,0,39.77,19.89,28.28,19.3,105.7,88.5,1.87,7.85
"2023-10-01",NA,0,0,NA,0,0,0,0,0,0,0,0,0,97.2,55.63,1412,324.9,64.76,16.74,0.988,0.762,24.88,16.36,21.01,17.35,163.4,36.53,2.134,7.625
"2023-10-02",NA,0,0,NA,0,0,0,0,0,0,0,0,0,93.8,40.42,1429,355.4,63.44,17.28,1.079,0,24.95,12.62,20.37,13.79,137.3,50.47,1.025,5.075
"2023-10-03",NA,0,0,NA,0,0,0,0,0,0,0,0,0,98.9,42.38,985,375.9,48.26,17.93,1.206,0,27.94,11.94,21.04,12.88,2.347,35.06,1.663,7.025
"2023-10-04",NA,0,0,NA,0,0,0,0,0,0,0,0,0,100,53.42,982,372.1,48.46,17.65,1.186,0,28.48,15.11,22.82,15.22,9.7,90.2,1.532,5.975
"2023-10-05",NA,0,0,NA,0,0,0,0,0,0,0,0,0,100,46.05,1084,376.6,51.9,17.76,1.194,0,30.87,16.71,23.85,16.9,62.05,99.1,1.809,7.7
"2023-10-06",NA,0,0,NA,0,0,0,0,0,0,0,0,0,100,52.44,997,368.6,46.64,16.98,1.137,0,31.42,18.5,25.5,18.57,127.7,50.2,1.844,5.975
"2023-10-07",NA,0,0,NA,0,0,0,0,0,0,0,0,0,96.2,32.22,952,359.6,44.41,16.3,1.092,0,37.58,22.01,28.27,22.32,41.01,92,2.329,6.725
"2023-10-08",NA,0,0,NA,0,0,0,0,0,0,0,0,0,93.6,70.8,889,153.9,39.66,8.34,0.529,0,23.81,18.48,22.08,19.4,169.8,37.5,1.852,6.5
"2023-10-09",NA,0,0,NA,0,0,0,0,0,0,0,0,0,100,69.54,560.2,123.2,28.03,6.876,0.424,0.254,23.19,17.51,21.09,18.19,138.4,76.42,1.124,4.55
"2023-10-10",NA,0,0,NA,0,0,0,0,0,0,0,0,0,100,81.7,533.7,96.5,26.51,5.396,0.326,0.762,25,19.32,22.22,19.99,148.9,56.63,1.151,4.7
"2023-10-11",NA,0,0,NA,0,0,0,0,0,0,0,0,0,99,62.13,973,221.7,39.45,10.25,0.647,0,30.59,22,25.06,21.99,136.1,63.87,2.051,6.65
"2023-10-12",NA,0,0,NA,0,0,0,0,0,0,0,0,0,100,80.4,914,139.5,35.71,6.941,0.393,1.524,26.71,21.25,23.22,21.65,152.6,32.98,1.139,4.4
"2023-10-13",NA,0,0,NA,0,0,0,0,0,0,0,0,0,100,82.1,723.4,114.9,35.62,6.439,0.362,1.778,23.52,18.93,22.11,19.14,154.9,12.39,1.162,5.3
"2023-10-14",NA,0,0,NA,0,0,0,0,0,0,0,0,0,99.6,54.57,1201,389.3,56.65,19.24,1.3,0,26.74,17.19,22.23,17.41,161.9,21.58,1.866,6.575
"2023-10-15",NA,0,0,NA,0,0,0,0,0,0,0,0,0,96.3,53.02,1206,290.3,57.26,14.74,0.958,0,26.6,16.29,22.18,16.52,169.4,37.53,1.17,5.15
"2023-10-16",NA,0,0,NA,0,0,0,0,0,0,0,0,0,100,84.9,481.4,86.1,27.93,5.441,0.27,12.95,21.44,17.68,19.79,18.47,204.1,53.16,0.687,3.2
"2023-10-17",NA,0,0,NA,0,0,0,0,0,0,0,0,0,100,75.99,1128,175.1,51.2,9.56,0.599,33.02,24.63,17.81,20.23,18.53,160,21.06,1.203,5.15
"2023-10-18",NA,0,0,NA,0,0,0,0,0,0,0,0,0,100,73.53,1506,264.2,70.51,13.89,0.836,14.48,26.68,18.16,21.67,18.39,152.4,12.04,1.128,4.925
"2023-10-19",NA,0,0,NA,0,0,0,0,0,0,0,0,0,100,63.01,1418,328.2,66.06,16.75,1.069,0.254,28.03,17.57,22.85,18.08,158.8,11.47,0.983,4.4
"2023-10-20",NA,0,0,NA,0,0,0,0,0,0,0,0,0,97.1,55.57,1440,323.9,60.09,15.43,1.066,0,27.68,17.91,23.44,18.66,119.1,73.9,1.679,6.425
"2023-10-21",NA,0,0,NA,0,0,0,0,0,0,0,0,0,99.5,52.69,1012,387.6,49.67,18.55,1.281,0,31.46,17.99,25.21,18.73,19.82,68.13,2.142,7.475
"2023-10-22",NA,0,0,NA,0,0,0,0,0,0,0,0,0,95.7,72.29,1030,142.7,42.09,7.887,0.512,0.254,24.76,17.13,21.82,17.39,160.1,41.84,1.731,5.975
"2023-10-23",NA,0,0,NA,0,0,0,0,0,0,0,0,0,99.6,45.77,1219,395.2,58.68,19.61,1.359,0,27.3,14.74,22.09,15.2,148.5,58.7,1.144,5.375
"2023-10-24",NA,0,0,NA,0,0,0,0,0,0,0,0,0,100,40.13,1021,390.2,49.98,18.81,1.225,0,35,15.12,24.6,16.74,166.1,83.6,1.701,6.575
"2023-10-25",NA,0,0,NA,0,0,0,0,0,0,0,0,0,97.9,55.93,1409,275.9,65.36,14.06,0.952,0,27.24,16.28,23.08,17.88,151.8,40.79,1.175,5
"2023-10-26",NA,0,0,NA,0,0,0,0,0,0,0,0,0,99.9,58.16,1513,338,65.66,16.53,1.093,0,28.2,15.55,23.5,16.67,2.821,77.4,1.425,6.425
"2023-10-27",NA,0,0,NA,0,0,0,0,0,0,0,0,0,99.6,52.09,1025,393,50.08,18.67,1.276,0,30.61,17.3,25.2,17.94,1.688,63.04,1.916,7.025
"2023-10-28",NA,0,0,NA,0,0,0,0,0,0,0,0,0,100,68.26,1350,173.1,63.54,9.48,0.53,11.68,27.14,17.67,22.79,18.34,148.3,31.31,1.347,5.075
"2023-10-29",NA,0,0,NA,0,0,0,0,0,0,0,0,0,100,90.7,384.4,56.49,24.09,3.74,0.23,27.69,18.38,13,15.78,13.57,156.1,23.05,1.985,6.2
"2023-10-30",NA,0,0,NA,0,0,0,0,0,0,0,0,0,100,83.6,565.4,95.2,31.27,5.903,0.319,11.94,16.55,11.96,14.39,12.67,170.6,21.67,1.143,4.925
"2023-10-31",NA,0,0,NA,0,0,0,0,0,0,0,0,0,100,94.1,567,103.5,33.29,6.439,0.34,44.45,18.43,13.17,15.63,13.73,163.7,15.64,1.156,4.7
"2023-11-01",NA,0,0,NA,0,0,0,0,0,0,0,0,0,100,58.15,1380,390.3,67.88,19.54,1.23,11.43,24.07,13.95,19.14,14.39,155.5,14.46,1.307,4.4
"2023-11-02",NA,0,0,NA,0,0,0,0,0,0,0,0,0,99.9,57.21,1442,397.4,67.58,19.61,1.346,0,26.42,14.57,21.99,15.11,140.9,25.03,1.391,5.45
"2023-11-03",NA,0,0,NA,0,0,0,0,0,0,0,0,0,96.2,56.83,1477,341.7,71.63,17.53,1.128,0,26.43,17.56,23.21,18.64,105.7,46.07,1.749,7.325
"2023-11-04",NA,0,0,NA,0,0,0,0,0,0,0,0,0,95.6,50.51,1276,369.3,59.59,18.06,1.146,0,28.78,16.74,23.68,17.5,353.8,73.49,2.064,8.22
"2023-11-05",NA,0,0,NA,0,0,0,0,0,0,0,0,0,99.5,54.07,1287,391,56.25,18.67,1.255,0,28.95,18.87,24.95,19.69,10.53,49.04,1.823,7.7
"2023-11-06",NA,0,0,NA,0,0,0,0,0,0,0,0,0,99.9,55.87,1165,388.2,56.45,19.57,1.242,0,30.39,19.62,25.5,20.41,18.22,65.95,1.837,7.325
"2023-11-07",NA,0,0,NA,0,0,0,0,0,0,0,0,0,100,60.55,730,145.3,32.37,7.715,0.426,32,28.27,18.7,23.38,18.94,109.1,80.4,1.451,6.05
"2023-11-08",NA,0,0,NA,0,0,0,0,0,0,0,0,0,98.8,52.33,1291,419.1,62.92,21.19,1.496,0,27.16,16.81,22.93,17.14,162.5,15.61,1.478,5.6
"2023-11-09",NA,0,0,NA,0,0,0,0,0,0,0,0,0,95.7,69.24,348.3,109.9,20.84,6.693,0.486,0,23.7,19.21,22.43,20.21,151,20.73,0.751,3.35
"2023-11-10",NA,0,0,NA,0,0,0,0,0,0,0,0,0,96.8,57.12,1579,286.7,69.4,14.65,1.055,0,26.54,18.37,24.02,19.3,121.5,59.64,1.526,5.375
"2023-11-11",NA,0,0,NA,0,0,0,0,0,0,0,0,0,93.2,52.11,1067,413.3,52.81,19.96,1.413,0,32.89,21.53,26.87,21.86,15.59,66.74,2.419,6.8
"2023-11-12",NA,0,0,NA,0,0,0,0,0,0,0,0,0,99.6,62.4,1468,218.5,64.85,12.08,0.663,1.778,26.34,18.75,22.74,19.43,156.1,28.06,1.49,6.35
"2023-11-13",NA,0,0,NA,0,0,0,0,0,0,0,0,0,100,62.05,673.5,166,36.42,9.82,0.637,2.032,24.2,18.21,21.15,18.79,153.8,19.37,0.932,4.175
"2023-11-14",NA,0,0,NA,0,0,0,0,0,0,0,0,0,100,60.42,1344,222.3,62.63,12.35,0.779,11.68,23.49,16.52,19.72,17.34,157.9,17.81,1.036,4.55
"2023-11-15",NA,0,0,NA,0,0,0,0,0,0,0,0,0,92.9,56.74,1435,305.4,66.47,15.71,0.976,0,25.26,17.03,21.2,17.59,124.7,56.68,1.347,6.275
"2023-11-16",NA,0,0,NA,0,0,0,0,0,0,0,0,0,96.9,49.43,1328,374.7,63.53,18.53,1.235,0,28.5,19.44,23.92,19.75,1.757,76.3,2.02,7.475
"2023-11-17",NA,0,0,NA,0,0,0,0,0,0,0,0,0,100,53.7,1206,389,56.46,18.73,1.261,0,29.48,19.52,24.84,19.51,11.67,50.41,1.827,6.725
"2023-11-18",NA,0,0,NA,0,0,0,0,0,0,0,0,0,99.9,47.97,1218,408.8,57.46,20.19,1.436,0,32.63,21.33,27.14,21.77,29.43,49.83,1.442,6.125
"2023-11-19",NA,0,0,NA,0,0,0,0,0,0,0,0,0,100,57.98,1280,399.3,57.26,19.66,1.376,0,31.86,21.29,27.43,22.3,65.84,69.31,1.322,6.2
"2023-11-20",NA,0,0,NA,0,0,0,0,0,0,0,0,0,100,59.02,1062,402.6,53.22,19.89,1.399,0,32.45,20.85,27.67,21.87,56.26,59.38,1.062,5.075
"2023-11-21",NA,0,0,NA,0,0,0,0,0,0,0,0,0,100,54.61,1214,371.9,56.46,17.93,1.202,0,37.63,22.14,29.42,22.95,90.5,63.04,1.402,5.975
"2023-11-22",NA,0,0,NA,0,0,0,0,0,0,0,0,0,99.3,55.88,1035,395.9,52.21,19.55,1.401,0,34.57,20.81,29.07,21.99,129.6,65.79,1.141,5.45
"2023-11-23",NA,0,0,NA,0,0,0,0,0,0,0,0,0,100,39.71,1063,406.4,52.42,19.57,1.409,0,38.64,21.34,29.75,22.46,12.51,72.99,1.595,5.825
"2023-11-24",NA,0,0,NA,0,0,0,0,0,0,0,0,0,100,53.87,1059,397.4,51.51,18.91,1.366,0,35.35,19.18,28.96,20.24,50.86,59.06,1.391,5.075
"2023-11-25",NA,0,0,NA,0,0,0,0,0,0,0,0,0,98.3,62.26,1332,376.5,57.88,18.1,1.237,0,31.45,23.29,28.43,23.84,146.4,45.69,1.101,4.55
"2023-11-26",NA,0,0,NA,0,0,0,0,0,0,0,0,0,99.4,68.31,1349,300,57.27,14.51,0.956,0,31.45,23.07,28.09,24.42,134.8,43.7,0.873,4.775
"2023-11-27",NA,0,0,NA,0,0,0,0,0,0,0,0,0,98.4,66.18,1397,287.8,59.8,14.29,0.989,0,31.79,23.36,28.6,24.58,96.9,58.86,1.085,5.675
"2023-11-28",NA,0,0,NA,0,0,0,0,0,0,0,0,0,99.4,66.55,1310,344.6,60.81,17.19,1.029,0,32.11,24,28.54,25.02,28.46,63.66,1.537,5.675
"2023-11-29",NA,0,0,NA,0,0,0,0,0,0,0,0,0,99.2,68.54,1223,170.6,58.79,9.77,0.538,2.794,26.92,17.36,22.8,18.26,169.9,57.23,1.803,7.175
"2023-11-30",NA,0,0,NA,0,0,0,0,0,0,0,0,0,96.4,46.88,1501,413.1,71.13,20.24,1.405,0,27.21,17.29,22.95,17.67,157.1,29.45,1.23,4.85
"2023-12-01",NA,0,0,NA,0,0,0,0,0,0,0,0,0,92.6,50.15,1340,441.3,63.85,21.45,1.547,0,27.64,16.37,24.73,17.36,54.93,74.03,1.39,6.875
"2023-12-02",NA,0,0,NA,0,0,0,0,0,0,0,0,0,98.5,49.34,1199,439.8,58.28,21.5,1.569,0,30.16,14.6,25.22,15.93,23.62,36.63,1.869,7.625
"2023-12-03",NA,0,0,NA,0,0,0,0,0,0,0,0,0,96.7,57.61,1388,381.8,65.26,18.69,1.235,0,30.56,19.4,26.61,20.4,37.33,45.42,1.764,7.55
"2023-12-04",NA,0,0,NA,0,0,0,0,0,0,0,0,0,99.8,51.13,1489,368.6,65.66,18.15,1.245,0,31.81,18.71,27.14,20.03,356.7,61.93,1.374,6.2
"2023-12-05",NA,0,0,NA,0,0,0,0,0,0,0,0,0,97.8,64.19,1431,292.3,62.64,14.86,0.936,0,29.49,20.82,25.54,21.81,172.5,39.94,1.22,4.625
"2023-12-06",NA,0,0,NA,0,0,0,0,0,0,0,0,0,100,86.3,235,53.68,16.09,3.727,0.264,18.03,22.91,20.07,21.81,20.95,154.6,29.15,1.134,4.325
"2023-12-07",NA,0,0,NA,0,0,0,0,0,0,0,0,0,100,78.79,1588,163.2,74.47,9.11,0.473,3.048,27.37,20.14,23.42,20.87,137.5,37.98,0.994,4.625
"2023-12-08",NA,0,0,NA,0,0,0,0,0,0,0,0,0,100,70.79,1400,308.4,65.96,15.74,1.053,0,29.73,22.05,26.67,22.65,132.6,46.27,1.913,7.55
"2023-12-09",NA,0,0,NA,0,0,0,0,0,0,0,0,0,100,70.27,1450,299.7,64.96,15,1.058,1.524,30.99,21.71,28.16,22.87,145.2,46.69,1.513,6.8
"2023-12-10",NA,0,0,NA,0,0,0,0,0,0,0,0,0,100,78.65,746.8,173.5,40.88,10.59,0.708,9.65,27.04,19.77,23.77,20.69,152.2,18.99,1.484,5.225
"2023-12-11",NA,0,0,NA,0,0,0,0,0,0,0,0,0,100,87.5,1030,151.3,52.41,8.84,0.515,20.83,24.72,19.58,22.33,20.23,158,16.91,1.103,4.25
"2023-12-12",NA,0,0,NA,0,0,0,0,0,0,0,0,0,100,53.5,1295,425,60.51,21.18,1.506,0,33.76,20.86,26.96,21.33,161.5,39.48,1.439,5.525
"2023-12-13",NA,0,0,NA,0,0,0,0,0,0,0,0,0,97.4,68.05,1424,227.9,63.34,12.16,0.825,0,27.25,20.43,24.77,21.36,142.2,45.41,1.159,4.25
"2023-12-14",NA,0,0,NA,0,0,0,0,0,0,0,0,0,100,57.16,1468,398.7,66.37,19.43,1.362,0,31.8,17.77,27.03,19.16,353.8,87.4,1.822,7.55
"2023-12-15",NA,0,0,NA,0,0,0,0,0,0,0,0,0,100,61.25,1422,327.5,71.94,17.41,1.139,0.254,29.93,21.51,26.36,22.33,145.8,30.48,1.348,4.325
"2023-12-16",NA,0,0,NA,0,0,0,0,0,0,0,0,0,98,76.09,708.2,157.2,43.71,9.81,0.704,0,26.66,20.47,24.73,21.56,161.6,29.97,1.036,4.25
"2023-12-17",NA,0,0,NA,0,0,0,0,0,0,0,0,0,99.7,60.03,1280,425.7,62.53,21.45,1.539,0,30.2,18.98,27.29,19.76,104.5,68,1.359,6.05
"2023-12-18",NA,0,0,NA,0,0,0,0,0,0,0,0,0,100,51.65,1296,429.6,59.29,21.3,1.515,0,35.41,20.86,29.67,21.85,353.3,87.2,1.486,6.05
"2023-12-19",NA,0,0,NA,0,0,0,0,0,0,0,0,0,100,76.18,1272,193.7,62.63,11.28,0.78,2.032,27.73,22.34,25.72,22.95,150.6,26.28,1.337,4.925
"2023-12-20",NA,0,0,NA,0,0,0,0,0,0,0,0,0,100,56.88,1471,387.1,66.48,19.24,1.383,0,31.83,20.08,28.15,20.78,93.8,64.36,1.573,6.575
"2023-12-21",NA,0,0,NA,0,0,0,0,0,0,0,0,0,100,63.06,1310,270.3,60.31,14.01,0.855,0,31.55,21.04,27.7,21.92,162.6,86.3,0.965,3.875
"2023-12-22",NA,0,0,NA,0,0,0,0,0,0,0,0,0,94.5,63.14,1352,270.7,62.33,13.81,0.923,0,33.12,23.12,28.14,24.01,112.3,60.9,1.206,5.075
"2023-12-23",NA,0,0,NA,0,0,0,0,0,0,0,0,0,97.4,62.44,1299,330.6,59.5,16.68,1.11,0,33.48,23.63,29.32,24.47,35.4,61.25,1.714,6.125
"2023-12-24",NA,0,0,NA,0,0,0,0,0,0,0,0,0,96.8,62.94,1247,303.9,59.39,15.55,1.009,0,32.27,24.84,29.04,25.62,33.56,35.84,1.728,7.175
"2023-12-25",NA,0,0,NA,0,0,0,0,0,0,0,0,0,100,75.47,738,168.1,33.09,9.89,0.715,6.35,28.54,22.99,26.82,23.95,150.4,84.3,0.788,4.55
"2023-12-26",NA,0,0,NA,0,0,0,0,0,0,0,0,0,100,89.3,484.4,100.9,30.46,6.824,0.439,39.88,23.68,17.26,21.46,18.19,152,22.98,1.539,6.05
"2023-12-27",NA,0,0,NA,0,0,0,0,0,0,0,0,0,100,91.6,288.4,59.75,20.34,4.281,0.305,10.92,21.66,17.75,19.89,18.46,150.7,14.11,1.017,4.25
"2023-12-28",NA,0,0,NA,0,0,0,0,0,0,0,0,0,100,85.8,818,155,44.12,9.51,0.618,30.23,24.45,18.17,21.82,18.88,150.8,12.76,0.936,4.775
"2023-12-29",NA,0,0,NA,0,0,0,0,0,0,0,0,0,99.7,56.71,1487,414.5,69.82,20.62,1.358,1.016,29.45,19.22,25.03,20.62,154.2,12.63,1.093,5.9
"2023-12-30",NA,0,0,NA,0,0,0,0,0,0,0,0,0,100,59.44,1369,416.1,66.88,21.16,1.515,0,29.47,18.17,26.16,19.25,137.9,42.81,1.38,5.9
"2023-12-31",NA,0,0,NA,0,0,0,0,0,0,0,0,0,100,61.44,1431,304.4,63.95,15.72,1.09,0,30.13,20.64,27.09,22.25,123.2,58.74,1.345,5.675
"2024-01-01",NA,0,0,NA,0,0,0,0,0,0,0,0,0,100,77.2,1343,194.3,62.33,10.64,0.706,2.286,28.47,23.23,25.52,23.38,153,27.02,1.012,4.475
"2024-01-02",NA,0,0,NA,0,0,0,0,0,0,0,0,0,99.9,55,1400,410.9,68.4,20.74,1.379,2.032,28.97,19.22,25.39,20.48,151.7,20.9,1.087,4.7
"2024-01-03",NA,0,0,NA,0,0,0,0,0,0,0,0,0,95.2,60.75,1660,361.6,76.8,18.39,1.269,0,29.31,18.88,26.52,20.04,129.6,45.73,1.067,4.85
"2024-01-04",NA,0,0,NA,0,0,0,0,0,0,0,0,0,98.6,66.7,1337,304.9,65.57,16.2,0.976,8.13,28.72,19.5,24.99,20.38,151.3,50.23,0.797,4.1
"2024-01-05",NA,0,0,NA,0,0,0,0,0,0,0,0,0,99,57.98,1631,391.6,75.28,19.83,1.438,0,29.44,18.94,26.02,19.84,128.1,58.53,1.249,4.925
"2024-01-06",NA,0,0,NA,0,0,0,0,0,0,0,0,0,99.7,64.11,1538,353.8,69.21,17.6,1.281,0,30.43,20.2,27.64,21.81,15.05,76.99,1.554,6.8
"2024-01-07",NA,0,0,NA,0,0,0,0,0,0,0,0,0,100,60.24,1198,266,53.02,13.6,1.035,0,30.76,20.91,28.02,22.37,21.68,55.1,1.404,5.825
"2024-01-08",NA,0,0,NA,0,0,0,0,0,0,0,0,0,98.8,48.15,1527,387,68.81,19.28,1.377,0,34.06,21.47,28.95,22.79,49.89,43.94,1,5
"2024-01-09",NA,0,0,NA,0,0,0,0,0,0,0,0,0,99.9,54.9,1513,272.7,70.63,14.74,1.01,0,31.92,21.07,27.31,22.48,144,68.7,0.709,4.475
"2024-01-10",NA,0,0,NA,0,0,0,0,0,0,0,0,0,100,54.42,1575,361.4,73.66,18.26,1.179,0,32.93,22.06,29.25,23.12,53.49,88.1,1.165,5.525
"2024-01-11",NA,0,0,NA,0,0,0,0,0,0,0,0,0,100,65.21,1368,354.1,64.96,18.05,1.191,0,32.39,21.59,29.31,22.81,230.5,89.7,0.918,4.925
"2024-01-12",NA,0,0,NA,0,0,0,0,0,0,0,0,0,100,62.59,1422,257.8,65.16,13.82,0.922,0,33.72,24.26,29.93,25.24,177.3,91.1,1.033,4.925
"2024-01-13",NA,0,0,NA,0,0,0,0,0,0,0,0,0,100,61.53,1394,370.7,65.16,18.77,1.245,1.016,34.88,25.01,30.86,26.32,101.6,76.35,1.311,5.975
"2024-01-14",NA,0,0,NA,0,0,0,0,0,0,0,0,0,99.9,42.48,1581,407,75.69,20.63,1.2,3.302,34.04,21.76,28.61,22.9,100.1,68.04,1.19,5.375
"2024-01-15",NA,0,0,NA,0,0,0,0,0,0,0,0,0,100,47.57,1300,412.9,60.31,20.67,1.427,2.54,37.36,23.26,31.21,24.4,159.9,87.2,1.658,6.35
"2024-01-16",NA,0,0,NA,0,0,0,0,0,0,0,0,0,98.5,62.96,1461,341.5,68.3,17.71,1.199,3.302,31.69,22.86,28.03,23.62,152.9,27.53,1.194,4.7
"2024-01-17",NA,0,0,NA,0,0,0,0,0,0,0,0,0,100,77.79,1540,212.5,69.11,12.14,0.665,33.53,29.96,20.26,26.17,20.96,144.8,35.09,1.334,7.925
"2024-01-18",NA,0,0,NA,0,0,0,0,0,0,0,0,0,100,62.93,1529,241.1,72.86,12.92,0.812,23.62,26.33,18.94,22.3,19.88,155.4,19.89,1.877,6.275
"2024-01-19",NA,0,0,NA,0,0,0,0,0,0,0,0,0,100,59.98,1507,358.3,71.94,18.44,1.233,4.826,27.65,17.23,22.67,17.76,157.8,16.48,1.654,6.125
"2024-01-20",NA,0,0,NA,0,0,0,0,0,0,0,0,0,97.2,48.41,1585,383.2,73.56,19.14,1.342,0.254,28.74,17.11,24.08,17.67,161.8,18.9,1.17,5.225
"2024-01-21",NA,0,0,NA,0,0,0,0,0,0,0,0,0,99.7,52.4,1481,442.3,69.21,22.07,1.597,0,29.55,16.56,26.63,18.21,126.7,39.35,1.271,5.525
"2024-01-22",NA,0,0,NA,0,0,0,0,0,0,0,0,0,100,51.6,1276,435.7,61.52,21.68,1.56,0,31.74,18.62,28.13,20.45,160.8,53.75,1.063,5.525
"2024-01-23",NA,0,0,NA,0,0,0,0,0,0,0,0,0,100,62.55,1507,367.9,71.13,18.61,1.186,0.762,30.66,20.82,26.25,22.07,164,33.25,1.493,5.825
"2024-01-24",NA,0,0,NA,0,0,0,0,0,0,0,0,0,97.5,55.98,1731,290.5,78.92,15.05,1.038,0,28.03,19.59,24.45,20.49,164,32.47,1.181,4.475
"2024-01-25",NA,0,0,NA,0,0,0,0,0,0,0,0,0,98.9,57.12,1527,384.2,72.15,19.44,1.336,0,29.68,17.94,25.53,18.5,151.7,47.9,1.119,4.775
"2024-01-26",NA,0,0,NA,0,0,0,0,0,0,0,0,0,100,52.12,1278,428.8,62.03,21.3,1.513,0,30.35,17.49,27.9,19.07,120.6,78.46,1.37,5.975
"2024-01-27",NA,0,0,NA,0,0,0,0,0,0,0,0,0,100,60.48,1442,364.4,65.16,18.22,1.215,0,31.51,20.22,28.36,21.43,2.525,69.06,1.502,6.275
"2024-01-28",NA,0,0,NA,0,0,0,0,0,0,0,0,0,99.9,55.74,1351,421,64.15,20.69,1.375,0,32.99,21,29.06,22.68,8.3,85.7,1.432,7.25
"2024-01-29",NA,0,0,NA,0,0,0,0,0,0,0,0,0,100,57.98,1410,407.6,66.79,20.34,1.344,0,32.31,19.87,28.35,21.36,77.74,70.39,1.376,6.2
"2024-01-30",NA,0,0,NA,0,0,0,0,0,0,0,0,0,100,56.78,1332,402.5,65.16,20.33,1.371,0,33.07,19.98,28.83,21.63,107.8,56.9,1.389,6.35
"2024-01-31",NA,0,0,NA,0,0,0,0,0,0,0,0,0,100,52.01,1377,407.1,64.45,20.35,1.351,1.016,31.29,20.24,27.49,21.85,124.4,57.45,1.202,6.2
"2024-02-01",NA,0,0,NA,0,0,0,0,0,0,0,0,0,99.5,64.08,1562,375.7,71.23,18.99,1.225,2.032,30.34,20.1,26.85,21.54,138.9,48.68,1.207,6.725
"2024-02-02",NA,0,0,NA,0,0,0,0,0,0,0,0,0,100,53,1617,318.7,73.26,16.46,1.156,2.286,30.46,19.87,26.63,21.21,126.2,43.8,1.19,5.6
"2024-02-03",NA,0,0,NA,0,0,0,0,0,0,0,0,0,99.8,57.2,1319,417.6,63.75,21.01,1.453,0.254,30.85,20.76,27.87,21.97,103.3,78.69,1.572,6.875
"2024-02-04",NA,0,0,NA,0,0,0,0,0,0,0,0,0,99.1,52.05,1385,417,65.67,20.65,1.421,0,32.78,20.61,29.31,22.21,90.5,79.21,1.453,6.125
"2024-02-05",NA,0,0,NA,0,0,0,0,0,0,0,0,0,99,63.73,1478,352.4,67.39,18.05,1.113,0.508,31.62,23.6,28.65,24.94,84.4,92.7,1.344,6.05
"2024-02-06",NA,0,0,NA,0,0,0,0,0,0,0,0,0,99.9,63.83,1457,397.3,67.69,20.2,1.321,1.524,31,19.98,27.76,21.97,146.8,61.14,1.14,5.825
"2024-02-07",NA,0,0,NA,0,0,0,0,0,0,0,0,0,100,58.36,1300,406.3,62.03,20.42,1.431,0,33.93,18.59,29.15,20.6,140.5,73.14,1.627,6.2
"2024-02-08",NA,0,0,NA,0,0,0,0,0,0,0,0,0,98.8,58.96,1376,351.8,62.94,18.14,1.111,0,32.36,23.32,28.14,24.6,160.3,33.33,1.106,4.85
"2024-02-09",NA,0,0,NA,0,0,0,0,0,0,0,0,0,99.6,60.83,1365,351.3,64.76,17.78,1.19,3.81,33.48,22.43,29.7,24.26,65.11,89.1,1.516,6.125
"2024-02-10",NA,0,0,NA,0,0,0,0,0,0,0,0,0,100,63.87,1318,282.1,63.04,15.12,0.871,1.27,30.7,20.76,25.37,21.54,164.4,69.8,1.625,7.25
"2024-02-11",NA,0,0,NA,0,0,0,0,0,0,0,0,0,99.4,54.7,1565,322.4,73.86,16.85,1.068,0.254,30.4,19.57,25.23,20.13,153.5,20.76,1.153,4.775
"2024-02-12",NA,0,0,NA,0,0,0,0,0,0,0,0,0,92.6,50.7,1421,403.5,65.57,20.09,1.362,0,31.53,20.94,27.45,21.82,127,46.16,1.269,5.75
"2024-02-13",NA,0,0,NA,0,0,0,0,0,0,0,0,0,98.1,48.79,1341,392.6,62.84,19.62,1.355,0,30.85,20.14,28.42,22.54,19.42,71.89,1.233,6.2
"2024-02-14",NA,0,0,NA,0,0,0,0,0,0,0,0,0,99.7,45.72,1134,417,56.46,20.64,1.441,0,32.24,18.71,29.73,21.15,84.6,62.33,1.173,5.675
"2024-02-15",NA,0,0,NA,0,0,0,0,0,0,0,0,0,100,48.41,1272,404.2,62.13,20.09,1.364,1.016,35.89,22.65,31.85,25.24,9.5,82.7,2.118,7.175
"2024-02-16",NA,0,0,NA,0,0,0,0,0,0,0,0,0,98.3,46.65,1084,387,55.05,19.35,1.237,0,37.51,26.12,32.49,27.2,40.95,65.89,2.065,6.875
"2024-02-17",NA,0,0,NA,0,0,0,0,0,0,0,0,0,99.7,66.84,1367,327,62.33,16.38,1.036,0,33.44,22.55,28.58,23.51,148.5,42.69,1.288,5.15
"2024-02-18",NA,0,0,NA,0,0,0,0,0,0,0,0,0,98,66.23,1394,263.6,65.77,14.19,0.765,0,31.75,22.41,26.69,23.23,166.1,44.59,1.45,4.325
"2024-02-19",NA,0,0,NA,0,0,0,0,0,0,0,0,0,99.9,62.16,1375,389.8,64.96,19.83,1.281,1.27,32.63,22.64,27.43,23.3,158.1,29.27,1.454,4.925
"2024-02-20",NA,0,0,NA,0,0,0,0,0,0,0,0,0,100,57.82,1418,353.9,66.07,18.13,1.116,0,32.33,22.82,28.81,24.27,116.7,62.95,1.433,6.5
"2024-02-21",NA,0,0,NA,0,0,0,0,0,0,0,0,0,99.4,51.92,1384,312.1,63.44,15.52,1.077,0,32.67,20.79,29.05,22.27,28.15,84.1,1.352,6.275
"2024-02-22",NA,0,0,NA,0,0,0,0,0,0,0,0,0,96.9,61.1,1349,266.3,58.18,13.44,0.86,0,32.53,23.29,28.95,24.17,34.08,68.43,1.254,5.9
"2024-02-23",NA,0,0,NA,0,0,0,0,0,0,0,0,0,98.3,53.43,1279,342,57.88,17.02,1.053,0,34.25,22.01,29.48,23.48,8.14,46.61,1.27,6.275
"2024-02-24",NA,0,0,NA,0,0,0,0,0,0,0,0,0,99.3,45.73,1130,352.5,55.86,17.88,1.217,0,36.37,22.29,30.07,23.05,10.67,41.73,1.777,7.1
"2024-02-25",NA,0,0,NA,0,0,0,0,0,0,0,0,0,100,41.98,991,376.8,49.89,18.55,1.268,0.254,38.64,23.25,31.21,23.98,60.5,80.1,1.778,6.575
"2024-02-26","normal",0,0,0,0,NA,0,0,0,0,0,0,0,100,68.89,1388,222,69.63,12.71,0.793,28.96,26.58,19.28,NA,NA,161.7,37.67,1.898,5.9
"2024-02-27","normal",0,0,0,0,NA,0,0,0,0,0,0,0,100,65.74,1417,244.6,67.09,13.54,0.781,3.302,27.22,18.39,NA,NA,157.5,21.93,1.215,4.925
"2024-02-28","normal",0,0,0,0,NA,0,0,0,0,0,0,0,98.7,49.51,1488,347.8,70.12,17.89,1.138,0,28.87,18.27,NA,NA,154.8,18.69,1.447,5.3
"2024-02-29","normal",0,0,0,0,NA,0,0,0,0,0,0,0,98,52.97,1336,307.7,64.86,16.01,1.004,1.27,29.35,17.97,NA,NA,153.3,20.48,1.055,4.175
"2024-03-01","normal",0,0,0,0,NA,0,0,0,0,0,0,0,99.3,53.81,1425,352,67.09,17.84,1.19,0,31.18,18.95,NA,NA,140.1,53.68,1.179,5.825
"2024-03-02","normal",0,0,0,0,NA,0,0,0,0,0,0,0,100,51.45,1251,368.7,59.5,18.28,1.223,0,32.7,18.78,NA,NA,119.5,88.9,1.491,7.1
"2024-03-03","normal",0,0,0,0,NA,0,0,0,0,0,0,0,100,57.98,1291,359.1,59.4,17.9,1.161,0,32.79,21.98,NA,NA,116.4,59.12,1.19,5.15
"2024-03-04","normal",0,0,0,0,NA,0,0,0,0,0,0,0,100,52.81,1234,364.9,58.28,18.19,1.203,0,33.53,21.49,NA,NA,23.33,95.3,1.666,7.1
"2024-03-05","normal",0,0,0,0,NA,0,0,0,0,0,0,0,99.3,45.41,956,370.6,48.37,18.11,1.214,0,37.66,23.82,NA,NA,16.76,58.75,1.975,6.65
"2024-03-06",NA,0,0,NA,0,0,0,0,0,0,0,0,0,95.1,56.62,1211,336,55.65,16.96,1.084,0,31.56,23.37,27.7,23.8,161.8,47.56,1.488,5.675
"2024-03-07",NA,0,0,NA,0,0,0,0,0,0,0,0,0,99.8,66.79,1373,190.3,60.61,10.73,0.683,19.56,32.18,21.49,27.28,22.86,148.8,63.69,0.887,5.225
"2024-03-08",NA,0,0,NA,0,0,0,0,0,0,0,0,0,99.9,49.22,976,374.5,50.29,18.85,1.258,0.508,36.38,21.63,28.64,22.21,170.2,67.26,1.531,6.5
"2024-03-09",NA,0,0,NA,0,0,0,0,0,0,0,0,0,100,65.42,1068,362.7,55.25,18.46,1.236,0,31.46,23.83,28.31,24.19,158.4,30.64,1.327,5.6
"2024-03-10",NA,0,0,NA,0,0,0,0,0,0,0,0,0,100,59.22,1140,367.1,55.05,18.34,1.209,0,33.94,23.87,30.23,24.96,122.9,61.16,1.359,5.825
"2024-03-11",NA,0,0,NA,0,0,0,0,0,0,0,0,0,100,58.89,1178,357.5,56.26,17.93,1.159,0,33.28,23.32,29.2,24.64,131.3,59.5,1.19,5.15
"2024-03-12",NA,0,0,NA,0,0,0,0,0,0,0,0,0,100,69.39,1072,214.7,51.41,11.97,0.734,0,31.65,23.23,28.47,24.37,115.5,61.69,1.052,5.3
"2024-03-13",NA,0,0,NA,0,0,0,0,0,0,0,0,0,100,89.8,359.5,70.87,24.89,5.121,0.267,267.7,26.76,20.35,23.75,21.34,152.3,36.91,1.969,9.8
"2024-03-14",NA,0,0,NA,0,0,0,0,0,0,0,0,0,100,78.3,1150,128.5,51.2,7.554,0.428,1.27,27.45,19.76,23.34,20.72,159.9,20.48,1.13,4.4
"2024-03-15",NA,0,0,NA,0,0,0,0,0,0,0,0,0,99.4,64.28,1107,227.1,52.01,12.31,0.794,0,28.72,18.99,24.6,19.86,150.6,36.42,1.103,4.25
"2024-03-16",NA,0,0,NA,0,0,0,0,0,0,0,0,0,100,61,978,347,51,17.26,1.146,0,33.93,21.13,28.54,21.91,155.8,58.86,1.473,6.2
"2024-03-17",NA,0,0,NA,0,0,0,0,0,0,0,0,0,92.5,67.94,1299,252.9,58.69,13.26,0.843,0,29.73,22.15,26.31,23.17,157.6,29.09,1.708,5.45
"2024-03-18",NA,0,0,NA,0,0,0,0,0,0,0,0,0,100,65.14,1195,256.9,56.26,13.37,0.84,1.016,29.4,20.26,25.29,21.32,156.1,24.66,0.902,3.65
"2024-03-19",NA,0,0,NA,0,0,0,0,0,0,0,0,0,100,55.33,979,310.2,48.17,15.44,1.007,0,32.15,20.78,27.92,22.08,128.3,78.89,1.308,5.225
"2024-03-20",NA,0,0,NA,0,0,0,0,0,0,0,0,0,100,60.38,1168,276,53.63,14.49,0.743,29.72,30.68,22.32,27.18,23.42,103,75.36,1.133,4.7
"2024-03-21",NA,0,0,NA,0,0,0,0,0,0,0,0,0,98.5,61.84,1307,231.1,62.33,12.3,0.74,0.254,29.14,20.94,26.32,22.5,120,37.36,1.393,5
"2024-03-22",NA,0,0,NA,0,0,0,0,0,0,0,0,0,99.5,76.48,705.6,166.7,35.01,9.69,0.651,2.286,27.78,20.57,24.59,21.3,148.5,32,0.693,3.875
"2024-03-23",NA,0,0,NA,0,0,0,0,0,0,0,0,0,100,59.62,1194,307,57.07,15.47,0.959,6.35,29.62,20.78,25.67,21.76,142.4,25.15,0.998,5.3
"2024-03-24",NA,0,0,NA,0,0,0,0,0,0,0,0,0,100,83.6,631,102.3,30.97,5.959,0.32,59.94,27.39,21.74,24.01,22.6,140,36.5,1.437,7.625
"2024-03-25",NA,0,0,NA,0,0,0,0,0,0,0,0,0,100,64.54,1195,272.5,54.24,13.66,0.884,0.508,28.93,21.1,26.21,22.85,131.9,20.03,1.894,6.65
"2024-03-26",NA,0,0,NA,0,0,0,0,0,0,0,0,0,100,56.11,1296,312.5,60.72,15.72,1.008,0.254,29.41,19.78,25.43,20.98,145.8,51.2,1.021,4.925
"2024-03-27",NA,0,0,NA,0,0,0,0,0,0,0,0,0,100,48.64,1215,324.3,57.07,16.16,1.045,0,29.98,18.56,25.83,20.28,144.1,51.62,1.046,4.925
"2024-03-28",NA,0,0,NA,0,0,0,0,0,0,0,0,0,100,47.91,1008,331.6,48.57,16.31,1.047,0,30.9,17.63,26.17,19.41,135.8,50.04,0.903,5.675
"2024-03-29",NA,0,0,NA,0,0,0,0,0,0,0,0,0,100,58.25,1256,295.9,58.28,14.94,0.953,3.302,31.06,19.35,25.93,20.83,163.9,23.35,0.847,4.1
"2024-03-30",NA,0,0,NA,0,0,0,0,0,0,0,0,0,100,81.5,1381,185.9,63.35,10.25,0.562,10.16,26.46,20.52,23.72,21.81,159.3,28.7,0.763,3.8
"2024-03-31",NA,0,0,NA,0,0,0,0,0,0,0,0,0,100,59.35,1393,208,61.73,11.05,0.732,0.254,28.44,20.59,25.1,21.93,148.3,54.97,0.945,4.175
"2024-04-01",NA,0,0,NA,0,0,0,0,0,0,0,0,0,100,44.58,982,342.7,48.16,17.06,1.106,0,29.87,18.9,26.05,20.43,158.4,65.08,1.169,6.275
"2024-04-02",NA,0,0,NA,0,0,0,0,0,0,0,0,0,100,56.73,1073,334.6,51.2,16.53,1.052,0,30.06,18.75,26.18,20.49,134.1,52.52,1.104,6.05
"2024-04-03",NA,0,0,NA,0,0,0,0,0,0,0,0,0,100,63.43,1122,285.9,51.81,14.39,0.862,0,30.63,20.72,26.13,22.07,160.1,19.01,0.804,3.95
"2024-04-04",NA,0,0,NA,0,0,0,0,0,0,0,0,0,100,65.67,1232,256.6,55.86,13.32,0.809,0,30.41,21.95,26.74,23.15,139.9,77.45,1.038,4.55
"2024-04-05",NA,0,0,NA,0,0,0,0,0,0,0,0,0,100,58.6,1069,270.1,48.57,13.57,0.79,3.302,33.91,21.67,26.63,22.48,190,71.08,1.311,6.05
"2024-04-06",NA,0,0,NA,0,0,0,0,0,0,0,0,0,100,81.7,1160,195.2,50.19,10.85,0.599,9.4,26.08,20.21,23.17,20.98,158.6,24.03,1.397,5.525
"2024-04-07",NA,0,0,NA,0,0,0,0,0,0,0,0,0,98.6,64.07,879,170.2,44.83,9.72,0.515,2.794,27.54,21.08,23.57,21.81,128.8,23.13,1.37,6.5
"2024-04-08",NA,0,0,NA,0,0,0,0,0,0,0,0,0,100,54.97,1067,256.4,50.19,13.31,0.785,0.508,27.82,18.21,24.41,20.04,136.2,57.39,1.05,5
"2024-04-09",NA,0,0,NA,0,0,0,0,0,0,0,0,0,98.8,75.11,1266,179.6,59.2,9.74,0.564,0.254,27.93,20.38,24.26,21.26,204.7,70.58,1.581,7.85
"2024-04-10",NA,0,0,NA,0,0,0,0,0,0,0,0,0,99.6,50.61,884,320.5,43.82,15.86,1.021,0,28.54,17.91,23.42,18.86,168.3,28.3,1.191,5.15
"2024-04-11",NA,0,0,NA,0,0,0,0,0,0,0,0,0,90.4,63.1,1190,247.7,50.7,12.46,0.718,0,25.04,16.72,21.5,17.56,163,25.33,1.602,5.975
"2024-04-12",NA,0,0,NA,0,0,0,0,0,0,0,0,0,94.8,47.68,946,308.8,41.89,14.85,0.941,0,27.04,15.37,21.34,15.88,165.6,24.49,1.04,4.1
"2024-04-13",NA,0,0,NA,0,0,0,0,0,0,0,0,0,94.9,55.1,912,219.1,38.96,10.65,0.66,0,26.89,16.77,22.7,17.46,155.7,39.5,0.821,3.575
"2024-04-14",NA,0,0,NA,0,0,0,0,0,0,0,0,0,100,54.57,965,249,39.87,11.33,0.711,0,28.71,17.58,24.55,18.77,123.2,67.31,0.978,5.15
"2024-04-15",NA,0,0,NA,0,0,0,0,0,0,0,0,0,99.5,63.43,957,177.8,41.79,9.11,0.534,0,27.56,18.42,23.84,19.75,52.43,88.5,0.942,4.85
"2024-04-16",NA,0,0,NA,0,0,0,0,0,0,0,0,0,100,60.5,1116,225.9,47.96,11.36,0.692,0,27.58,18.27,23.69,18.83,125.6,69.53,0.999,5.3
"2024-04-17",NA,0,0,NA,0,0,0,0,0,0,0,0,0,100,61.26,1078,236.9,47.05,11.53,0.679,4.064,28.04,15.48,22.08,16.72,158.2,69.54,0.741,4.025
"2024-04-18",NA,0,0,NA,0,0,0,0,0,0,0,0,0,100,52.92,786.8,293.4,39.36,14.29,0.904,0,30.2,15.55,23.48,17.11,153.1,66.55,0.909,5.675
"2024-04-19",NA,0,0,NA,0,0,0,0,0,0,0,0,0,100,59.32,897,292.7,42.3,14.35,0.907,0,31.06,16.59,24.24,17.77,163,53.84,0.789,4.4
"2024-04-20",NA,0,0,NA,0,0,0,0,0,0,0,0,0,100,52.05,782,292.6,39.06,14.19,0.896,0,32.55,17.81,25.43,19.01,211.6,81,1.008,4.325
"2024-04-21",NA,0,0,NA,0,0,0,0,0,0,0,0,0,100,46.01,781.5,292.5,38.86,14.2,0.897,0,34.6,19.21,26,18.81,202.1,68.8,0.83,3.95
"2024-04-22",NA,0,0,NA,0,0,0,0,0,0,0,0,0,100,46.73,893,285.4,40.47,13.68,0.851,0,34.57,18.39,26.55,19.87,207,69.36,1.196,5.825
"2024-04-23",NA,0,0,NA,0,0,0,0,0,0,0,0,0,100,65.9,973,207.9,39.97,10.32,0.644,0,29.57,21.31,25.03,21.81,153.1,17.93,1.019,5
"2024-04-24",NA,0,0,NA,0,0,0,0,0,0,0,0,0,100,53.26,936,282.3,42.5,13.43,0.826,0,30.43,19.73,25.6,20.35,126.9,38.54,0.92,4.4
"2024-04-25",NA,0,0,NA,0,0,0,0,0,0,0,0,0,100,59.9,1004,213.6,40.07,10.14,0.611,0,31.9,20.96,25.79,21.25,139.7,30.93,0.707,4.55
"2024-04-26",NA,0,0,NA,0,0,0,0,0,0,0,0,0,100,62.19,891,238.4,41.19,11.59,0.667,0.254,29.56,19.64,24.53,20.23,155.5,18.25,1.106,4.925
"2024-04-27",NA,0,0,NA,0,0,0,0,0,0,0,0,0,100,64.34,1025,244.3,47.77,11.92,0.673,4.572,26.32,17,21.62,17.81,159.9,19.62,1.163,4.85
"2024-04-28",NA,0,0,NA,0,0,0,0,0,0,0,0,0,100,52.47,1113,271,48.57,13.26,0.817,0,26.98,15.56,21.43,16.59,149.7,23.65,1.013,3.8
"2024-04-29",NA,0,0,NA,0,0,0,0,0,0,0,0,0,100,53.51,968,287.3,43.31,13.39,0.822,0,28.52,13.67,21.85,15.67,164.6,72.87,1.102,5.375
"2024-04-30",NA,0,0,NA,0,0,0,0,0,0,0,0,0,100,57.96,730,272,35.62,12.91,0.803,0,29.39,15.18,22.69,16.05,215.5,62.95,1.182,5.45
"2024-05-01",NA,0,0,NA,0,0,0,0,0,0,0,0,0,100,38.21,728.7,270.8,35.21,12.8,0.796,0,34.42,15.7,23.08,15.25,178.4,37.09,0.777,3.5
"2024-05-02",NA,0,0,NA,0,0,0,0,0,0,0,0,0,100,54.52,794.2,242.5,39.87,13.07,0.803,0,29.68,17.79,22.91,17.99,158.4,16.22,0.852,3.2
"2024-05-03",NA,0,0,NA,0,0,0,0,0,0,0,0,0,100,57.1,849,237.1,41.09,12.62,0.768,0,29.88,15.92,23.31,16.83,133.9,37.99,0.981,4.55
"2024-05-04",NA,0,0,NA,0,0,0,0,0,0,0,0,0,100,50.76,824,241.9,40.68,12.87,0.789,0,30.03,15.12,23.52,15.9,151.5,76.32,1.162,5
"2024-05-05",NA,0,0,NA,0,0,0,0,0,0,0,0,0,100,50.93,633,238.5,34.61,12.43,0.768,0,30.68,16.95,23.31,16.98,236.4,72.6,1.202,5.675
"2024-05-06",NA,0,0,NA,0,0,0,0,0,0,0,0,0,100,49.68,631.5,238.4,35.01,12.66,0.771,0,31.55,16.1,23.91,16.44,193.7,81,1.305,4.7
"2024-05-07",NA,0,0,NA,0,0,0,0,0,0,0,0,0,100,49.59,649.4,249.6,35.72,12.91,0.795,0,30.55,16.2,23.09,16.57,235.6,79.71,1.256,5.3
"2024-05-08",NA,0,0,NA,0,0,0,0,0,0,0,0,0,100,48.28,715.6,264.4,33.9,12.24,0.754,0,31.55,15.92,23.67,15.67,188.6,61.7,1.07,4.4
"2024-05-09",NA,0,0,NA,0,0,0,0,0,0,0,0,0,100,53.94,708.1,258,33.8,12.05,0.729,0,29.5,16.54,23.75,17.55,201.6,76.93,0.996,4.475
"2024-05-10",NA,0,0,NA,0,0,0,0,0,0,0,0,0,100,51.81,709.8,261.7,33.8,12.08,0.739,0,29.98,16.58,23.47,16.79,276,78.69,1.523,6.05
"2024-05-11",NA,0,0,NA,0,0,0,0,0,0,0,0,0,99.3,58.2,879,214.2,38.35,10.41,0.628,0,28.1,17.28,22.83,16.66,175.6,60.24,1.369,6.275
"2024-05-12",NA,0,0,NA,0,0,0,0,0,0,0,0,0,100,68.58,940,228.9,39.97,11.36,0.642,7.366,28.21,20.18,23.86,20.93,164.7,28.34,1.264,4.7
"2024-05-13",NA,0,0,NA,0,0,0,0,0,0,0,0,0,100,91.4,253.9,64.54,15.18,4.02,0.247,15.24,22.93,19.27,21.63,20.37,163,26.1,0.672,2.9
"2024-05-14",NA,0,0,NA,0,0,0,0,0,0,0,0,0,100,69.28,922,185.8,38.96,9.23,0.494,9.91,25.89,17.94,21.77,19.31,138,34.97,0.827,3.95
"2024-05-15",NA,0,0,NA,0,0,0,0,0,0,0,0,0,100,64.85,947,216.7,40.17,10.38,0.626,0,27.1,15.82,21.64,16.87,149.8,61.34,0.932,4.7
"2024-05-16",NA,0,0,NA,0,0,0,0,0,0,0,0,0,100,63.78,677.3,245,32.58,11.66,0.694,0,27.9,14.93,21.92,16.04,219.6,71.62,0.873,4.1
"2024-05-17",NA,0,0,NA,0,0,0,0,0,0,0,0,0,100,53.81,662,242.5,31.67,11.36,0.689,0,31.02,16.58,23.02,17.07,195.9,49.52,1.124,4.625
"2024-05-18",NA,0,0,NA,0,0,0,0,0,0,0,0,0,100,65.13,821,195.9,34,9.56,0.573,0,27.67,17.61,22.36,18.46,158.1,24.38,0.803,3.5
"2024-05-19",NA,0,0,NA,0,0,0,0,0,0,0,0,0,100,59.52,804,233,35.22,10.82,0.639,0,28.48,15.64,23.27,16.96,137.5,44.57,0.881,4.925
"2024-05-20",NA,0,0,NA,0,0,0,0,0,0,0,0,0,100,56.12,728.2,243.9,32.79,11.45,0.682,0,29.08,18.3,23.57,18.95,184,78.03,1.117,5
"2024-05-21",NA,0,0,NA,0,0,0,0,0,0,0,0,0,100,61.91,948,236.8,39.26,11,0.665,0,27.11,16.19,22.14,17,152.2,71.34,0.991,5
"2024-05-22",NA,0,0,NA,0,0,0,0,0,0,0,0,0,100,63.76,896,190.3,38.25,9.01,0.524,0,27.42,13.44,21.27,14.97,174,80.9,0.882,5.075
"2024-05-23",NA,0,0,NA,0,0,0,0,0,0,0,0,0,100,45.58,668.8,242.6,32.48,11.5,0.684,0,28.76,14.14,21.81,15.17,205.4,71.25,0.974,5.15
"2024-05-24",NA,0,0,NA,0,0,0,0,0,0,0,0,0,100,60.57,759.2,225.5,32.79,10.49,0.626,0,28.04,15.15,21.87,16.16,183.8,29.03,0.626,3.275
"2024-05-25",NA,0,0,NA,0,0,0,0,0,0,0,0,0,100,63.69,776.8,206.2,31.07,9.73,0.586,0,28.03,17.08,22.27,18.13,164.3,17.78,0.739,3.575
"2024-05-26",NA,0,0,NA,0,0,0,0,0,0,0,0,0,100,58.66,612.6,220.6,28.13,9.86,0.585,0,28.34,14.27,22.38,16.35,168,67.02,0.891,4.775
"2024-05-27",NA,0,0,NA,0,0,0,0,0,0,0,0,0,99.8,54.2,759.2,223.4,30.16,10.56,0.636,0,27.44,16.74,21.36,17.44,170.8,18.75,0.811,4.25
"2024-05-28",NA,0,0,NA,0,0,0,0,0,0,0,0,0,100,58.9,765.3,226.9,33.5,10.24,0.614,0,27.92,13.29,21.18,14.51,128.6,49.79,0.747,4.325
"2024-05-29",NA,0,0,NA,0,0,0,0,0,0,0,0,0,100,56.11,758.5,225.4,33.5,10.62,0.629,0,27.66,11.97,20.84,13.88,155,70.43,0.803,3.8
"2024-05-30",NA,0,0,NA,0,0,0,0,0,0,0,0,0,100,53.98,614.6,223.4,28.03,9.92,0.589,0,27.54,13.61,21.26,14.42,233,69.4,1.111,6.05
"2024-05-31",NA,0,0,NA,0,0,0,0,0,0,0,0,0,100,42.11,614.3,221.1,27.93,9.85,0.591,0,28.4,14.94,21.33,14.52,191.4,39.6,0.687,3.125
"2024-06-01",NA,0,0,NA,0,0,0,0,0,0,0,0,0,100,53.09,627,217.3,28.13,9.84,0.58,0,29.48,16.48,22.76,17.38,174,52.98,0.849,4.7
"2024-06-02",NA,0,0,NA,0,0,0,0,0,0,0,0,0,100,68.89,746.6,187,28.94,8.6,0.522,0,28.25,16.47,22.29,16.74,136.1,41.33,0.936,4.625
"2024-06-03",NA,0,0,NA,0,0,0,0,0,0,0,0,0,100,69.09,744.6,131.5,27.32,6.198,0.345,27.94,26.5,16.52,22.12,15.9,153.9,76.92,2.126,11.3
"2024-06-04",NA,0,0,NA,0,0,0,0,0,0,0,0,0,96.2,28.11,655,241.2,30.97,11.16,0.669,0,24.65,7.772,17,9.22,217.7,52.84,1.308,5.6
"2024-06-05",NA,0,0,NA,0,0,0,0,0,0,0,0,0,97.9,26.75,657.7,241.8,30.86,11.09,0.663,0,29.44,9.92,18.2,10.02,269.3,66.89,0.826,4.25
"2024-06-06",NA,0,0,NA,0,0,0,0,0,0,0,0,0,95.1,19.53,646.8,236.7,29.85,10.64,0.634,0,29.42,8.31,17.86,8.83,262,80.8,0.651,3.875
"2024-06-07",NA,0,0,NA,0,0,0,0,0,0,0,0,0,90.1,37.63,664.8,229.5,31.27,10.79,0.638,0,25.9,15.88,19.52,12.73,173,52.41,1.431,5.6
"2024-06-08",NA,0,0,NA,0,0,0,0,0,0,0,0,0,93.7,60.4,836,177,32.79,8.49,0.475,0.762,22.14,12.88,16.81,13.01,181.7,44.35,1.096,4.775
"2024-06-09",NA,0,0,NA,0,0,0,0,0,0,0,0,0,100,48.7,880,217.9,36.84,10.32,0.596,0,23.99,9.97,15.85,10.91,180,32.89,0.733,3.5
"2024-06-10",NA,0,0,NA,0,0,0,0,0,0,0,0,0,100,49.51,952,203.5,37.34,9.76,0.582,0,24.45,7.884,15.72,8.74,182.4,58.38,0.539,3.5
"2024-06-11",NA,0,0,NA,0,0,0,0,0,0,0,0,0,100,40.46,639.8,233,30.36,10.84,0.646,0,24.95,8.35,16.68,9.58,70.05,95.4,0.641,3.8
"2024-06-12",NA,0,0,NA,0,0,0,0,0,0,0,0,0,100,42.51,821,233.2,35.32,10.54,0.62,0,26.66,9.32,17.1,9.62,293.1,51.28,1.12,6.425
"2024-06-13",NA,0,0,NA,0,0,0,0,0,0,0,0,0,99,60.2,674.3,204.9,27.42,9,0.52,0,26.63,13.56,18.84,12.75,182.1,31.9,0.655,3.05
"2024-06-14",NA,0,0,NA,0,0,0,0,0,0,0,0,0,100,54.1,762.9,222.8,31.57,9.75,0.572,0,27.23,14.24,19.57,14.4,145.6,38.09,0.655,3.05
"2024-06-15",NA,0,0,NA,0,0,0,0,0,0,0,0,0,100,52.69,703.2,228.8,31.06,10.48,0.622,0,26.63,10.5,18.94,11.71,242,83,0.689,3.95
"2024-06-16",NA,0,0,NA,0,0,0,0,0,0,0,0,0,100,67.37,780.9,145.6,32.08,7.24,0.424,0,25.9,13.73,18.53,13.94,163,29.61,0.576,3.425
"2024-06-17",NA,0,0,NA,0,0,0,0,0,0,0,0,0,100,49.02,681.1,225.9,30.96,10.44,0.618,0,26.33,11.16,18.55,11.94,221.3,87.7,0.872,4.85
"2024-06-18",NA,0,0,NA,0,0,0,0,0,0,0,0,0,100,41.26,613.3,222.3,28.13,9.91,0.585,0,28.48,12.76,19.16,12.51,224.9,60.74,1.207,5.9
"2024-06-19",NA,0,0,NA,0,0,0,0,0,0,0,0,0,100,63.22,684.6,209.4,28.13,9.21,0.541,0,27.89,15.42,20.01,15.2,164.6,19.85,0.822,3.875
"2024-06-20",NA,0,0,NA,0,0,0,0,0,0,0,0,0,100,80.7,746.4,111.4,27.63,5.671,0.271,27.18,23.42,17.2,19.14,16.99,166.2,23.01,0.822,4.025
"2024-06-21",NA,0,0,NA,0,0,0,0,0,0,0,0,0,100,75.98,721,98,26.01,5.371,0.317,6.096,23.82,16.76,19.25,16.07,165.9,58.48,0.622,3.8
"2024-06-22",NA,0,0,NA,0,0,0,0,0,0,0,0,0,100,54.05,588.6,213.1,26.11,9.25,0.547,0,28.12,15.24,20.7,14.61,189.2,47.04,1.146,5.45
"2024-06-23",NA,0,0,NA,0,0,0,0,0,0,0,0,0,100,59,735.1,218.1,31.98,10.08,0.584,0,24.95,12.08,18.82,13.04,168.2,15.89,0.917,4.25
"2024-06-24",NA,0,0,NA,0,0,0,0,0,0,0,0,0,100,61.79,795,215.5,32.99,10.12,0.595,0,25.96,11.55,19.03,12.67,150.5,44.62,0.761,4.175
"2024-06-25",NA,0,0,NA,0,0,0,0,0,0,0,0,0,100,54.23,661.6,227,29.04,10.1,0.592,0,28.08,13.54,19.92,14.24,191.4,37.81,0.717,3.95
"2024-06-26",NA,0,0,NA,0,0,0,0,0,0,0,0,0,100,69.09,895,183,37.14,8.73,0.447,5.334,24.7,16.89,19.3,17.17,169.8,17.57,0.664,3.2
"2024-06-27",NA,0,0,NA,0,0,0,0,0,0,0,0,0,100,63.92,628,212.6,29.14,10.13,0.564,4.318,25.72,15.64,19.54,15.9,166.2,17.25,0.739,3.65
"2024-06-28",NA,0,0,NA,0,0,0,0,0,0,0,0,0,100,61.13,836,197.5,35.01,9.49,0.556,0.508,25.54,15.44,19.84,16.05,167.7,40.4,0.653,3.05
"2024-06-29",NA,0,0,NA,0,0,0,0,0,0,0,0,0,100,49.38,634,227.6,30.26,10.74,0.64,0,26.3,12.96,19.36,13.8,208.1,51.79,0.96,4.625
"2024-06-30",NA,0,0,NA,0,0,0,0,0,0,0,0,0,99.9,39.36,610.3,221.7,28.94,10.22,0.607,0,29.55,14.04,19.12,13.62,192.3,56.5,0.712,3.425
"2024-07-01",NA,0,0,NA,0,0,0,0,0,0,0,0,0,100,45.2,600.2,219.5,27.73,9.86,0.586,0,27.65,11.25,18.72,12.19,186.4,52.3,0.639,3.425
"2024-07-02",NA,0,0,NA,0,0,0,0,0,0,0,0,0,100,51.39,804,196.1,33.8,9.31,0.518,0,26.96,12.8,18.56,13.53,167.5,55.11,0.717,4.925
"2024-07-03",NA,0,0,NA,0,0,0,0,0,0,0,0,0,100,49.55,583.7,213.4,25.5,9.08,0.541,0,27.26,13.69,19.36,14.24,218.2,68.45,0.93,4.775
"2024-07-04",NA,0,0,NA,0,0,0,0,0,0,0,0,0,89.2,42.85,614.8,222.8,27.83,9.88,0.59,0,28.12,13.92,19.11,13.25,179.8,35.69,0.957,5.45
"2024-07-05",NA,0,0,NA,0,0,0,0,0,0,0,0,0,92.1,39.97,637.3,230.7,29.85,10.5,0.622,0,26.23,12.17,18.46,12.37,205.3,50.51,1.046,5.45
"2024-07-06",NA,0,0,NA,0,0,0,0,0,0,0,0,0,95.2,26.54,638.8,231.1,28.13,9.97,0.597,0,24.74,8.73,15.84,10.21,183.1,37.68,0.664,4.175
"2024-07-07",NA,0,0,NA,0,0,0,0,0,0,0,0,0,96,33.36,646.4,234.2,28.84,10.09,0.593,0,25.32,6.633,17.34,7.719,314.6,49.94,1.884,7.85
"2024-07-08",NA,0,0,NA,0,0,0,0,0,0,0,0,0,74.88,19.5,639.3,227.5,28.33,9.81,0.578,0,26.52,7.772,17,8.16,281.2,40.98,0.723,5.3
"2024-07-09",NA,0,0,NA,0,0,0,0,0,0,0,0,0,85.5,16.64,669.6,244.7,29.65,10.4,0.616,0,23.88,2.896,13.7,3.617,342.3,28.13,0.451,4.475
"2024-07-10",NA,0,0,NA,0,0,0,0,0,0,0,0,0,77.45,13.87,654.3,238.6,29.85,10.42,0.613,0,31.89,6.552,17.44,5.803,327.9,19.34,0.909,5.975
"2024-07-11",NA,0,0,NA,0,0,0,0,0,0,0,0,0,70.49,11.13,654.9,238.3,28.94,9.9,0.584,0,35.31,8.33,19.77,7.915,332.1,25.24,0.589,5.75
"2024-07-12",NA,0,0,NA,0,0,0,0,0,0,0,0,0,93.4,19.13,624.7,226.7,24.39,8.34,0.499,0,32.87,11.09,20.16,9.18,336.8,31.13,0.515,2.975
"2024-07-13",NA,0,0,NA,0,0,0,0,0,0,0,0,0,96.8,28.53,629.7,226.9,25.4,8.61,0.508,0,30.73,9.25,19.94,9.84,0.558,21.83,0.467,4.025
"2024-07-14",NA,0,0,NA,0,0,0,0,0,0,0,0,0,99.9,24.59,611.1,220.9,24.39,8.47,0.498,0,34.44,12.62,21.5,12.81,185.6,73.91,0.822,5.525
"2024-07-15",NA,0,0,NA,0,0,0,0,0,0,0,0,0,97.5,54.66,808,198.6,33.6,9.12,0.517,0,25.18,13.91,21.09,15.56,144,39.21,0.736,5.375
"2024-07-16",NA,0,0,NA,0,0,0,0,0,0,0,0,0,100,50.87,778.9,215.6,31.37,9.54,0.566,0,26.25,12.48,20.69,13.76,9.12,62.43,0.91,5.825
"2024-07-17",NA,0,0,NA,0,0,0,0,0,0,0,0,0,100,61,651.4,230.1,28.84,10.32,0.616,0,27.62,14.46,21.38,15.31,162.1,38.17,0.625,3.65
"2024-07-18",NA,0,0,NA,0,0,0,0,0,0,0,0,0,100,42.08,630.8,227.9,27.02,9.43,0.56,0,29.98,12.41,21.74,14.57,209.9,69.53,1.23,5.45
"2024-07-19",NA,0,0,NA,0,0,0,0,0,0,0,0,0,98.2,55.83,692.7,225.7,29.65,9.87,0.591,0,25.52,14.88,20.2,15.12,168.4,35.56,0.951,4.775
"2024-07-20",NA,0,0,NA,0,0,0,0,0,0,0,0,0,99.6,61.53,683.7,159.7,26.01,6.943,0.405,0,25.36,14.33,19.83,14.86,152.9,25.32,0.571,3.575
"2024-07-21",NA,0,0,NA,0,0,0,0,0,0,0,0,0,100,62.52,852,222.2,35.42,10.57,0.634,0,24.65,15,20.06,16.27,158.2,15.73,0.902,3.8
"2024-07-22",NA,0,0,NA,0,0,0,0,0,0,0,0,0,100,56.15,787.4,221.7,29.65,9.52,0.567,0,26.78,14.3,21.42,15.84,154.2,30.2,0.946,4.625
"2024-07-23",NA,0,0,NA,0,0,0,0,0,0,0,0,0,100,69.71,747.6,166.6,28.54,7.425,0.432,0,25.17,15.25,21.48,17.09,138.1,30.19,0.889,4.325
"2024-07-24",NA,0,0,NA,0,0,0,0,0,0,0,0,0,100,42.01,646.1,237.2,28.13,10.27,0.618,0,29.56,16.84,22.18,16.96,179.9,33.91,1.149,4.7
"2024-07-25",NA,0,0,NA,0,0,0,0,0,0,0,0,0,97,55.01,726,240.7,32.89,11.15,0.674,0,24.61,13.63,18.42,13.93,164.9,15.16,1.029,4.85
"2024-07-26",NA,0,0,NA,0,0,0,0,0,0,0,0,0,100,50.9,858,244.4,35.32,11.02,0.664,0,26.6,10.28,19.51,11.51,148.9,70.47,1.138,6.2
"2024-07-27",NA,0,0,NA,0,0,0,0,0,0,0,0,0,100,54.6,647.9,232.2,29.55,10.11,0.609,0,28.37,14.53,20.89,13.68,164.2,67.92,1.257,5.3
"2024-07-28",NA,0,0,NA,0,0,0,0,0,0,0,0,0,100,12.49,711.8,259.4,32.78,11.64,0.697,0,33.17,17.35,22.47,16.23,191.6,39.97,1.297,6.05
"2024-07-29",NA,0,0,NA,0,0,0,0,0,0,0,0,0,97.7,52.28,909,218.1,38.35,10.36,0.613,0,23.88,12.34,18.37,12.13,154.8,24.01,0.928,4.625
"2024-07-30",NA,0,0,NA,0,0,0,0,0,0,0,0,0,99.4,45.02,777.4,226.7,33.5,10.19,0.609,0,27.42,11.9,19.47,11.32,201.9,55.27,1.301,6.275
"2024-07-31",NA,0,0,NA,0,0,0,0,0,0,0,0,0,98.2,63.32,770.8,106.2,28.03,5.154,0.296,0,21.95,13.21,18.11,12.8,174.4,20.83,0.636,2.975
"2024-08-01",NA,0,0,NA,0,0,0,0,0,0,0,0,0,100,62.56,577.4,161.6,19.13,5.997,0.362,0,24.06,9.99,17.35,10.65,156.8,64.4,0.615,3.425
"2024-08-02",NA,0,0,NA,0,0,0,0,0,0,0,0,0,100,53.98,578.4,160.3,17.71,5.416,0.323,0,26.95,15.84,20.68,15.71,198.1,58.43,1.731,7.625
"2024-08-03",NA,0,0,NA,0,0,0,0,0,0,0,0,0,100,54.77,719.9,243.7,30.76,10.83,0.659,0,26.81,15.58,20.26,15.43,153.4,20.42,0.874,4.55
"2024-08-04",NA,0,0,NA,0,0,0,0,0,0,0,0,0,100,45.02,506.8,178.9,17,5.778,0.337,0,28.74,15.51,22.45,14.88,205.1,47.06,1.652,6.5
"2024-08-05",NA,0,0,NA,0,0,0,0,0,0,0,0,0,95.6,67.11,727.5,124.9,25.5,5.912,0.337,0.254,22.07,15.21,19.34,15.3,162.8,12.66,1.209,5.825
"2024-08-06",NA,0,0,NA,0,0,0,0,0,0,0,0,0,96.2,39.63,849,272.5,37.34,12.63,0.402,0,26.74,12.94,20.63,12.44,149.6,46.87,1.198,5.975
"2024-08-07",NA,0,0,NA,0,0,0,0,0,0,0,0,0,99.2,53.26,828,219.6,34.71,9.76,0.237,0,26.87,14.88,21.44,14.88,141.6,50.46,1.682,6.275
"2024-08-08",NA,0,0,NA,0,0,0,0,0,0,0,0,0,100,46.57,686.6,252.1,30.36,10.79,0.654,0,29.83,13.23,21.42,13.35,182.4,63.42,1.624,6.125
"2024-08-09",NA,0,0,NA,0,0,0,0,0,0,0,0,0,92.1,24.84,633.2,232.3,25.7,9.22,0.569,0,36.12,16.53,22.4,16.57,186.1,39.35,1.158,5.525
"2024-08-10",NA,0,0,NA,0,0,0,0,0,0,0,0,0,100,35.07,727.4,270.8,34.71,12.52,0.773,0,30.41,12.78,20.82,13.53,148,52.92,0.871,4.475
"2024-08-11",NA,0,0,NA,0,0,0,0,0,0,0,0,0,100,9.13,746,274.2,33.49,11.91,0.729,0,39,15.67,22.95,15.56,190.2,42.64,1.35,7.025
"2024-08-12",NA,0,0,NA,0,0,0,0,0,0,0,0,0,98.9,56.56,880,245.1,38.66,11.39,0.68,0.508,27.02,15.7,20.86,15.9,155.4,18.65,1.12,5.9
"2024-08-13",NA,0,0,NA,0,0,0,0,0,0,0,0,0,100,51.31,907,252.1,38.25,11.51,0.683,0,27.55,15.9,21.78,16.79,156.2,78.26,1.723,6.125
"2024-08-14","normal",0,NA,0,NA,NA,NA,NA,NA,NA,NA,NA,NA,NA,NA,NA,NA,NA,NA,NA,NA,NA,NA,NA,NA,NA,NA,NA,NA
"2024-08-15","normal",0,NA,0,NA,NA,NA,NA,NA,NA,NA,NA,NA,NA,NA,NA,NA,NA,NA,NA,NA,NA,NA,NA,NA,NA,NA,NA,NA
"2024-08-16","normal",0,NA,0,NA,NA,NA,NA,NA,NA,NA,NA,NA,NA,NA,NA,NA,NA,NA,NA,NA,NA,NA,NA,NA,NA,NA,NA,NA
"2024-08-17","normal",0,NA,0,NA,NA,NA,NA,NA,NA,NA,NA,NA,NA,NA,NA,NA,NA,NA,NA,NA,NA,NA,NA,NA,NA,NA,NA,NA
"2024-08-18","normal",0,NA,0,NA,NA,NA,NA,NA,NA,NA,NA,NA,NA,NA,NA,NA,NA,NA,NA,NA,NA,NA,NA,NA,NA,NA,NA,NA
"2024-08-19","normal",0,NA,0,NA,NA,NA,NA,NA,NA,NA,NA,NA,NA,NA,NA,NA,NA,NA,NA,NA,NA,NA,NA,NA,NA,NA,NA,NA
"2024-08-20","normal",0,NA,0,NA,NA,NA,NA,NA,NA,NA,NA,NA,NA,NA,NA,NA,NA,NA,NA,NA,NA,NA,NA,NA,NA,NA,NA,NA
"2024-08-21","normal",0,NA,0,NA,NA,NA,NA,NA,NA,NA,NA,NA,NA,NA,NA,NA,NA,NA,NA,NA,NA,NA,NA,NA,NA,NA,NA,NA
"2024-08-22","normal",0,NA,0,NA,NA,NA,NA,NA,NA,NA,NA,NA,NA,NA,NA,NA,NA,NA,NA,NA,NA,NA,NA,NA,NA,NA,NA,NA
"2024-08-23","normal",0,NA,0,NA,NA,NA,NA,NA,NA,NA,NA,NA,NA,NA,NA,NA,NA,NA,NA,NA,NA,NA,NA,NA,NA,NA,NA,NA
"2024-08-24","normal",0,NA,0,NA,NA,NA,NA,NA,NA,NA,NA,NA,NA,NA,NA,NA,NA,NA,NA,NA,NA,NA,NA,NA,NA,NA,NA,NA
"2024-08-25","normal",0,NA,0,NA,NA,NA,NA,NA,NA,NA,NA,NA,NA,NA,NA,NA,NA,NA,NA,NA,NA,NA,NA,NA,NA,NA,NA,NA
"2024-08-26","normal",0,NA,0,NA,NA,NA,NA,NA,NA,NA,NA,NA,NA,NA,NA,NA,NA,NA,NA,NA,NA,NA,NA,NA,NA,NA,NA,NA
"2024-08-27","normal",0,NA,0,NA,NA,NA,NA,NA,NA,NA,NA,NA,NA,NA,NA,NA,NA,NA,NA,NA,NA,NA,NA,NA,NA,NA,NA,NA
"2024-08-28","normal",0,NA,0,NA,NA,NA,NA,NA,NA,NA,NA,NA,NA,NA,NA,NA,NA,NA,NA,NA,NA,NA,NA,NA,NA,NA,NA,NA
"2024-08-29","normal",0,NA,0,NA,NA,NA,NA,NA,NA,NA,NA,NA,NA,NA,NA,NA,NA,NA,NA,NA,NA,NA,NA,NA,NA,NA,NA,NA
"2024-08-30","normal",0,NA,0,NA,NA,NA,NA,NA,NA,NA,NA,NA,NA,NA,NA,NA,NA,NA,NA,NA,NA,NA,NA,NA,NA,NA,NA,NA
"2024-08-31","normal",0,NA,0,NA,NA,NA,NA,NA,NA,NA,NA,NA,NA,NA,NA,NA,NA,NA,NA,NA,NA,NA,NA,NA,NA,NA,NA,NA
"2024-09-01","normal",0,NA,0,NA,NA,NA,NA,NA,NA,NA,NA,NA,NA,NA,NA,NA,NA,NA,NA,NA,NA,NA,NA,NA,NA,NA,NA,NA
"2024-09-02","normal",0,NA,0,NA,NA,NA,NA,NA,NA,NA,NA,NA,NA,NA,NA,NA,NA,NA,NA,NA,NA,NA,NA,NA,NA,NA,NA,NA
"2024-09-03",NA,0,0,NA,0,0,0,0,0,0,0,0,0,100,58.53,1052,313.8,45.64,14.67,0.933,0,25.83,14.51,21.09,14.94,154.8,52.39,0.532,5.675
"2024-09-04",NA,0,0,NA,0,0,0,0,0,0,0,0,0,100,42.35,885,331.7,42.71,15.52,1.005,0,27.26,14.09,21.2,14.49,173,70.17,0.848,6.875
"2024-09-05",NA,0,0,NA,0,0,0,0,0,0,0,0,0,100,31.46,870,319,40.78,13.83,0.902,0,32,16.09,23.28,16.29,178.7,81.1,0.585,5.75
"2024-09-06",NA,0,0,NA,0,0,0,0,0,0,0,0,0,100,54.8,1011,308.6,42.71,13.95,0.862,0,28.13,17.8,22.42,18.18,139.6,14.14,0.431,2.75
"2024-09-07",NA,0,0,NA,0,0,0,0,0,0,0,0,0,100,52.09,1010,296.7,40.48,12.89,0.817,0,29.08,16.76,23.54,17.41,131.4,51.46,0.572,4.85
"2024-09-08",NA,0,0,NA,0,0,0,0,0,0,0,0,0,99.3,34.08,826,309.3,37.65,13.76,0.889,0,33,18.09,24.11,17.81,156,53.74,0.5,5.9
"2024-09-09",NA,0,0,NA,0,0,0,0,0,0,0,0,0,100,70.61,471.5,88.9,22.57,4.869,0.081,1.778,19.81,13.73,16.7,14.77,149.2,19.37,0.644,4.325
"2024-09-10",NA,0,0,NA,0,0,0,0,0,0,0,0,0,95.9,78.59,347.1,90.9,18.93,5.179,0.178,0,19.48,16.76,18.32,17.26,161.7,10.35,0.426,0.725
"2024-09-11",NA,0,0,NA,0,0,0,0,0,0,0,0,0,98.3,65.98,1105,254.9,42.4,11.87,0.647,0,26.22,16.38,21.23,17.13,148.4,46.34,0.495,4.25
"2024-09-12",NA,0,0,NA,0,0,0,0,0,0,0,0,0,96.6,63.99,1010,270.3,39.06,11.68,0.744,0,27.91,20.28,23.9,19.68,120.8,42.28,0.822,6.875
"2024-09-13",NA,0,0,NA,0,0,0,0,0,0,0,0,0,97.4,60.56,809,299,36.03,12.97,0.823,0,29.77,21.47,25.28,21.19,126.7,48.96,0.673,6.275
"2024-09-14",NA,0,0,NA,0,0,0,0,0,0,0,0,0,97.9,64.4,969,266.5,39.27,11.65,0.726,0,27.36,19.09,23.57,19.99,148.6,12.41,0.459,3.2
"2024-09-15",NA,0,0,NA,0,0,0,0,0,0,0,0,0,99.6,71.92,816,141.5,24.49,5.804,0.348,0,24.88,18.46,22.15,19.22,143.8,16.51,0.425,0.875
"2024-09-16",NA,0,0,NA,0,0,0,0,0,0,0,0,0,100,72.55,817,152.8,30.76,7.129,0.431,0,26.66,19.01,22.99,19.56,142.6,11.74,0.425,1.1
"2024-09-17",NA,0,0,NA,0,0,0,0,0,0,0,0,0,100,72.84,921,225.6,32.18,9.28,0.544,0,27.4,19.9,24.19,20.48,131.1,28.85,0.426,1.1
"2024-09-18",NA,0,0,NA,0,0,0,0,0,0,0,0,0,100,45.52,732.9,266.4,27.52,9.52,0.603,0,34.1,21.17,26.87,22.09,143.7,45.61,0.445,4.25
"2024-09-19",NA,0,0,NA,0,0,0,0,0,0,0,0,0,99.9,71.04,846,163.6,34.51,7.527,0.426,0.508,25.86,17.51,21.92,17.86,148.4,13.6,1.264,7.4
"2024-09-20",NA,0,0,NA,0,0,0,0,0,0,0,0,0,100,78.16,281.1,48.16,16.7,3.02,0.171,63.25,17.5,12.95,15.8,13.62,154.7,19.69,1.201,5.75
"2024-09-21",NA,1,0,NA,0,0,0,0,1,0,0,0,0,100,100,322.4,41.19,18.93,2.727,0.14,80.5,13.85,12.04,13.57,12.68,155.9,16.51,1.542,5.075
"2024-09-22",NA,0,0,NA,0,0,0,0,0,0,0,0,0,100,54.14,1228,247.8,55.66,12.27,0.75,0.508,22.39,11.83,16.3,11.83,155.3,13.03,1.073,5.375
"2024-09-23",NA,0,0,NA,0,0,0,0,0,0,0,0,0,97.1,44.68,1245,302,52.42,14.45,0.96,0,23.71,9.71,17.4,9.9,139.5,22.57,0.484,5.375
"2024-09-24",NA,0,0,NA,0,0,0,0,0,0,0,0,0,95.4,83.4,0,0,0,0,0,0,20.58,17.78,18.83,17.83,198.1,67.78,0.428,2.15
"2024-09-25",NA,0,0,NA,0,0,0,0,0,0,0,0,0,100,45.91,909,345.3,43.92,16.31,1.081,0,30.67,16.75,23.45,16.86,154.7,53.49,0.477,4.925
"2024-09-26",NA,0,0,NA,0,0,0,0,0,0,0,0,0,100,31.59,917,328.7,41.29,14.52,0.903,0,36.7,15.46,25.16,16.49,166.1,43.62,0.827,6.2
"2024-09-27",NA,0,0,NA,0,0,0,0,0,0,0,0,0,97.1,51.7,947,354.4,45.24,16.55,1.097,0,27.48,15.5,22.01,16.9,149.7,17.38,0.465,5.525
"2024-09-28",NA,0,0,NA,0,0,0,0,0,0,0,0,0,100,55.95,944,312.2,45.03,14.85,0.969,0,27.16,12.13,22.2,13.76,137.4,45.14,0.514,4.7
"2024-09-29",NA,0,0,NA,0,0,0,0,0,0,0,0,0,100,50.27,934,301.6,37.95,12.78,0.81,2.794,33.54,18.54,25.45,19.06,146.9,48.8,0.571,5.75
"2024-09-30",NA,0,0,NA,0,0,0,0,0,0,0,0,0,99.9,77.39,878,119.9,37.34,6.344,0.366,6.858,21.79,15.2,18.76,15.98,151.3,15.32,0.738,5.45
"2024-10-01",NA,0,0,NA,0,0,0,0,0,0,0,0,0,100,38.99,1233,374.9,55.96,18.15,1.197,0,23.05,12.1,18.25,13.41,152.7,12.98,0.621,5.225
"2024-10-02",NA,0,0,NA,0,0,0,0,0,0,0,0,0,97.1,65.22,922,172.9,45.44,9.1,0.638,1.27,21.7,11.84,17.69,13.02,155.9,14,0.439,3.5
"2024-10-03",NA,0,0,NA,0,0,0,0,0,0,0,0,0,95.1,85.1,0,0,0,0,0,0,16.67,13.87,15.88,15.23,160.8,16.13,0.425,0.425
"2024-10-04",NA,0,0,NA,0,0,0,0,0,0,0,0,0,98.8,37.13,1105,381,52.83,18.54,1.237,0,24.97,12.3,19.54,13.82,149.5,12.23,0.433,3.65
"2024-10-05",NA,0,0,NA,0,0,0,0,0,0,0,0,0,100,45.69,1263,354.7,56.87,17.01,1.14,0,26.61,11.56,20.95,13.33,152.4,45.89,0.641,5.9
"2024-10-06",NA,0,0,NA,0,0,0,0,0,0,0,0,0,100,45.41,1013,385.1,50.19,18.71,1.273,0,29.26,12.12,22.19,13.32,170.6,52.04,0.988,6.95
"2024-10-07",NA,0,0,NA,0,0,0,0,0,0,0,0,0,100,47.79,1113,358.8,46.55,16.33,1.097,0,29.62,16.16,22.35,15.96,168.4,42.87,0.814,8.22
"2024-10-08",NA,0,0,NA,0,0,0,0,0,0,0,0,0,97.4,66.96,1239,243.2,49.49,11.92,0.765,0,26.76,18.31,22.76,18.43,151.2,13.53,0.442,4.1
"2024-10-09",NA,0,0,NA,0,0,0,0,0,0,0,0,0,100,61.92,1207,307.8,56.17,15.29,0.882,2.794,28.1,17.38,23.03,17.48,153.3,37.66,0.521,5.975
"2024-10-10",NA,0,0,NA,0,0,0,0,0,0,0,0,0,100,52.06,1114,364.9,50.7,17.38,1.172,0,29.63,17.8,24.6,18.89,152.5,44.01,0.83,6.575
"2024-10-11",NA,0,0,NA,0,0,0,0,0,0,0,0,0,100,50.95,965,369.9,47.46,17.7,1.202,0,30.45,16.04,24.73,17.64,157.5,36.63,0.816,6.8
"2024-10-12",NA,0,0,NA,0,0,0,0,0,0,0,0,0,100,66.56,1203,316.6,51.31,14.58,0.9,0,28.23,18.67,24.58,19.67,141.3,14.32,0.452,4.1
"2024-10-13",NA,0,0,NA,0,0,0,0,0,0,0,0,0,100,59.08,968,367,46.96,17.5,1.19,0,30.26,16.63,25.8,18.05,137.3,33.01,0.622,6.125
"2024-10-14",NA,0,0,NA,0,0,0,0,0,0,0,0,0,100,62.88,1145,349.1,47.16,16.59,0.976,0,30.39,19.28,25.14,19.28,151.4,39.02,0.666,6.2
"2024-10-15",NA,0,0,NA,0,0,0,0,0,0,0,0,0,99.3,60.97,806,165.5,44.22,9.49,0.586,3.556,21.53,15.03,18.67,15.74,153.7,14.23,0.717,6.5
"2024-10-16",NA,0,0,NA,0,0,0,0,0,0,0,0,0,98.8,51.69,1399,361.9,64.87,17.96,1.146,0.254,23.57,11.46,18.43,13.12,145.8,18.44,0.439,3.275
"2024-10-17",NA,0,0,NA,0,0,0,0,0,0,0,0,0,99.3,47.16,1423,400.8,64.67,19.61,1.35,0,26.28,10.24,21.59,11.93,144.4,39.06,0.952,6.5
"2024-10-18",NA,0,0,NA,0,0,0,0,0,0,0,0,0,97.4,57.41,1297,353.7,58.7,16.92,1.154,0,26.22,15.33,22.94,16.11,151.6,48.48,0.912,7.55
"2024-10-19",NA,0,0,NA,0,0,0,0,0,0,0,0,0,100,65.54,1334,326.9,59.71,15.47,0.985,0,26.95,17.85,23.42,18.37,137.8,10.34,0.503,4.925
"2024-10-20",NA,0,0,NA,0,0,0,0,0,0,0,0,0,100,67.58,1053,149.8,43.01,8.27,0.476,2.794,26.5,18.43,22.56,19.27,142.8,14.76,0.425,0.425
"2024-10-21",NA,0,0,NA,0,0,0,0,0,0,0,0,0,100,69.2,1306,191.7,55.76,10.26,0.603,2.032,26.96,18.31,22.65,18.89,136.2,32.7,0.44,3.35
"2024-10-22",NA,0,0,NA,0,0,0,0,0,0,0,0,0,100,53.62,1317,274,58.7,13.64,0.768,2.794,30.17,18.49,24.2,19.2,151.4,36.21,0.671,6.5
"2024-10-23",NA,0,0,NA,0,0,0,0,0,0,0,0,0,100,63.73,1311,217.3,60.31,11.62,0.775,2.794,26.66,17.89,22.35,18.46,146.3,9.98,0.516,3.95
"2024-10-24","normal",0,NA,0,NA,NA,NA,NA,NA,NA,NA,NA,NA,NA,3.568,NA,NA,NA,NA,NA,NA,NA,NA,NA,NA,NA,NA,NA,NA
"2024-10-25",NA,2,0,NA,0,1,0,0,1,0,0,0,0,89.3,85,0,0,0,0,0,0,22.85,21.88,23.08,22.69,143.4,7.421,0.426,0.8
"2024-10-26",NA,0,0,NA,0,0,0,0,0,0,0,0,0,100,80.1,560.4,103.4,26.62,6.267,0.397,0.762,23.63,19.38,22.24,20.54,154.9,9.74,0.426,0.95
"2024-10-27",NA,0,0,NA,0,0,0,0,0,0,0,0,0,99.5,62.5,1332,281.3,57.68,13.92,0.819,0.508,31.02,19.46,25.45,20.4,151.4,37.68,0.878,7.475
"2024-10-28",NA,0,0,NA,0,0,0,0,0,0,0,0,0,100,38.05,1065,364.1,48.78,16.99,1.068,11.43,37.57,22.67,28.32,21.68,154.9,33.02,0.69,6.65
"2024-10-29",NA,0,0,NA,0,0,0,0,0,0,0,0,0,100,61.21,1324,271.6,58.9,13.37,0.875,0,27.76,19.53,23.81,20.48,145.3,10.6,0.477,3.575
"2024-10-30",NA,0,0,NA,0,0,0,0,0,0,0,0,0,96.7,54.32,1226,401.7,58.29,19.78,1.365,0,28.01,17.33,24.27,18,141.3,10.42,0.55,4.85
"2024-10-31",NA,0,0,NA,0,0,0,0,0,0,0,0,0,95.5,52.76,1409,348.1,64.06,17.03,1.07,0,27.57,17.63,23.79,19.56,143.6,11.21,0.459,3.875
"2024-11-01",NA,0,0,NA,0,0,0,0,0,0,0,0,0,97,57.67,1325,361.3,58.29,17.11,1.201,0,27.86,17.16,25.81,18.54,126.7,29.57,0.605,6.05
"2024-11-02",NA,0,0,NA,0,0,0,0,0,0,0,0,0,100,51.79,1027,392.1,51.31,18.86,1.331,0,32.46,18.02,27.28,19.61,113.8,41.89,0.925,7.55
"2024-11-03",NA,0,0,NA,0,0,0,0,0,0,0,0,0,98.4,51.92,1041,398.4,52.22,19.41,1.36,0,33.12,21.33,28.5,21.75,116.6,42.34,0.772,6.575
"2024-11-04",NA,0,0,NA,0,0,0,0,0,0,0,0,0,99,43.05,1044,403,51.81,19.47,1.36,0,36.12,19.65,29.24,20.97,121.4,40.75,0.694,5.825
"2024-11-05",NA,0,0,NA,0,0,0,0,0,0,0,0,0,98.8,62,1413,292.9,65.68,14.73,0.921,3.81,28.89,17.65,25.07,19.13,125.8,22.94,0.611,3.5
"2024-11-06",NA,0,0,NA,0,0,0,0,0,0,0,0,0,98.7,55.51,1380,270.6,62.95,14.41,0.851,0,25.49,17.36,21.65,17.85,130.4,17.24,0.546,4.925
"2024-11-07",NA,0,0,NA,0,0,0,0,0,0,0,0,0,100,72.14,525.4,126.3,31.27,7.855,0.444,0.254,23.42,17.6,20.31,18.5,139.7,15.85,0.429,2.225
"2024-11-08",NA,0,0,NA,0,0,0,0,0,0,0,0,0,100,66.16,1372,223.4,70.33,12.08,0.699,0.508,26.22,17.34,22.9,18.18,120.3,38.62,0.477,5.45
"2024-11-09",NA,0,0,NA,0,0,0,0,0,0,0,0,0,95.7,61.45,1167,250.4,52.02,13.27,0.835,0,30.46,21.56,26.32,22.15,109.7,47.99,0.607,5.075
"2024-11-10",NA,0,0,NA,0,0,0,0,0,0,0,0,0,100,84.2,744,109.8,35.12,6.891,0.449,18.29,24.7,19.54,23.44,20.62,130.9,11.22,0.427,1.7
"2024-11-11","normal",0,NA,0,NA,NA,NA,NA,NA,0,0,0,0,NA,NA,399.7,94.3,25.4,6.347,0.443,5.08,NA,NA,22.76,21.43,139,13.82,0.532,3.5
"2024-11-12",NA,0,0,NA,0,0,0,0,0,0,0,0,0,100,84.8,360.9,91.3,23.48,6.204,0.418,6.858,23.97,20.05,22.43,20.74,137.5,17.67,0.425,0.65
"2024-11-13",NA,0,0,NA,0,0,0,0,0,0,0,0,0,93.6,84.8,0,0,0,0,0,0,21.11,18.63,20.64,19.49,136.1,9.66,0.437,1.55
"2024-11-14",NA,0,0,NA,0,0,0,0,0,0,0,0,0,99.6,55.61,1511,328.4,71.24,17.01,1.083,1.27,26.88,18.27,22.75,19,135.3,9.82,0.472,4.175
"2024-11-15",NA,0,0,NA,0,0,0,0,0,0,0,0,0,100,59.33,1430,302.2,63.96,15.51,1.05,0.508,27.58,17.15,23.67,18.68,128.1,27.58,0.55,4.775
"2024-11-16",NA,0,0,NA,0,0,0,0,0,0,0,0,0,100,55.86,1219,414.4,56.06,20.39,1.45,0,31.1,16.42,25.73,17.85,154.7,42.28,0.68,6.125
"2024-11-17",NA,0,0,NA,0,0,0,0,0,0,0,0,0,100,65.65,1403,312.1,63.35,15.84,1.089,0,31.02,19.1,26.35,20.03,129.6,28.89,0.468,3.875
"2024-11-18",NA,0,0,NA,0,0,0,0,0,0,0,0,0,100,50.9,1129,410.4,54.14,20.24,1.442,0,35.06,20.97,29.06,22.25,129.2,40.58,0.589,4.475
"2024-11-19",NA,0,0,NA,0,0,0,0,0,0,0,0,0,97.8,58.58,1538,322.3,71.75,16.9,1.094,0,32.79,22.33,27.54,23.78,124.7,10.88,0.503,3.65
"2024-11-20",NA,0,0,NA,0,0,0,0,0,0,0,0,0,99.2,60.34,1431,365,67.4,18.26,1.175,0,31.27,20.47,27.33,22.04,120.5,21.92,0.528,4.55
"2024-11-21",NA,0,0,NA,0,0,0,0,0,0,0,0,0,98.2,61.51,704.8,146.7,32.29,7.299,0.126,0,29.68,22.07,26.65,23.53,123,43.34,0.635,4.7
"2024-11-22",NA,0,0,NA,0,0,0,0,0,0,0,0,0,100,61.54,1285,334.8,61.23,16.94,1.063,0,31.98,20.81,28.26,22.41,119,41.53,0.6,5.075
"2024-11-23",NA,0,0,NA,0,0,0,0,0,0,0,0,0,99.2,57.44,1379,380.8,63.65,18.84,1.293,0,34.08,23.27,29.38,23.8,120.9,42.77,0.538,5.15
"2024-11-24",NA,0,0,NA,0,0,0,0,0,0,0,0,0,100,59.65,804,251.8,40.08,11.96,0.254,0,31.28,21.32,27.55,22.65,82.9,23.62,0.829,5
"2024-11-25",NA,0,0,NA,0,0,0,0,0,0,0,0,0,100,48.4,1083,417.8,55.36,20.9,1.499,0,35.01,19.7,28.99,21.43,97,68.01,1.049,6.5
"2024-11-26",NA,0,0,NA,0,0,0,0,0,0,0,0,0,99.9,45.17,1089,421.2,55.05,20.85,1.516,0,35.25,22.7,29.83,23.11,91.4,78.06,1.207,6.2
"2024-11-27",NA,0,0,NA,0,0,0,0,0,0,0,0,0,100,44.06,1347,230.3,60.11,11.71,0.624,28.7,37.12,18.74,26.24,19.62,122,70.61,0.608,5.45
"2024-11-28",NA,0,0,NA,0,0,0,0,0,0,0,0,0,100,49.57,1483,415.3,69.12,20.86,1.444,1.016,28.67,18.11,23.54,18.79,129.1,20.74,0.726,5.9
"2024-11-29",NA,0,0,NA,0,0,0,0,0,0,0,0,0,84.6,44.93,1146,430.9,58.09,21.43,1.569,0,28.58,17.98,24.21,18.85,130.4,32.24,0.736,6.8
"2024-11-30",NA,0,0,NA,0,0,0,0,0,0,0,0,0,98.3,58.08,1548,364,70.64,17.71,1.227,0,27.67,16.22,24.6,18.56,82.3,68.19,0.519,4.175
"2024-12-01",NA,0,0,NA,0,0,0,0,0,0,0,0,0,99.8,62.17,1505,293.4,69.73,14.67,0.954,0,28.69,16.69,25.15,18.97,49.13,30.69,0.638,5.075
"2024-12-02",NA,0,0,NA,0,0,0,0,0,0,0,0,0,99.1,46.12,1307,406.9,59.91,19.99,1.267,8.64,31.12,19.26,27.44,21.01,11.74,60.18,0.742,5.225
"2024-12-03",NA,0,0,NA,0,0,0,0,0,0,0,0,0,100,59.96,1257,406.2,57.08,19.86,1.376,0,31.48,21.5,28.4,22.89,95.3,62.05,0.716,5
"2024-12-04",NA,0,0,NA,0,0,0,0,0,0,0,0,0,100,61.26,1302,392.7,58.59,19.06,1.327,0,32.24,22.84,29.76,24.73,96.2,45.54,0.464,3.35
"2024-12-05",NA,0,0,NA,0,0,0,0,0,0,0,0,0,100,31.47,1070,412.3,53.03,20.15,1.231,0,37.56,23.3,30.61,25.41,95.4,85.9,0.79,5.6
"2024-12-06",NA,0,0,NA,0,0,0,0,0,0,0,0,0,94.8,61.11,1338,387,62.24,19.09,1.293,0,32.32,23.61,29.83,24.86,121.4,36.72,0.428,3.5
"2024-12-07",NA,0,0,NA,0,0,0,0,0,0,0,0,0,95,46.65,1285,378.2,59.2,19.13,1.311,0,30.86,21.67,28.88,24.51,127.9,35.92,0.435,4.325
"2024-12-08",NA,0,0,NA,0,0,0,0,0,0,0,0,0,98.2,63.04,1410,325.7,62.34,16.33,1.096,0,31.13,20.11,30.48,22.89,36.21,27.23,0.539,6.35
"2024-12-09","normal",0,0,0,0,NA,0,0,0,0,0,0,0,100,71.41,1486,296.4,66.18,14.83,0.862,3.048,31.6,25.13,NA,NA,48.29,54.78,0.656,4.55
"2024-12-10","normal",0,0,0,0,NA,0,0,0,0,0,0,0,99.2,65.25,1061,412,53.84,20.35,1.458,0,34.03,24,NA,NA,80.3,56.75,1.155,6.2
"2024-12-11",NA,0,0,NA,0,0,0,0,0,0,0,0,0,100,55.85,1066,412.3,55.05,20.85,1.513,0,33.97,22.23,30.71,23.6,94,51.07,1.192,6.275
"2024-12-12",NA,0,0,NA,0,0,0,0,0,0,0,0,0,97.8,52.09,1103,413.1,54.85,20.62,1.457,0.508,35.81,22.98,30.7,23.76,84.2,72.54,1.416,6.425
"2024-12-13",NA,0,0,NA,0,0,0,0,0,0,0,0,0,99.2,59.4,1214,403.8,59.5,20.3,1.34,0.762,34.75,22.05,29.84,23.05,112.8,38.19,1.06,5.45
"2024-12-14",NA,0,0,NA,0,0,0,0,0,0,0,0,0,99.1,57.62,1471,317.8,71.55,16.55,1.157,2.032,29.09,21.32,26.61,22.11,103.3,22.37,0.941,5.075
